id,prompt,color,estilo,elemento,posicion
1,"Diseño de camiseta: gráfico de montaña, color negro, estilo minimalista, posición centrado",negro,minimalista,montaña,centrado
2,"Quiero una camiseta con diseño de montaña en estilo minimalista, color negro, posición pecho",negro,minimalista,montaña,pecho
3,"Camiseta de color negro, diseño de montaña, estilo minimalista, zona esquina",negro,minimalista,montaña,esquina
4,"Crear camiseta de estilo minimalista con motivo de montaña en color negro, zona espalda",negro,minimalista,montaña,espalda
5,"Necesito una camiseta con gráfico de guitarra en zona centrado, color negro, estilo minimalista",negro,minimalista,guitarra,centrado
6,"Camiseta con estampado de guitarra, color principal negro, estilo visual minimalista, zona pecho",negro,minimalista,guitarra,pecho
7,"Camiseta con estampado de guitarra, color principal negro, estilo visual minimalista, zona esquina",negro,minimalista,guitarra,esquina
8,"Diseñar camiseta: elemento gráfico guitarra, color negro, estilo minimalista, ubicación espalda",negro,minimalista,guitarra,espalda
9,"Crear camiseta de estilo minimalista con motivo de calavera en color negro, zona centrado",negro,minimalista,calavera,centrado
10,"Quiero una camiseta con diseño de calavera en estilo minimalista, color negro, posición pecho",negro,minimalista,calavera,pecho
11,"Diseño de camiseta: gráfico de calavera, color negro, estilo minimalista, posición esquina",negro,minimalista,calavera,esquina
12,"Crear camiseta de estilo minimalista con motivo de calavera en color negro, zona espalda",negro,minimalista,calavera,espalda
13,"Quiero estampado de lobo en zona centrado, color negro, estilo minimalista",negro,minimalista,lobo,centrado
14,"Quiero una camiseta con diseño de lobo en estilo minimalista, color negro, posición pecho",negro,minimalista,lobo,pecho
15,"Camiseta con imagen de lobo, color negro, estilo minimalista, posición esquina",negro,minimalista,lobo,esquina
16,"Diseño para camiseta: lobo en posición espalda, color negro, estilo visual minimalista",negro,minimalista,lobo,espalda
17,"Camiseta de color negro, diseño de águila, estilo minimalista, zona centrado",negro,minimalista,águila,centrado
18,"Camiseta de color negro, diseño de águila, estilo minimalista, zona pecho",negro,minimalista,águila,pecho
19,"Quiero una camiseta con diseño de águila en estilo minimalista, color negro, posición esquina",negro,minimalista,águila,esquina
20,"Camiseta con estampado de águila, color principal negro, estilo visual minimalista, zona espalda",negro,minimalista,águila,espalda
21,"Camiseta con estampado de sol, color principal negro, estilo visual minimalista, zona centrado",negro,minimalista,sol,centrado
22,"Quiero estampado de sol en zona pecho, color negro, estilo minimalista",negro,minimalista,sol,pecho
23,"Camiseta con imagen de sol, color negro, estilo minimalista, posición esquina",negro,minimalista,sol,esquina
24,"Camiseta de color negro, diseño de sol, estilo minimalista, zona espalda",negro,minimalista,sol,espalda
25,"Quiero estampado de árbol en zona centrado, color negro, estilo minimalista",negro,minimalista,árbol,centrado
26,"Camiseta con estampado de árbol, color principal negro, estilo visual minimalista, zona pecho",negro,minimalista,árbol,pecho
27,"Crear camiseta de estilo minimalista con motivo de árbol en color negro, zona esquina",negro,minimalista,árbol,esquina
28,"Diseño de camiseta: gráfico de árbol, color negro, estilo minimalista, posición espalda",negro,minimalista,árbol,espalda
29,"Crear camiseta de estilo minimalista con motivo de automóvil en color negro, zona centrado",negro,minimalista,automóvil,centrado
30,"Quiero estampado de automóvil en zona pecho, color negro, estilo minimalista",negro,minimalista,automóvil,pecho
31,"Diseño para camiseta: automóvil en posición esquina, color negro, estilo visual minimalista",negro,minimalista,automóvil,esquina
32,"Camiseta con estampado de automóvil, color principal negro, estilo visual minimalista, zona espalda",negro,minimalista,automóvil,espalda
33,"Camiseta color negro, estilo minimalista, con estampado de dragón en zona centrado",negro,minimalista,dragón,centrado
34,"Camiseta con imagen de dragón, color negro, estilo minimalista, posición pecho",negro,minimalista,dragón,pecho
35,"Necesito una camiseta con gráfico de dragón en zona esquina, color negro, estilo minimalista",negro,minimalista,dragón,esquina
36,Camiseta de color negro con motivo minimalista de dragón en la zona espalda,negro,minimalista,dragón,espalda
37,"Quiero diseño de texto en camiseta color negro, estilo minimalista, ubicado en centrado",negro,minimalista,texto,centrado
38,"Camiseta de color negro, diseño de texto, estilo minimalista, zona pecho",negro,minimalista,texto,pecho
39,Camiseta de color negro con motivo minimalista de texto en la zona esquina,negro,minimalista,texto,esquina
40,Camiseta de color negro con motivo minimalista de texto en la zona espalda,negro,minimalista,texto,espalda
41,"Diseñar camiseta: elemento gráfico montaña, color negro, estilo vintage, ubicación centrado",negro,vintage,montaña,centrado
42,"Crear camiseta de estilo vintage con motivo de montaña en color negro, zona pecho",negro,vintage,montaña,pecho
43,"Diseño para camiseta: montaña en posición esquina, color negro, estilo visual vintage",negro,vintage,montaña,esquina
44,"Generar camiseta de estilo vintage, color negro, imagen de montaña en zona espalda",negro,vintage,montaña,espalda
45,"Necesito una camiseta con gráfico de guitarra en zona centrado, color negro, estilo vintage",negro,vintage,guitarra,centrado
46,"Diseñar camiseta: elemento gráfico guitarra, color negro, estilo vintage, ubicación pecho",negro,vintage,guitarra,pecho
47,"Camiseta con estampado de guitarra, color principal negro, estilo visual vintage, zona esquina",negro,vintage,guitarra,esquina
48,Camiseta de color negro con motivo vintage de guitarra en la zona espalda,negro,vintage,guitarra,espalda
49,"Generar camiseta de estilo vintage, color negro, imagen de calavera en zona centrado",negro,vintage,calavera,centrado
50,"Quiero una camiseta con diseño de calavera en estilo vintage, color negro, posición pecho",negro,vintage,calavera,pecho
51,"Quiero una camiseta con diseño de calavera en estilo vintage, color negro, posición esquina",negro,vintage,calavera,esquina
52,"Diseño para camiseta: calavera en posición espalda, color negro, estilo visual vintage",negro,vintage,calavera,espalda
53,"Quiero una camiseta con diseño de lobo en estilo vintage, color negro, posición centrado",negro,vintage,lobo,centrado
54,"Generar camiseta de estilo vintage, color negro, imagen de lobo en zona pecho",negro,vintage,lobo,pecho
55,"Quiero diseño de lobo en camiseta color negro, estilo vintage, ubicado en esquina",negro,vintage,lobo,esquina
56,"Generar camiseta de estilo vintage, color negro, imagen de lobo en zona espalda",negro,vintage,lobo,espalda
57,"Camiseta con imagen de águila, color negro, estilo vintage, posición centrado",negro,vintage,águila,centrado
58,"Necesito una camiseta con gráfico de águila en zona pecho, color negro, estilo vintage",negro,vintage,águila,pecho
59,Camiseta de color negro con motivo vintage de águila en la zona esquina,negro,vintage,águila,esquina
60,"Camiseta de color negro, diseño de águila, estilo vintage, zona espalda",negro,vintage,águila,espalda
61,"Crear camiseta de estilo vintage con motivo de sol en color negro, zona centrado",negro,vintage,sol,centrado
62,"Camiseta color negro, estilo vintage, con estampado de sol en zona pecho",negro,vintage,sol,pecho
63,"Quiero estampado de sol en zona esquina, color negro, estilo vintage",negro,vintage,sol,esquina
64,"Quiero una camiseta con diseño de sol en estilo vintage, color negro, posición espalda",negro,vintage,sol,espalda
65,"Diseño para camiseta: árbol en posición centrado, color negro, estilo visual vintage",negro,vintage,árbol,centrado
66,"Quiero una camiseta con diseño de árbol en estilo vintage, color negro, posición pecho",negro,vintage,árbol,pecho
67,"Quiero estampado de árbol en zona esquina, color negro, estilo vintage",negro,vintage,árbol,esquina
68,"Necesito una camiseta con gráfico de árbol en zona espalda, color negro, estilo vintage",negro,vintage,árbol,espalda
69,"Quiero diseño de automóvil en camiseta color negro, estilo vintage, ubicado en centrado",negro,vintage,automóvil,centrado
70,"Diseño de camiseta: gráfico de automóvil, color negro, estilo vintage, posición pecho",negro,vintage,automóvil,pecho
71,"Camiseta con imagen de automóvil, color negro, estilo vintage, posición esquina",negro,vintage,automóvil,esquina
72,"Quiero diseño de automóvil en camiseta color negro, estilo vintage, ubicado en espalda",negro,vintage,automóvil,espalda
73,"Generar camiseta de estilo vintage, color negro, imagen de dragón en zona centrado",negro,vintage,dragón,centrado
74,"Camiseta con imagen de dragón, color negro, estilo vintage, posición pecho",negro,vintage,dragón,pecho
75,"Camiseta con estampado de dragón, color principal negro, estilo visual vintage, zona esquina",negro,vintage,dragón,esquina
76,"Crear camiseta de estilo vintage con motivo de dragón en color negro, zona espalda",negro,vintage,dragón,espalda
77,"Quiero una camiseta con diseño de texto en estilo vintage, color negro, posición centrado",negro,vintage,texto,centrado
78,"Camiseta de color negro, diseño de texto, estilo vintage, zona pecho",negro,vintage,texto,pecho
79,"Diseño de camiseta: gráfico de texto, color negro, estilo vintage, posición esquina",negro,vintage,texto,esquina
80,"Camiseta con estampado de texto, color principal negro, estilo visual vintage, zona espalda",negro,vintage,texto,espalda
81,Camiseta de color negro con motivo urbano de montaña en la zona centrado,negro,urbano,montaña,centrado
82,"Necesito una camiseta con gráfico de montaña en zona pecho, color negro, estilo urbano",negro,urbano,montaña,pecho
83,"Quiero una camiseta con diseño de montaña en estilo urbano, color negro, posición esquina",negro,urbano,montaña,esquina
84,"Quiero diseño de montaña en camiseta color negro, estilo urbano, ubicado en espalda",negro,urbano,montaña,espalda
85,"Camiseta con estampado de guitarra, color principal negro, estilo visual urbano, zona centrado",negro,urbano,guitarra,centrado
86,"Quiero diseño de guitarra en camiseta color negro, estilo urbano, ubicado en pecho",negro,urbano,guitarra,pecho
87,"Quiero una camiseta con diseño de guitarra en estilo urbano, color negro, posición esquina",negro,urbano,guitarra,esquina
88,"Diseño para camiseta: guitarra en posición espalda, color negro, estilo visual urbano",negro,urbano,guitarra,espalda
89,"Necesito una camiseta con gráfico de calavera en zona centrado, color negro, estilo urbano",negro,urbano,calavera,centrado
90,"Camiseta color negro, estilo urbano, con estampado de calavera en zona pecho",negro,urbano,calavera,pecho
91,"Diseño de camiseta: gráfico de calavera, color negro, estilo urbano, posición esquina",negro,urbano,calavera,esquina
92,"Quiero diseño de calavera en camiseta color negro, estilo urbano, ubicado en espalda",negro,urbano,calavera,espalda
93,"Generar camiseta de estilo urbano, color negro, imagen de lobo en zona centrado",negro,urbano,lobo,centrado
94,"Diseñar camiseta: elemento gráfico lobo, color negro, estilo urbano, ubicación pecho",negro,urbano,lobo,pecho
95,"Generar camiseta de estilo urbano, color negro, imagen de lobo en zona esquina",negro,urbano,lobo,esquina
96,"Generar camiseta de estilo urbano, color negro, imagen de lobo en zona espalda",negro,urbano,lobo,espalda
97,"Camiseta con estampado de águila, color principal negro, estilo visual urbano, zona centrado",negro,urbano,águila,centrado
98,"Diseño de camiseta: gráfico de águila, color negro, estilo urbano, posición pecho",negro,urbano,águila,pecho
99,"Necesito una camiseta con gráfico de águila en zona esquina, color negro, estilo urbano",negro,urbano,águila,esquina
100,"Crear camiseta de estilo urbano con motivo de águila en color negro, zona espalda",negro,urbano,águila,espalda
101,"Diseño de camiseta: gráfico de sol, color negro, estilo urbano, posición centrado",negro,urbano,sol,centrado
102,"Diseño de camiseta: gráfico de sol, color negro, estilo urbano, posición pecho",negro,urbano,sol,pecho
103,"Quiero una camiseta con diseño de sol en estilo urbano, color negro, posición esquina",negro,urbano,sol,esquina
104,"Camiseta con imagen de sol, color negro, estilo urbano, posición espalda",negro,urbano,sol,espalda
105,"Diseño de camiseta: gráfico de árbol, color negro, estilo urbano, posición centrado",negro,urbano,árbol,centrado
106,"Diseñar camiseta: elemento gráfico árbol, color negro, estilo urbano, ubicación pecho",negro,urbano,árbol,pecho
107,"Quiero estampado de árbol en zona esquina, color negro, estilo urbano",negro,urbano,árbol,esquina
108,"Crear camiseta de estilo urbano con motivo de árbol en color negro, zona espalda",negro,urbano,árbol,espalda
109,"Camiseta con estampado de automóvil, color principal negro, estilo visual urbano, zona centrado",negro,urbano,automóvil,centrado
110,"Diseñar camiseta: elemento gráfico automóvil, color negro, estilo urbano, ubicación pecho",negro,urbano,automóvil,pecho
111,"Camiseta color negro, estilo urbano, con estampado de automóvil en zona esquina",negro,urbano,automóvil,esquina
112,"Diseño para camiseta: automóvil en posición espalda, color negro, estilo visual urbano",negro,urbano,automóvil,espalda
113,"Necesito una camiseta con gráfico de dragón en zona centrado, color negro, estilo urbano",negro,urbano,dragón,centrado
114,"Diseño de camiseta: gráfico de dragón, color negro, estilo urbano, posición pecho",negro,urbano,dragón,pecho
115,"Crear camiseta de estilo urbano con motivo de dragón en color negro, zona esquina",negro,urbano,dragón,esquina
116,"Quiero estampado de dragón en zona espalda, color negro, estilo urbano",negro,urbano,dragón,espalda
117,"Camiseta con estampado de texto, color principal negro, estilo visual urbano, zona centrado",negro,urbano,texto,centrado
118,"Diseño de camiseta: gráfico de texto, color negro, estilo urbano, posición pecho",negro,urbano,texto,pecho
119,"Generar camiseta de estilo urbano, color negro, imagen de texto en zona esquina",negro,urbano,texto,esquina
120,"Quiero diseño de texto en camiseta color negro, estilo urbano, ubicado en espalda",negro,urbano,texto,espalda
121,Camiseta de color negro con motivo deportivo de montaña en la zona centrado,negro,deportivo,montaña,centrado
122,Camiseta de color negro con motivo deportivo de montaña en la zona pecho,negro,deportivo,montaña,pecho
123,"Camiseta de color negro, diseño de montaña, estilo deportivo, zona esquina",negro,deportivo,montaña,esquina
124,"Camiseta con estampado de montaña, color principal negro, estilo visual deportivo, zona espalda",negro,deportivo,montaña,espalda
125,"Quiero diseño de guitarra en camiseta color negro, estilo deportivo, ubicado en centrado",negro,deportivo,guitarra,centrado
126,"Camiseta de color negro, diseño de guitarra, estilo deportivo, zona pecho",negro,deportivo,guitarra,pecho
127,Camiseta de color negro con motivo deportivo de guitarra en la zona esquina,negro,deportivo,guitarra,esquina
128,"Generar camiseta de estilo deportivo, color negro, imagen de guitarra en zona espalda",negro,deportivo,guitarra,espalda
129,"Diseño para camiseta: calavera en posición centrado, color negro, estilo visual deportivo",negro,deportivo,calavera,centrado
130,"Necesito una camiseta con gráfico de calavera en zona pecho, color negro, estilo deportivo",negro,deportivo,calavera,pecho
131,"Quiero una camiseta con diseño de calavera en estilo deportivo, color negro, posición esquina",negro,deportivo,calavera,esquina
132,"Camiseta con estampado de calavera, color principal negro, estilo visual deportivo, zona espalda",negro,deportivo,calavera,espalda
133,"Camiseta con imagen de lobo, color negro, estilo deportivo, posición centrado",negro,deportivo,lobo,centrado
134,"Crear camiseta de estilo deportivo con motivo de lobo en color negro, zona pecho",negro,deportivo,lobo,pecho
135,"Generar camiseta de estilo deportivo, color negro, imagen de lobo en zona esquina",negro,deportivo,lobo,esquina
136,"Camiseta con estampado de lobo, color principal negro, estilo visual deportivo, zona espalda",negro,deportivo,lobo,espalda
137,"Diseño de camiseta: gráfico de águila, color negro, estilo deportivo, posición centrado",negro,deportivo,águila,centrado
138,"Camiseta color negro, estilo deportivo, con estampado de águila en zona pecho",negro,deportivo,águila,pecho
139,"Diseño para camiseta: águila en posición esquina, color negro, estilo visual deportivo",negro,deportivo,águila,esquina
140,"Diseño de camiseta: gráfico de águila, color negro, estilo deportivo, posición espalda",negro,deportivo,águila,espalda
141,"Camiseta color negro, estilo deportivo, con estampado de sol en zona centrado",negro,deportivo,sol,centrado
142,"Diseñar camiseta: elemento gráfico sol, color negro, estilo deportivo, ubicación pecho",negro,deportivo,sol,pecho
143,"Necesito una camiseta con gráfico de sol en zona esquina, color negro, estilo deportivo",negro,deportivo,sol,esquina
144,"Diseñar camiseta: elemento gráfico sol, color negro, estilo deportivo, ubicación espalda",negro,deportivo,sol,espalda
145,"Camiseta con estampado de árbol, color principal negro, estilo visual deportivo, zona centrado",negro,deportivo,árbol,centrado
146,"Crear camiseta de estilo deportivo con motivo de árbol en color negro, zona pecho",negro,deportivo,árbol,pecho
147,"Quiero estampado de árbol en zona esquina, color negro, estilo deportivo",negro,deportivo,árbol,esquina
148,"Quiero estampado de árbol en zona espalda, color negro, estilo deportivo",negro,deportivo,árbol,espalda
149,"Necesito una camiseta con gráfico de automóvil en zona centrado, color negro, estilo deportivo",negro,deportivo,automóvil,centrado
150,"Crear camiseta de estilo deportivo con motivo de automóvil en color negro, zona pecho",negro,deportivo,automóvil,pecho
151,"Camiseta con imagen de automóvil, color negro, estilo deportivo, posición esquina",negro,deportivo,automóvil,esquina
152,"Diseño para camiseta: automóvil en posición espalda, color negro, estilo visual deportivo",negro,deportivo,automóvil,espalda
153,"Camiseta con imagen de dragón, color negro, estilo deportivo, posición centrado",negro,deportivo,dragón,centrado
154,"Diseño para camiseta: dragón en posición pecho, color negro, estilo visual deportivo",negro,deportivo,dragón,pecho
155,"Generar camiseta de estilo deportivo, color negro, imagen de dragón en zona esquina",negro,deportivo,dragón,esquina
156,"Camiseta con estampado de dragón, color principal negro, estilo visual deportivo, zona espalda",negro,deportivo,dragón,espalda
157,"Diseñar camiseta: elemento gráfico texto, color negro, estilo deportivo, ubicación centrado",negro,deportivo,texto,centrado
158,"Quiero estampado de texto en zona pecho, color negro, estilo deportivo",negro,deportivo,texto,pecho
159,"Camiseta color negro, estilo deportivo, con estampado de texto en zona esquina",negro,deportivo,texto,esquina
160,"Quiero una camiseta con diseño de texto en estilo deportivo, color negro, posición espalda",negro,deportivo,texto,espalda
161,Camiseta de color negro con motivo retro de montaña en la zona centrado,negro,retro,montaña,centrado
162,"Camiseta de color negro, diseño de montaña, estilo retro, zona pecho",negro,retro,montaña,pecho
163,"Quiero diseño de montaña en camiseta color negro, estilo retro, ubicado en esquina",negro,retro,montaña,esquina
164,"Quiero una camiseta con diseño de montaña en estilo retro, color negro, posición espalda",negro,retro,montaña,espalda
165,"Diseñar camiseta: elemento gráfico guitarra, color negro, estilo retro, ubicación centrado",negro,retro,guitarra,centrado
166,"Diseño de camiseta: gráfico de guitarra, color negro, estilo retro, posición pecho",negro,retro,guitarra,pecho
167,"Diseñar camiseta: elemento gráfico guitarra, color negro, estilo retro, ubicación esquina",negro,retro,guitarra,esquina
168,Camiseta de color negro con motivo retro de guitarra en la zona espalda,negro,retro,guitarra,espalda
169,"Diseño de camiseta: gráfico de calavera, color negro, estilo retro, posición centrado",negro,retro,calavera,centrado
170,"Diseño para camiseta: calavera en posición pecho, color negro, estilo visual retro",negro,retro,calavera,pecho
171,"Camiseta con imagen de calavera, color negro, estilo retro, posición esquina",negro,retro,calavera,esquina
172,"Quiero una camiseta con diseño de calavera en estilo retro, color negro, posición espalda",negro,retro,calavera,espalda
173,"Diseño para camiseta: lobo en posición centrado, color negro, estilo visual retro",negro,retro,lobo,centrado
174,"Diseño para camiseta: lobo en posición pecho, color negro, estilo visual retro",negro,retro,lobo,pecho
175,"Camiseta con imagen de lobo, color negro, estilo retro, posición esquina",negro,retro,lobo,esquina
176,"Camiseta color negro, estilo retro, con estampado de lobo en zona espalda",negro,retro,lobo,espalda
177,"Quiero estampado de águila en zona centrado, color negro, estilo retro",negro,retro,águila,centrado
178,"Necesito una camiseta con gráfico de águila en zona pecho, color negro, estilo retro",negro,retro,águila,pecho
179,"Quiero estampado de águila en zona esquina, color negro, estilo retro",negro,retro,águila,esquina
180,"Quiero diseño de águila en camiseta color negro, estilo retro, ubicado en espalda",negro,retro,águila,espalda
181,"Camiseta de color negro, diseño de sol, estilo retro, zona centrado",negro,retro,sol,centrado
182,"Diseño de camiseta: gráfico de sol, color negro, estilo retro, posición pecho",negro,retro,sol,pecho
183,"Crear camiseta de estilo retro con motivo de sol en color negro, zona esquina",negro,retro,sol,esquina
184,"Quiero una camiseta con diseño de sol en estilo retro, color negro, posición espalda",negro,retro,sol,espalda
185,"Diseño de camiseta: gráfico de árbol, color negro, estilo retro, posición centrado",negro,retro,árbol,centrado
186,"Quiero estampado de árbol en zona pecho, color negro, estilo retro",negro,retro,árbol,pecho
187,Camiseta de color negro con motivo retro de árbol en la zona esquina,negro,retro,árbol,esquina
188,"Necesito una camiseta con gráfico de árbol en zona espalda, color negro, estilo retro",negro,retro,árbol,espalda
189,Camiseta de color negro con motivo retro de automóvil en la zona centrado,negro,retro,automóvil,centrado
190,"Diseño de camiseta: gráfico de automóvil, color negro, estilo retro, posición pecho",negro,retro,automóvil,pecho
191,"Generar camiseta de estilo retro, color negro, imagen de automóvil en zona esquina",negro,retro,automóvil,esquina
192,"Quiero una camiseta con diseño de automóvil en estilo retro, color negro, posición espalda",negro,retro,automóvil,espalda
193,"Necesito una camiseta con gráfico de dragón en zona centrado, color negro, estilo retro",negro,retro,dragón,centrado
194,"Diseño para camiseta: dragón en posición pecho, color negro, estilo visual retro",negro,retro,dragón,pecho
195,"Diseñar camiseta: elemento gráfico dragón, color negro, estilo retro, ubicación esquina",negro,retro,dragón,esquina
196,"Camiseta color negro, estilo retro, con estampado de dragón en zona espalda",negro,retro,dragón,espalda
197,"Camiseta de color negro, diseño de texto, estilo retro, zona centrado",negro,retro,texto,centrado
198,"Crear camiseta de estilo retro con motivo de texto en color negro, zona pecho",negro,retro,texto,pecho
199,"Crear camiseta de estilo retro con motivo de texto en color negro, zona esquina",negro,retro,texto,esquina
200,"Necesito una camiseta con gráfico de texto en zona espalda, color negro, estilo retro",negro,retro,texto,espalda
201,"Quiero estampado de montaña en zona centrado, color blanco, estilo minimalista",blanco,minimalista,montaña,centrado
202,Camiseta de color blanco con motivo minimalista de montaña en la zona pecho,blanco,minimalista,montaña,pecho
203,"Diseñar camiseta: elemento gráfico montaña, color blanco, estilo minimalista, ubicación esquina",blanco,minimalista,montaña,esquina
204,"Quiero estampado de montaña en zona espalda, color blanco, estilo minimalista",blanco,minimalista,montaña,espalda
205,"Quiero una camiseta con diseño de guitarra en estilo minimalista, color blanco, posición centrado",blanco,minimalista,guitarra,centrado
206,"Quiero diseño de guitarra en camiseta color blanco, estilo minimalista, ubicado en pecho",blanco,minimalista,guitarra,pecho
207,"Diseño de camiseta: gráfico de guitarra, color blanco, estilo minimalista, posición esquina",blanco,minimalista,guitarra,esquina
208,"Necesito una camiseta con gráfico de guitarra en zona espalda, color blanco, estilo minimalista",blanco,minimalista,guitarra,espalda
209,"Quiero diseño de calavera en camiseta color blanco, estilo minimalista, ubicado en centrado",blanco,minimalista,calavera,centrado
210,"Diseño de camiseta: gráfico de calavera, color blanco, estilo minimalista, posición pecho",blanco,minimalista,calavera,pecho
211,"Quiero estampado de calavera en zona esquina, color blanco, estilo minimalista",blanco,minimalista,calavera,esquina
212,"Camiseta con imagen de calavera, color blanco, estilo minimalista, posición espalda",blanco,minimalista,calavera,espalda
213,"Camiseta con estampado de lobo, color principal blanco, estilo visual minimalista, zona centrado",blanco,minimalista,lobo,centrado
214,"Diseñar camiseta: elemento gráfico lobo, color blanco, estilo minimalista, ubicación pecho",blanco,minimalista,lobo,pecho
215,"Generar camiseta de estilo minimalista, color blanco, imagen de lobo en zona esquina",blanco,minimalista,lobo,esquina
216,Camiseta de color blanco con motivo minimalista de lobo en la zona espalda,blanco,minimalista,lobo,espalda
217,"Diseñar camiseta: elemento gráfico águila, color blanco, estilo minimalista, ubicación centrado",blanco,minimalista,águila,centrado
218,"Quiero estampado de águila en zona pecho, color blanco, estilo minimalista",blanco,minimalista,águila,pecho
219,Camiseta de color blanco con motivo minimalista de águila en la zona esquina,blanco,minimalista,águila,esquina
220,"Quiero estampado de águila en zona espalda, color blanco, estilo minimalista",blanco,minimalista,águila,espalda
221,"Camiseta de color blanco, diseño de sol, estilo minimalista, zona centrado",blanco,minimalista,sol,centrado
222,"Camiseta con imagen de sol, color blanco, estilo minimalista, posición pecho",blanco,minimalista,sol,pecho
223,"Generar camiseta de estilo minimalista, color blanco, imagen de sol en zona esquina",blanco,minimalista,sol,esquina
224,"Camiseta color blanco, estilo minimalista, con estampado de sol en zona espalda",blanco,minimalista,sol,espalda
225,"Camiseta de color blanco, diseño de árbol, estilo minimalista, zona centrado",blanco,minimalista,árbol,centrado
226,"Quiero una camiseta con diseño de árbol en estilo minimalista, color blanco, posición pecho",blanco,minimalista,árbol,pecho
227,"Generar camiseta de estilo minimalista, color blanco, imagen de árbol en zona esquina",blanco,minimalista,árbol,esquina
228,"Quiero diseño de árbol en camiseta color blanco, estilo minimalista, ubicado en espalda",blanco,minimalista,árbol,espalda
229,Camiseta de color blanco con motivo minimalista de automóvil en la zona centrado,blanco,minimalista,automóvil,centrado
230,"Necesito una camiseta con gráfico de automóvil en zona pecho, color blanco, estilo minimalista",blanco,minimalista,automóvil,pecho
231,"Camiseta con estampado de automóvil, color principal blanco, estilo visual minimalista, zona esquina",blanco,minimalista,automóvil,esquina
232,"Camiseta de color blanco, diseño de automóvil, estilo minimalista, zona espalda",blanco,minimalista,automóvil,espalda
233,"Camiseta con estampado de dragón, color principal blanco, estilo visual minimalista, zona centrado",blanco,minimalista,dragón,centrado
234,"Camiseta con imagen de dragón, color blanco, estilo minimalista, posición pecho",blanco,minimalista,dragón,pecho
235,"Quiero una camiseta con diseño de dragón en estilo minimalista, color blanco, posición esquina",blanco,minimalista,dragón,esquina
236,"Quiero una camiseta con diseño de dragón en estilo minimalista, color blanco, posición espalda",blanco,minimalista,dragón,espalda
237,"Crear camiseta de estilo minimalista con motivo de texto en color blanco, zona centrado",blanco,minimalista,texto,centrado
238,"Camiseta color blanco, estilo minimalista, con estampado de texto en zona pecho",blanco,minimalista,texto,pecho
239,"Quiero diseño de texto en camiseta color blanco, estilo minimalista, ubicado en esquina",blanco,minimalista,texto,esquina
240,"Quiero una camiseta con diseño de texto en estilo minimalista, color blanco, posición espalda",blanco,minimalista,texto,espalda
241,Camiseta de color blanco con motivo vintage de montaña en la zona centrado,blanco,vintage,montaña,centrado
242,"Quiero estampado de montaña en zona pecho, color blanco, estilo vintage",blanco,vintage,montaña,pecho
243,Camiseta de color blanco con motivo vintage de montaña en la zona esquina,blanco,vintage,montaña,esquina
244,"Diseñar camiseta: elemento gráfico montaña, color blanco, estilo vintage, ubicación espalda",blanco,vintage,montaña,espalda
245,"Diseñar camiseta: elemento gráfico guitarra, color blanco, estilo vintage, ubicación centrado",blanco,vintage,guitarra,centrado
246,"Diseño de camiseta: gráfico de guitarra, color blanco, estilo vintage, posición pecho",blanco,vintage,guitarra,pecho
247,"Camiseta color blanco, estilo vintage, con estampado de guitarra en zona esquina",blanco,vintage,guitarra,esquina
248,"Quiero estampado de guitarra en zona espalda, color blanco, estilo vintage",blanco,vintage,guitarra,espalda
249,"Diseñar camiseta: elemento gráfico calavera, color blanco, estilo vintage, ubicación centrado",blanco,vintage,calavera,centrado
250,"Necesito una camiseta con gráfico de calavera en zona pecho, color blanco, estilo vintage",blanco,vintage,calavera,pecho
251,"Quiero estampado de calavera en zona esquina, color blanco, estilo vintage",blanco,vintage,calavera,esquina
252,"Quiero diseño de calavera en camiseta color blanco, estilo vintage, ubicado en espalda",blanco,vintage,calavera,espalda
253,"Camiseta con imagen de lobo, color blanco, estilo vintage, posición centrado",blanco,vintage,lobo,centrado
254,"Diseño para camiseta: lobo en posición pecho, color blanco, estilo visual vintage",blanco,vintage,lobo,pecho
255,"Camiseta con estampado de lobo, color principal blanco, estilo visual vintage, zona esquina",blanco,vintage,lobo,esquina
256,"Quiero estampado de lobo en zona espalda, color blanco, estilo vintage",blanco,vintage,lobo,espalda
257,Camiseta de color blanco con motivo vintage de águila en la zona centrado,blanco,vintage,águila,centrado
258,"Crear camiseta de estilo vintage con motivo de águila en color blanco, zona pecho",blanco,vintage,águila,pecho
259,"Crear camiseta de estilo vintage con motivo de águila en color blanco, zona esquina",blanco,vintage,águila,esquina
260,"Camiseta con estampado de águila, color principal blanco, estilo visual vintage, zona espalda",blanco,vintage,águila,espalda
261,"Crear camiseta de estilo vintage con motivo de sol en color blanco, zona centrado",blanco,vintage,sol,centrado
262,"Necesito una camiseta con gráfico de sol en zona pecho, color blanco, estilo vintage",blanco,vintage,sol,pecho
263,"Diseño para camiseta: sol en posición esquina, color blanco, estilo visual vintage",blanco,vintage,sol,esquina
264,"Diseño de camiseta: gráfico de sol, color blanco, estilo vintage, posición espalda",blanco,vintage,sol,espalda
265,"Diseño de camiseta: gráfico de árbol, color blanco, estilo vintage, posición centrado",blanco,vintage,árbol,centrado
266,"Generar camiseta de estilo vintage, color blanco, imagen de árbol en zona pecho",blanco,vintage,árbol,pecho
267,"Camiseta color blanco, estilo vintage, con estampado de árbol en zona esquina",blanco,vintage,árbol,esquina
268,"Quiero estampado de árbol en zona espalda, color blanco, estilo vintage",blanco,vintage,árbol,espalda
269,"Camiseta color blanco, estilo vintage, con estampado de automóvil en zona centrado",blanco,vintage,automóvil,centrado
270,"Quiero una camiseta con diseño de automóvil en estilo vintage, color blanco, posición pecho",blanco,vintage,automóvil,pecho
271,"Camiseta con estampado de automóvil, color principal blanco, estilo visual vintage, zona esquina",blanco,vintage,automóvil,esquina
272,"Camiseta con estampado de automóvil, color principal blanco, estilo visual vintage, zona espalda",blanco,vintage,automóvil,espalda
273,"Quiero una camiseta con diseño de dragón en estilo vintage, color blanco, posición centrado",blanco,vintage,dragón,centrado
274,"Generar camiseta de estilo vintage, color blanco, imagen de dragón en zona pecho",blanco,vintage,dragón,pecho
275,"Camiseta de color blanco, diseño de dragón, estilo vintage, zona esquina",blanco,vintage,dragón,esquina
276,"Camiseta con imagen de dragón, color blanco, estilo vintage, posición espalda",blanco,vintage,dragón,espalda
277,"Quiero estampado de texto en zona centrado, color blanco, estilo vintage",blanco,vintage,texto,centrado
278,"Camiseta con estampado de texto, color principal blanco, estilo visual vintage, zona pecho",blanco,vintage,texto,pecho
279,"Camiseta con imagen de texto, color blanco, estilo vintage, posición esquina",blanco,vintage,texto,esquina
280,"Camiseta con estampado de texto, color principal blanco, estilo visual vintage, zona espalda",blanco,vintage,texto,espalda
281,"Camiseta de color blanco, diseño de montaña, estilo urbano, zona centrado",blanco,urbano,montaña,centrado
282,"Quiero una camiseta con diseño de montaña en estilo urbano, color blanco, posición pecho",blanco,urbano,montaña,pecho
283,"Crear camiseta de estilo urbano con motivo de montaña en color blanco, zona esquina",blanco,urbano,montaña,esquina
284,"Diseño de camiseta: gráfico de montaña, color blanco, estilo urbano, posición espalda",blanco,urbano,montaña,espalda
285,"Camiseta de color blanco, diseño de guitarra, estilo urbano, zona centrado",blanco,urbano,guitarra,centrado
286,"Camiseta con estampado de guitarra, color principal blanco, estilo visual urbano, zona pecho",blanco,urbano,guitarra,pecho
287,"Quiero una camiseta con diseño de guitarra en estilo urbano, color blanco, posición esquina",blanco,urbano,guitarra,esquina
288,"Camiseta de color blanco, diseño de guitarra, estilo urbano, zona espalda",blanco,urbano,guitarra,espalda
289,"Quiero diseño de calavera en camiseta color blanco, estilo urbano, ubicado en centrado",blanco,urbano,calavera,centrado
290,"Generar camiseta de estilo urbano, color blanco, imagen de calavera en zona pecho",blanco,urbano,calavera,pecho
291,"Quiero una camiseta con diseño de calavera en estilo urbano, color blanco, posición esquina",blanco,urbano,calavera,esquina
292,"Quiero estampado de calavera en zona espalda, color blanco, estilo urbano",blanco,urbano,calavera,espalda
293,"Camiseta con estampado de lobo, color principal blanco, estilo visual urbano, zona centrado",blanco,urbano,lobo,centrado
294,"Necesito una camiseta con gráfico de lobo en zona pecho, color blanco, estilo urbano",blanco,urbano,lobo,pecho
295,"Diseño de camiseta: gráfico de lobo, color blanco, estilo urbano, posición esquina",blanco,urbano,lobo,esquina
296,"Camiseta color blanco, estilo urbano, con estampado de lobo en zona espalda",blanco,urbano,lobo,espalda
297,"Camiseta con estampado de águila, color principal blanco, estilo visual urbano, zona centrado",blanco,urbano,águila,centrado
298,"Quiero estampado de águila en zona pecho, color blanco, estilo urbano",blanco,urbano,águila,pecho
299,"Diseñar camiseta: elemento gráfico águila, color blanco, estilo urbano, ubicación esquina",blanco,urbano,águila,esquina
300,"Crear camiseta de estilo urbano con motivo de águila en color blanco, zona espalda",blanco,urbano,águila,espalda
301,"Camiseta con imagen de sol, color blanco, estilo urbano, posición centrado",blanco,urbano,sol,centrado
302,"Camiseta con imagen de sol, color blanco, estilo urbano, posición pecho",blanco,urbano,sol,pecho
303,"Camiseta color blanco, estilo urbano, con estampado de sol en zona esquina",blanco,urbano,sol,esquina
304,"Camiseta con estampado de sol, color principal blanco, estilo visual urbano, zona espalda",blanco,urbano,sol,espalda
305,Camiseta de color blanco con motivo urbano de árbol en la zona centrado,blanco,urbano,árbol,centrado
306,"Camiseta color blanco, estilo urbano, con estampado de árbol en zona pecho",blanco,urbano,árbol,pecho
307,Camiseta de color blanco con motivo urbano de árbol en la zona esquina,blanco,urbano,árbol,esquina
308,"Diseño para camiseta: árbol en posición espalda, color blanco, estilo visual urbano",blanco,urbano,árbol,espalda
309,"Camiseta con estampado de automóvil, color principal blanco, estilo visual urbano, zona centrado",blanco,urbano,automóvil,centrado
310,"Quiero una camiseta con diseño de automóvil en estilo urbano, color blanco, posición pecho",blanco,urbano,automóvil,pecho
311,"Quiero una camiseta con diseño de automóvil en estilo urbano, color blanco, posición esquina",blanco,urbano,automóvil,esquina
312,"Diseño de camiseta: gráfico de automóvil, color blanco, estilo urbano, posición espalda",blanco,urbano,automóvil,espalda
313,"Diseño para camiseta: dragón en posición centrado, color blanco, estilo visual urbano",blanco,urbano,dragón,centrado
314,"Generar camiseta de estilo urbano, color blanco, imagen de dragón en zona pecho",blanco,urbano,dragón,pecho
315,"Diseño para camiseta: dragón en posición esquina, color blanco, estilo visual urbano",blanco,urbano,dragón,esquina
316,"Diseño para camiseta: dragón en posición espalda, color blanco, estilo visual urbano",blanco,urbano,dragón,espalda
317,"Camiseta color blanco, estilo urbano, con estampado de texto en zona centrado",blanco,urbano,texto,centrado
318,"Quiero diseño de texto en camiseta color blanco, estilo urbano, ubicado en pecho",blanco,urbano,texto,pecho
319,"Crear camiseta de estilo urbano con motivo de texto en color blanco, zona esquina",blanco,urbano,texto,esquina
320,"Camiseta de color blanco, diseño de texto, estilo urbano, zona espalda",blanco,urbano,texto,espalda
321,"Diseño de camiseta: gráfico de montaña, color blanco, estilo deportivo, posición centrado",blanco,deportivo,montaña,centrado
322,"Diseño de camiseta: gráfico de montaña, color blanco, estilo deportivo, posición pecho",blanco,deportivo,montaña,pecho
323,"Diseño de camiseta: gráfico de montaña, color blanco, estilo deportivo, posición esquina",blanco,deportivo,montaña,esquina
324,"Quiero una camiseta con diseño de montaña en estilo deportivo, color blanco, posición espalda",blanco,deportivo,montaña,espalda
325,"Camiseta de color blanco, diseño de guitarra, estilo deportivo, zona centrado",blanco,deportivo,guitarra,centrado
326,"Diseño para camiseta: guitarra en posición pecho, color blanco, estilo visual deportivo",blanco,deportivo,guitarra,pecho
327,"Crear camiseta de estilo deportivo con motivo de guitarra en color blanco, zona esquina",blanco,deportivo,guitarra,esquina
328,"Generar camiseta de estilo deportivo, color blanco, imagen de guitarra en zona espalda",blanco,deportivo,guitarra,espalda
329,Camiseta de color blanco con motivo deportivo de calavera en la zona centrado,blanco,deportivo,calavera,centrado
330,"Quiero diseño de calavera en camiseta color blanco, estilo deportivo, ubicado en pecho",blanco,deportivo,calavera,pecho
331,"Quiero una camiseta con diseño de calavera en estilo deportivo, color blanco, posición esquina",blanco,deportivo,calavera,esquina
332,"Camiseta con estampado de calavera, color principal blanco, estilo visual deportivo, zona espalda",blanco,deportivo,calavera,espalda
333,"Camiseta con estampado de lobo, color principal blanco, estilo visual deportivo, zona centrado",blanco,deportivo,lobo,centrado
334,"Camiseta con estampado de lobo, color principal blanco, estilo visual deportivo, zona pecho",blanco,deportivo,lobo,pecho
335,"Quiero estampado de lobo en zona esquina, color blanco, estilo deportivo",blanco,deportivo,lobo,esquina
336,"Camiseta color blanco, estilo deportivo, con estampado de lobo en zona espalda",blanco,deportivo,lobo,espalda
337,"Diseñar camiseta: elemento gráfico águila, color blanco, estilo deportivo, ubicación centrado",blanco,deportivo,águila,centrado
338,"Diseño para camiseta: águila en posición pecho, color blanco, estilo visual deportivo",blanco,deportivo,águila,pecho
339,"Diseñar camiseta: elemento gráfico águila, color blanco, estilo deportivo, ubicación esquina",blanco,deportivo,águila,esquina
340,"Necesito una camiseta con gráfico de águila en zona espalda, color blanco, estilo deportivo",blanco,deportivo,águila,espalda
341,"Camiseta color blanco, estilo deportivo, con estampado de sol en zona centrado",blanco,deportivo,sol,centrado
342,"Camiseta con estampado de sol, color principal blanco, estilo visual deportivo, zona pecho",blanco,deportivo,sol,pecho
343,"Quiero diseño de sol en camiseta color blanco, estilo deportivo, ubicado en esquina",blanco,deportivo,sol,esquina
344,"Quiero una camiseta con diseño de sol en estilo deportivo, color blanco, posición espalda",blanco,deportivo,sol,espalda
345,"Camiseta color blanco, estilo deportivo, con estampado de árbol en zona centrado",blanco,deportivo,árbol,centrado
346,Camiseta de color blanco con motivo deportivo de árbol en la zona pecho,blanco,deportivo,árbol,pecho
347,"Quiero diseño de árbol en camiseta color blanco, estilo deportivo, ubicado en esquina",blanco,deportivo,árbol,esquina
348,"Quiero diseño de árbol en camiseta color blanco, estilo deportivo, ubicado en espalda",blanco,deportivo,árbol,espalda
349,"Quiero estampado de automóvil en zona centrado, color blanco, estilo deportivo",blanco,deportivo,automóvil,centrado
350,"Quiero una camiseta con diseño de automóvil en estilo deportivo, color blanco, posición pecho",blanco,deportivo,automóvil,pecho
351,"Camiseta de color blanco, diseño de automóvil, estilo deportivo, zona esquina",blanco,deportivo,automóvil,esquina
352,"Diseño de camiseta: gráfico de automóvil, color blanco, estilo deportivo, posición espalda",blanco,deportivo,automóvil,espalda
353,"Quiero estampado de dragón en zona centrado, color blanco, estilo deportivo",blanco,deportivo,dragón,centrado
354,"Quiero diseño de dragón en camiseta color blanco, estilo deportivo, ubicado en pecho",blanco,deportivo,dragón,pecho
355,"Camiseta de color blanco, diseño de dragón, estilo deportivo, zona esquina",blanco,deportivo,dragón,esquina
356,"Quiero una camiseta con diseño de dragón en estilo deportivo, color blanco, posición espalda",blanco,deportivo,dragón,espalda
357,Camiseta de color blanco con motivo deportivo de texto en la zona centrado,blanco,deportivo,texto,centrado
358,"Quiero diseño de texto en camiseta color blanco, estilo deportivo, ubicado en pecho",blanco,deportivo,texto,pecho
359,"Camiseta con estampado de texto, color principal blanco, estilo visual deportivo, zona esquina",blanco,deportivo,texto,esquina
360,"Diseñar camiseta: elemento gráfico texto, color blanco, estilo deportivo, ubicación espalda",blanco,deportivo,texto,espalda
361,"Diseño para camiseta: montaña en posición centrado, color blanco, estilo visual retro",blanco,retro,montaña,centrado
362,"Camiseta color blanco, estilo retro, con estampado de montaña en zona pecho",blanco,retro,montaña,pecho
363,"Camiseta color blanco, estilo retro, con estampado de montaña en zona esquina",blanco,retro,montaña,esquina
364,"Camiseta con estampado de montaña, color principal blanco, estilo visual retro, zona espalda",blanco,retro,montaña,espalda
365,"Quiero diseño de guitarra en camiseta color blanco, estilo retro, ubicado en centrado",blanco,retro,guitarra,centrado
366,"Diseño para camiseta: guitarra en posición pecho, color blanco, estilo visual retro",blanco,retro,guitarra,pecho
367,"Camiseta de color blanco, diseño de guitarra, estilo retro, zona esquina",blanco,retro,guitarra,esquina
368,"Diseñar camiseta: elemento gráfico guitarra, color blanco, estilo retro, ubicación espalda",blanco,retro,guitarra,espalda
369,"Diseño para camiseta: calavera en posición centrado, color blanco, estilo visual retro",blanco,retro,calavera,centrado
370,"Camiseta de color blanco, diseño de calavera, estilo retro, zona pecho",blanco,retro,calavera,pecho
371,"Diseño para camiseta: calavera en posición esquina, color blanco, estilo visual retro",blanco,retro,calavera,esquina
372,"Necesito una camiseta con gráfico de calavera en zona espalda, color blanco, estilo retro",blanco,retro,calavera,espalda
373,Camiseta de color blanco con motivo retro de lobo en la zona centrado,blanco,retro,lobo,centrado
374,Camiseta de color blanco con motivo retro de lobo en la zona pecho,blanco,retro,lobo,pecho
375,"Camiseta color blanco, estilo retro, con estampado de lobo en zona esquina",blanco,retro,lobo,esquina
376,"Necesito una camiseta con gráfico de lobo en zona espalda, color blanco, estilo retro",blanco,retro,lobo,espalda
377,"Diseño para camiseta: águila en posición centrado, color blanco, estilo visual retro",blanco,retro,águila,centrado
378,"Crear camiseta de estilo retro con motivo de águila en color blanco, zona pecho",blanco,retro,águila,pecho
379,"Crear camiseta de estilo retro con motivo de águila en color blanco, zona esquina",blanco,retro,águila,esquina
380,Camiseta de color blanco con motivo retro de águila en la zona espalda,blanco,retro,águila,espalda
381,"Quiero estampado de sol en zona centrado, color blanco, estilo retro",blanco,retro,sol,centrado
382,"Diseño de camiseta: gráfico de sol, color blanco, estilo retro, posición pecho",blanco,retro,sol,pecho
383,"Crear camiseta de estilo retro con motivo de sol en color blanco, zona esquina",blanco,retro,sol,esquina
384,"Camiseta color blanco, estilo retro, con estampado de sol en zona espalda",blanco,retro,sol,espalda
385,"Diseñar camiseta: elemento gráfico árbol, color blanco, estilo retro, ubicación centrado",blanco,retro,árbol,centrado
386,"Camiseta con estampado de árbol, color principal blanco, estilo visual retro, zona pecho",blanco,retro,árbol,pecho
387,"Necesito una camiseta con gráfico de árbol en zona esquina, color blanco, estilo retro",blanco,retro,árbol,esquina
388,"Camiseta con estampado de árbol, color principal blanco, estilo visual retro, zona espalda",blanco,retro,árbol,espalda
389,"Camiseta de color blanco, diseño de automóvil, estilo retro, zona centrado",blanco,retro,automóvil,centrado
390,"Camiseta con imagen de automóvil, color blanco, estilo retro, posición pecho",blanco,retro,automóvil,pecho
391,"Crear camiseta de estilo retro con motivo de automóvil en color blanco, zona esquina",blanco,retro,automóvil,esquina
392,"Quiero estampado de automóvil en zona espalda, color blanco, estilo retro",blanco,retro,automóvil,espalda
393,"Camiseta de color blanco, diseño de dragón, estilo retro, zona centrado",blanco,retro,dragón,centrado
394,"Crear camiseta de estilo retro con motivo de dragón en color blanco, zona pecho",blanco,retro,dragón,pecho
395,"Generar camiseta de estilo retro, color blanco, imagen de dragón en zona esquina",blanco,retro,dragón,esquina
396,"Camiseta de color blanco, diseño de dragón, estilo retro, zona espalda",blanco,retro,dragón,espalda
397,"Camiseta de color blanco, diseño de texto, estilo retro, zona centrado",blanco,retro,texto,centrado
398,"Camiseta con imagen de texto, color blanco, estilo retro, posición pecho",blanco,retro,texto,pecho
399,"Camiseta color blanco, estilo retro, con estampado de texto en zona esquina",blanco,retro,texto,esquina
400,"Quiero estampado de texto en zona espalda, color blanco, estilo retro",blanco,retro,texto,espalda
401,"Quiero diseño de montaña en camiseta color rojo, estilo minimalista, ubicado en centrado",rojo,minimalista,montaña,centrado
402,"Quiero estampado de montaña en zona pecho, color rojo, estilo minimalista",rojo,minimalista,montaña,pecho
403,"Diseñar camiseta: elemento gráfico montaña, color rojo, estilo minimalista, ubicación esquina",rojo,minimalista,montaña,esquina
404,"Camiseta de color rojo, diseño de montaña, estilo minimalista, zona espalda",rojo,minimalista,montaña,espalda
405,"Quiero estampado de guitarra en zona centrado, color rojo, estilo minimalista",rojo,minimalista,guitarra,centrado
406,"Quiero una camiseta con diseño de guitarra en estilo minimalista, color rojo, posición pecho",rojo,minimalista,guitarra,pecho
407,"Quiero diseño de guitarra en camiseta color rojo, estilo minimalista, ubicado en esquina",rojo,minimalista,guitarra,esquina
408,"Diseñar camiseta: elemento gráfico guitarra, color rojo, estilo minimalista, ubicación espalda",rojo,minimalista,guitarra,espalda
409,"Quiero una camiseta con diseño de calavera en estilo minimalista, color rojo, posición centrado",rojo,minimalista,calavera,centrado
410,"Camiseta con imagen de calavera, color rojo, estilo minimalista, posición pecho",rojo,minimalista,calavera,pecho
411,"Quiero una camiseta con diseño de calavera en estilo minimalista, color rojo, posición esquina",rojo,minimalista,calavera,esquina
412,"Diseño de camiseta: gráfico de calavera, color rojo, estilo minimalista, posición espalda",rojo,minimalista,calavera,espalda
413,"Quiero diseño de lobo en camiseta color rojo, estilo minimalista, ubicado en centrado",rojo,minimalista,lobo,centrado
414,"Camiseta con estampado de lobo, color principal rojo, estilo visual minimalista, zona pecho",rojo,minimalista,lobo,pecho
415,"Diseño para camiseta: lobo en posición esquina, color rojo, estilo visual minimalista",rojo,minimalista,lobo,esquina
416,"Quiero una camiseta con diseño de lobo en estilo minimalista, color rojo, posición espalda",rojo,minimalista,lobo,espalda
417,"Camiseta con imagen de águila, color rojo, estilo minimalista, posición centrado",rojo,minimalista,águila,centrado
418,"Camiseta con estampado de águila, color principal rojo, estilo visual minimalista, zona pecho",rojo,minimalista,águila,pecho
419,"Camiseta con imagen de águila, color rojo, estilo minimalista, posición esquina",rojo,minimalista,águila,esquina
420,"Camiseta con imagen de águila, color rojo, estilo minimalista, posición espalda",rojo,minimalista,águila,espalda
421,"Camiseta de color rojo, diseño de sol, estilo minimalista, zona centrado",rojo,minimalista,sol,centrado
422,"Camiseta con imagen de sol, color rojo, estilo minimalista, posición pecho",rojo,minimalista,sol,pecho
423,"Quiero una camiseta con diseño de sol en estilo minimalista, color rojo, posición esquina",rojo,minimalista,sol,esquina
424,"Diseño para camiseta: sol en posición espalda, color rojo, estilo visual minimalista",rojo,minimalista,sol,espalda
425,"Diseño de camiseta: gráfico de árbol, color rojo, estilo minimalista, posición centrado",rojo,minimalista,árbol,centrado
426,"Camiseta con imagen de árbol, color rojo, estilo minimalista, posición pecho",rojo,minimalista,árbol,pecho
427,"Camiseta con imagen de árbol, color rojo, estilo minimalista, posición esquina",rojo,minimalista,árbol,esquina
428,"Quiero estampado de árbol en zona espalda, color rojo, estilo minimalista",rojo,minimalista,árbol,espalda
429,"Generar camiseta de estilo minimalista, color rojo, imagen de automóvil en zona centrado",rojo,minimalista,automóvil,centrado
430,"Necesito una camiseta con gráfico de automóvil en zona pecho, color rojo, estilo minimalista",rojo,minimalista,automóvil,pecho
431,"Camiseta con estampado de automóvil, color principal rojo, estilo visual minimalista, zona esquina",rojo,minimalista,automóvil,esquina
432,"Diseño de camiseta: gráfico de automóvil, color rojo, estilo minimalista, posición espalda",rojo,minimalista,automóvil,espalda
433,"Crear camiseta de estilo minimalista con motivo de dragón en color rojo, zona centrado",rojo,minimalista,dragón,centrado
434,"Generar camiseta de estilo minimalista, color rojo, imagen de dragón en zona pecho",rojo,minimalista,dragón,pecho
435,"Camiseta con estampado de dragón, color principal rojo, estilo visual minimalista, zona esquina",rojo,minimalista,dragón,esquina
436,"Necesito una camiseta con gráfico de dragón en zona espalda, color rojo, estilo minimalista",rojo,minimalista,dragón,espalda
437,"Diseño para camiseta: texto en posición centrado, color rojo, estilo visual minimalista",rojo,minimalista,texto,centrado
438,"Diseñar camiseta: elemento gráfico texto, color rojo, estilo minimalista, ubicación pecho",rojo,minimalista,texto,pecho
439,"Diseño de camiseta: gráfico de texto, color rojo, estilo minimalista, posición esquina",rojo,minimalista,texto,esquina
440,"Diseño de camiseta: gráfico de texto, color rojo, estilo minimalista, posición espalda",rojo,minimalista,texto,espalda
441,"Necesito una camiseta con gráfico de montaña en zona centrado, color rojo, estilo vintage",rojo,vintage,montaña,centrado
442,"Camiseta color rojo, estilo vintage, con estampado de montaña en zona pecho",rojo,vintage,montaña,pecho
443,"Generar camiseta de estilo vintage, color rojo, imagen de montaña en zona esquina",rojo,vintage,montaña,esquina
444,Camiseta de color rojo con motivo vintage de montaña en la zona espalda,rojo,vintage,montaña,espalda
445,"Quiero una camiseta con diseño de guitarra en estilo vintage, color rojo, posición centrado",rojo,vintage,guitarra,centrado
446,"Camiseta de color rojo, diseño de guitarra, estilo vintage, zona pecho",rojo,vintage,guitarra,pecho
447,"Camiseta color rojo, estilo vintage, con estampado de guitarra en zona esquina",rojo,vintage,guitarra,esquina
448,"Camiseta con imagen de guitarra, color rojo, estilo vintage, posición espalda",rojo,vintage,guitarra,espalda
449,"Camiseta con imagen de calavera, color rojo, estilo vintage, posición centrado",rojo,vintage,calavera,centrado
450,"Quiero una camiseta con diseño de calavera en estilo vintage, color rojo, posición pecho",rojo,vintage,calavera,pecho
451,"Quiero una camiseta con diseño de calavera en estilo vintage, color rojo, posición esquina",rojo,vintage,calavera,esquina
452,"Quiero estampado de calavera en zona espalda, color rojo, estilo vintage",rojo,vintage,calavera,espalda
453,"Camiseta con estampado de lobo, color principal rojo, estilo visual vintage, zona centrado",rojo,vintage,lobo,centrado
454,"Quiero estampado de lobo en zona pecho, color rojo, estilo vintage",rojo,vintage,lobo,pecho
455,"Necesito una camiseta con gráfico de lobo en zona esquina, color rojo, estilo vintage",rojo,vintage,lobo,esquina
456,"Diseñar camiseta: elemento gráfico lobo, color rojo, estilo vintage, ubicación espalda",rojo,vintage,lobo,espalda
457,"Generar camiseta de estilo vintage, color rojo, imagen de águila en zona centrado",rojo,vintage,águila,centrado
458,"Quiero una camiseta con diseño de águila en estilo vintage, color rojo, posición pecho",rojo,vintage,águila,pecho
459,"Camiseta con estampado de águila, color principal rojo, estilo visual vintage, zona esquina",rojo,vintage,águila,esquina
460,"Generar camiseta de estilo vintage, color rojo, imagen de águila en zona espalda",rojo,vintage,águila,espalda
461,"Necesito una camiseta con gráfico de sol en zona centrado, color rojo, estilo vintage",rojo,vintage,sol,centrado
462,"Diseñar camiseta: elemento gráfico sol, color rojo, estilo vintage, ubicación pecho",rojo,vintage,sol,pecho
463,"Camiseta color rojo, estilo vintage, con estampado de sol en zona esquina",rojo,vintage,sol,esquina
464,"Quiero diseño de sol en camiseta color rojo, estilo vintage, ubicado en espalda",rojo,vintage,sol,espalda
465,"Quiero estampado de árbol en zona centrado, color rojo, estilo vintage",rojo,vintage,árbol,centrado
466,"Crear camiseta de estilo vintage con motivo de árbol en color rojo, zona pecho",rojo,vintage,árbol,pecho
467,"Necesito una camiseta con gráfico de árbol en zona esquina, color rojo, estilo vintage",rojo,vintage,árbol,esquina
468,"Camiseta con imagen de árbol, color rojo, estilo vintage, posición espalda",rojo,vintage,árbol,espalda
469,Camiseta de color rojo con motivo vintage de automóvil en la zona centrado,rojo,vintage,automóvil,centrado
470,"Diseño de camiseta: gráfico de automóvil, color rojo, estilo vintage, posición pecho",rojo,vintage,automóvil,pecho
471,"Quiero estampado de automóvil en zona esquina, color rojo, estilo vintage",rojo,vintage,automóvil,esquina
472,"Camiseta de color rojo, diseño de automóvil, estilo vintage, zona espalda",rojo,vintage,automóvil,espalda
473,"Diseño de camiseta: gráfico de dragón, color rojo, estilo vintage, posición centrado",rojo,vintage,dragón,centrado
474,"Quiero diseño de dragón en camiseta color rojo, estilo vintage, ubicado en pecho",rojo,vintage,dragón,pecho
475,"Quiero estampado de dragón en zona esquina, color rojo, estilo vintage",rojo,vintage,dragón,esquina
476,"Necesito una camiseta con gráfico de dragón en zona espalda, color rojo, estilo vintage",rojo,vintage,dragón,espalda
477,"Diseño de camiseta: gráfico de texto, color rojo, estilo vintage, posición centrado",rojo,vintage,texto,centrado
478,"Quiero una camiseta con diseño de texto en estilo vintage, color rojo, posición pecho",rojo,vintage,texto,pecho
479,"Diseñar camiseta: elemento gráfico texto, color rojo, estilo vintage, ubicación esquina",rojo,vintage,texto,esquina
480,"Necesito una camiseta con gráfico de texto en zona espalda, color rojo, estilo vintage",rojo,vintage,texto,espalda
481,"Quiero una camiseta con diseño de montaña en estilo urbano, color rojo, posición centrado",rojo,urbano,montaña,centrado
482,"Quiero una camiseta con diseño de montaña en estilo urbano, color rojo, posición pecho",rojo,urbano,montaña,pecho
483,"Crear camiseta de estilo urbano con motivo de montaña en color rojo, zona esquina",rojo,urbano,montaña,esquina
484,"Quiero estampado de montaña en zona espalda, color rojo, estilo urbano",rojo,urbano,montaña,espalda
485,"Diseñar camiseta: elemento gráfico guitarra, color rojo, estilo urbano, ubicación centrado",rojo,urbano,guitarra,centrado
486,"Necesito una camiseta con gráfico de guitarra en zona pecho, color rojo, estilo urbano",rojo,urbano,guitarra,pecho
487,"Necesito una camiseta con gráfico de guitarra en zona esquina, color rojo, estilo urbano",rojo,urbano,guitarra,esquina
488,"Camiseta con imagen de guitarra, color rojo, estilo urbano, posición espalda",rojo,urbano,guitarra,espalda
489,"Camiseta con estampado de calavera, color principal rojo, estilo visual urbano, zona centrado",rojo,urbano,calavera,centrado
490,"Crear camiseta de estilo urbano con motivo de calavera en color rojo, zona pecho",rojo,urbano,calavera,pecho
491,"Generar camiseta de estilo urbano, color rojo, imagen de calavera en zona esquina",rojo,urbano,calavera,esquina
492,"Camiseta con estampado de calavera, color principal rojo, estilo visual urbano, zona espalda",rojo,urbano,calavera,espalda
493,"Diseño de camiseta: gráfico de lobo, color rojo, estilo urbano, posición centrado",rojo,urbano,lobo,centrado
494,"Diseño de camiseta: gráfico de lobo, color rojo, estilo urbano, posición pecho",rojo,urbano,lobo,pecho
495,"Quiero diseño de lobo en camiseta color rojo, estilo urbano, ubicado en esquina",rojo,urbano,lobo,esquina
496,"Necesito una camiseta con gráfico de lobo en zona espalda, color rojo, estilo urbano",rojo,urbano,lobo,espalda
497,"Quiero estampado de águila en zona centrado, color rojo, estilo urbano",rojo,urbano,águila,centrado
498,"Camiseta color rojo, estilo urbano, con estampado de águila en zona pecho",rojo,urbano,águila,pecho
499,"Necesito una camiseta con gráfico de águila en zona esquina, color rojo, estilo urbano",rojo,urbano,águila,esquina
500,"Quiero diseño de águila en camiseta color rojo, estilo urbano, ubicado en espalda",rojo,urbano,águila,espalda
501,"Camiseta de color rojo, diseño de sol, estilo urbano, zona centrado",rojo,urbano,sol,centrado
502,"Quiero una camiseta con diseño de sol en estilo urbano, color rojo, posición pecho",rojo,urbano,sol,pecho
503,"Diseño de camiseta: gráfico de sol, color rojo, estilo urbano, posición esquina",rojo,urbano,sol,esquina
504,"Diseño para camiseta: sol en posición espalda, color rojo, estilo visual urbano",rojo,urbano,sol,espalda
505,"Quiero diseño de árbol en camiseta color rojo, estilo urbano, ubicado en centrado",rojo,urbano,árbol,centrado
506,"Necesito una camiseta con gráfico de árbol en zona pecho, color rojo, estilo urbano",rojo,urbano,árbol,pecho
507,"Camiseta de color rojo, diseño de árbol, estilo urbano, zona esquina",rojo,urbano,árbol,esquina
508,"Camiseta de color rojo, diseño de árbol, estilo urbano, zona espalda",rojo,urbano,árbol,espalda
509,"Generar camiseta de estilo urbano, color rojo, imagen de automóvil en zona centrado",rojo,urbano,automóvil,centrado
510,Camiseta de color rojo con motivo urbano de automóvil en la zona pecho,rojo,urbano,automóvil,pecho
511,"Diseñar camiseta: elemento gráfico automóvil, color rojo, estilo urbano, ubicación esquina",rojo,urbano,automóvil,esquina
512,"Diseño de camiseta: gráfico de automóvil, color rojo, estilo urbano, posición espalda",rojo,urbano,automóvil,espalda
513,"Necesito una camiseta con gráfico de dragón en zona centrado, color rojo, estilo urbano",rojo,urbano,dragón,centrado
514,"Diseñar camiseta: elemento gráfico dragón, color rojo, estilo urbano, ubicación pecho",rojo,urbano,dragón,pecho
515,"Crear camiseta de estilo urbano con motivo de dragón en color rojo, zona esquina",rojo,urbano,dragón,esquina
516,"Camiseta color rojo, estilo urbano, con estampado de dragón en zona espalda",rojo,urbano,dragón,espalda
517,"Quiero estampado de texto en zona centrado, color rojo, estilo urbano",rojo,urbano,texto,centrado
518,"Crear camiseta de estilo urbano con motivo de texto en color rojo, zona pecho",rojo,urbano,texto,pecho
519,"Diseño para camiseta: texto en posición esquina, color rojo, estilo visual urbano",rojo,urbano,texto,esquina
520,"Quiero estampado de texto en zona espalda, color rojo, estilo urbano",rojo,urbano,texto,espalda
521,"Camiseta de color rojo, diseño de montaña, estilo deportivo, zona centrado",rojo,deportivo,montaña,centrado
522,"Quiero una camiseta con diseño de montaña en estilo deportivo, color rojo, posición pecho",rojo,deportivo,montaña,pecho
523,"Quiero una camiseta con diseño de montaña en estilo deportivo, color rojo, posición esquina",rojo,deportivo,montaña,esquina
524,"Crear camiseta de estilo deportivo con motivo de montaña en color rojo, zona espalda",rojo,deportivo,montaña,espalda
525,"Diseñar camiseta: elemento gráfico guitarra, color rojo, estilo deportivo, ubicación centrado",rojo,deportivo,guitarra,centrado
526,"Quiero estampado de guitarra en zona pecho, color rojo, estilo deportivo",rojo,deportivo,guitarra,pecho
527,"Camiseta de color rojo, diseño de guitarra, estilo deportivo, zona esquina",rojo,deportivo,guitarra,esquina
528,"Quiero diseño de guitarra en camiseta color rojo, estilo deportivo, ubicado en espalda",rojo,deportivo,guitarra,espalda
529,"Generar camiseta de estilo deportivo, color rojo, imagen de calavera en zona centrado",rojo,deportivo,calavera,centrado
530,"Camiseta con imagen de calavera, color rojo, estilo deportivo, posición pecho",rojo,deportivo,calavera,pecho
531,"Quiero estampado de calavera en zona esquina, color rojo, estilo deportivo",rojo,deportivo,calavera,esquina
532,"Diseñar camiseta: elemento gráfico calavera, color rojo, estilo deportivo, ubicación espalda",rojo,deportivo,calavera,espalda
533,"Diseño para camiseta: lobo en posición centrado, color rojo, estilo visual deportivo",rojo,deportivo,lobo,centrado
534,"Diseñar camiseta: elemento gráfico lobo, color rojo, estilo deportivo, ubicación pecho",rojo,deportivo,lobo,pecho
535,"Camiseta de color rojo, diseño de lobo, estilo deportivo, zona esquina",rojo,deportivo,lobo,esquina
536,"Necesito una camiseta con gráfico de lobo en zona espalda, color rojo, estilo deportivo",rojo,deportivo,lobo,espalda
537,"Generar camiseta de estilo deportivo, color rojo, imagen de águila en zona centrado",rojo,deportivo,águila,centrado
538,Camiseta de color rojo con motivo deportivo de águila en la zona pecho,rojo,deportivo,águila,pecho
539,"Quiero diseño de águila en camiseta color rojo, estilo deportivo, ubicado en esquina",rojo,deportivo,águila,esquina
540,"Camiseta de color rojo, diseño de águila, estilo deportivo, zona espalda",rojo,deportivo,águila,espalda
541,"Generar camiseta de estilo deportivo, color rojo, imagen de sol en zona centrado",rojo,deportivo,sol,centrado
542,"Camiseta con estampado de sol, color principal rojo, estilo visual deportivo, zona pecho",rojo,deportivo,sol,pecho
543,"Diseño de camiseta: gráfico de sol, color rojo, estilo deportivo, posición esquina",rojo,deportivo,sol,esquina
544,"Camiseta con estampado de sol, color principal rojo, estilo visual deportivo, zona espalda",rojo,deportivo,sol,espalda
545,"Diseño de camiseta: gráfico de árbol, color rojo, estilo deportivo, posición centrado",rojo,deportivo,árbol,centrado
546,"Quiero una camiseta con diseño de árbol en estilo deportivo, color rojo, posición pecho",rojo,deportivo,árbol,pecho
547,"Generar camiseta de estilo deportivo, color rojo, imagen de árbol en zona esquina",rojo,deportivo,árbol,esquina
548,Camiseta de color rojo con motivo deportivo de árbol en la zona espalda,rojo,deportivo,árbol,espalda
549,"Quiero estampado de automóvil en zona centrado, color rojo, estilo deportivo",rojo,deportivo,automóvil,centrado
550,"Quiero diseño de automóvil en camiseta color rojo, estilo deportivo, ubicado en pecho",rojo,deportivo,automóvil,pecho
551,"Diseño para camiseta: automóvil en posición esquina, color rojo, estilo visual deportivo",rojo,deportivo,automóvil,esquina
552,"Camiseta con imagen de automóvil, color rojo, estilo deportivo, posición espalda",rojo,deportivo,automóvil,espalda
553,"Crear camiseta de estilo deportivo con motivo de dragón en color rojo, zona centrado",rojo,deportivo,dragón,centrado
554,"Diseñar camiseta: elemento gráfico dragón, color rojo, estilo deportivo, ubicación pecho",rojo,deportivo,dragón,pecho
555,"Camiseta con estampado de dragón, color principal rojo, estilo visual deportivo, zona esquina",rojo,deportivo,dragón,esquina
556,"Quiero diseño de dragón en camiseta color rojo, estilo deportivo, ubicado en espalda",rojo,deportivo,dragón,espalda
557,"Diseñar camiseta: elemento gráfico texto, color rojo, estilo deportivo, ubicación centrado",rojo,deportivo,texto,centrado
558,Camiseta de color rojo con motivo deportivo de texto en la zona pecho,rojo,deportivo,texto,pecho
559,Camiseta de color rojo con motivo deportivo de texto en la zona esquina,rojo,deportivo,texto,esquina
560,"Diseñar camiseta: elemento gráfico texto, color rojo, estilo deportivo, ubicación espalda",rojo,deportivo,texto,espalda
561,"Diseño para camiseta: montaña en posición centrado, color rojo, estilo visual retro",rojo,retro,montaña,centrado
562,"Camiseta de color rojo, diseño de montaña, estilo retro, zona pecho",rojo,retro,montaña,pecho
563,"Diseñar camiseta: elemento gráfico montaña, color rojo, estilo retro, ubicación esquina",rojo,retro,montaña,esquina
564,"Crear camiseta de estilo retro con motivo de montaña en color rojo, zona espalda",rojo,retro,montaña,espalda
565,"Generar camiseta de estilo retro, color rojo, imagen de guitarra en zona centrado",rojo,retro,guitarra,centrado
566,Camiseta de color rojo con motivo retro de guitarra en la zona pecho,rojo,retro,guitarra,pecho
567,"Diseño para camiseta: guitarra en posición esquina, color rojo, estilo visual retro",rojo,retro,guitarra,esquina
568,Camiseta de color rojo con motivo retro de guitarra en la zona espalda,rojo,retro,guitarra,espalda
569,"Diseño de camiseta: gráfico de calavera, color rojo, estilo retro, posición centrado",rojo,retro,calavera,centrado
570,"Quiero diseño de calavera en camiseta color rojo, estilo retro, ubicado en pecho",rojo,retro,calavera,pecho
571,"Crear camiseta de estilo retro con motivo de calavera en color rojo, zona esquina",rojo,retro,calavera,esquina
572,Camiseta de color rojo con motivo retro de calavera en la zona espalda,rojo,retro,calavera,espalda
573,"Camiseta con estampado de lobo, color principal rojo, estilo visual retro, zona centrado",rojo,retro,lobo,centrado
574,"Necesito una camiseta con gráfico de lobo en zona pecho, color rojo, estilo retro",rojo,retro,lobo,pecho
575,"Diseñar camiseta: elemento gráfico lobo, color rojo, estilo retro, ubicación esquina",rojo,retro,lobo,esquina
576,Camiseta de color rojo con motivo retro de lobo en la zona espalda,rojo,retro,lobo,espalda
577,"Crear camiseta de estilo retro con motivo de águila en color rojo, zona centrado",rojo,retro,águila,centrado
578,"Quiero una camiseta con diseño de águila en estilo retro, color rojo, posición pecho",rojo,retro,águila,pecho
579,"Diseño para camiseta: águila en posición esquina, color rojo, estilo visual retro",rojo,retro,águila,esquina
580,"Quiero diseño de águila en camiseta color rojo, estilo retro, ubicado en espalda",rojo,retro,águila,espalda
581,"Camiseta de color rojo, diseño de sol, estilo retro, zona centrado",rojo,retro,sol,centrado
582,"Quiero diseño de sol en camiseta color rojo, estilo retro, ubicado en pecho",rojo,retro,sol,pecho
583,"Camiseta color rojo, estilo retro, con estampado de sol en zona esquina",rojo,retro,sol,esquina
584,"Camiseta con estampado de sol, color principal rojo, estilo visual retro, zona espalda",rojo,retro,sol,espalda
585,"Camiseta con estampado de árbol, color principal rojo, estilo visual retro, zona centrado",rojo,retro,árbol,centrado
586,"Quiero diseño de árbol en camiseta color rojo, estilo retro, ubicado en pecho",rojo,retro,árbol,pecho
587,"Camiseta color rojo, estilo retro, con estampado de árbol en zona esquina",rojo,retro,árbol,esquina
588,"Generar camiseta de estilo retro, color rojo, imagen de árbol en zona espalda",rojo,retro,árbol,espalda
589,"Necesito una camiseta con gráfico de automóvil en zona centrado, color rojo, estilo retro",rojo,retro,automóvil,centrado
590,"Quiero diseño de automóvil en camiseta color rojo, estilo retro, ubicado en pecho",rojo,retro,automóvil,pecho
591,Camiseta de color rojo con motivo retro de automóvil en la zona esquina,rojo,retro,automóvil,esquina
592,"Quiero diseño de automóvil en camiseta color rojo, estilo retro, ubicado en espalda",rojo,retro,automóvil,espalda
593,"Camiseta con estampado de dragón, color principal rojo, estilo visual retro, zona centrado",rojo,retro,dragón,centrado
594,"Camiseta con estampado de dragón, color principal rojo, estilo visual retro, zona pecho",rojo,retro,dragón,pecho
595,"Camiseta de color rojo, diseño de dragón, estilo retro, zona esquina",rojo,retro,dragón,esquina
596,"Diseño de camiseta: gráfico de dragón, color rojo, estilo retro, posición espalda",rojo,retro,dragón,espalda
597,"Camiseta con estampado de texto, color principal rojo, estilo visual retro, zona centrado",rojo,retro,texto,centrado
598,"Diseño para camiseta: texto en posición pecho, color rojo, estilo visual retro",rojo,retro,texto,pecho
599,"Generar camiseta de estilo retro, color rojo, imagen de texto en zona esquina",rojo,retro,texto,esquina
600,"Necesito una camiseta con gráfico de texto en zona espalda, color rojo, estilo retro",rojo,retro,texto,espalda
601,"Quiero diseño de montaña en camiseta color azul, estilo minimalista, ubicado en centrado",azul,minimalista,montaña,centrado
602,"Quiero una camiseta con diseño de montaña en estilo minimalista, color azul, posición pecho",azul,minimalista,montaña,pecho
603,Camiseta de color azul con motivo minimalista de montaña en la zona esquina,azul,minimalista,montaña,esquina
604,"Necesito una camiseta con gráfico de montaña en zona espalda, color azul, estilo minimalista",azul,minimalista,montaña,espalda
605,"Generar camiseta de estilo minimalista, color azul, imagen de guitarra en zona centrado",azul,minimalista,guitarra,centrado
606,"Diseño de camiseta: gráfico de guitarra, color azul, estilo minimalista, posición pecho",azul,minimalista,guitarra,pecho
607,"Quiero estampado de guitarra en zona esquina, color azul, estilo minimalista",azul,minimalista,guitarra,esquina
608,"Diseño para camiseta: guitarra en posición espalda, color azul, estilo visual minimalista",azul,minimalista,guitarra,espalda
609,"Diseño de camiseta: gráfico de calavera, color azul, estilo minimalista, posición centrado",azul,minimalista,calavera,centrado
610,"Quiero diseño de calavera en camiseta color azul, estilo minimalista, ubicado en pecho",azul,minimalista,calavera,pecho
611,"Quiero estampado de calavera en zona esquina, color azul, estilo minimalista",azul,minimalista,calavera,esquina
612,"Generar camiseta de estilo minimalista, color azul, imagen de calavera en zona espalda",azul,minimalista,calavera,espalda
613,"Camiseta de color azul, diseño de lobo, estilo minimalista, zona centrado",azul,minimalista,lobo,centrado
614,"Quiero una camiseta con diseño de lobo en estilo minimalista, color azul, posición pecho",azul,minimalista,lobo,pecho
615,"Necesito una camiseta con gráfico de lobo en zona esquina, color azul, estilo minimalista",azul,minimalista,lobo,esquina
616,"Diseñar camiseta: elemento gráfico lobo, color azul, estilo minimalista, ubicación espalda",azul,minimalista,lobo,espalda
617,"Camiseta con imagen de águila, color azul, estilo minimalista, posición centrado",azul,minimalista,águila,centrado
618,"Necesito una camiseta con gráfico de águila en zona pecho, color azul, estilo minimalista",azul,minimalista,águila,pecho
619,"Camiseta de color azul, diseño de águila, estilo minimalista, zona esquina",azul,minimalista,águila,esquina
620,"Quiero una camiseta con diseño de águila en estilo minimalista, color azul, posición espalda",azul,minimalista,águila,espalda
621,"Camiseta con imagen de sol, color azul, estilo minimalista, posición centrado",azul,minimalista,sol,centrado
622,"Diseño para camiseta: sol en posición pecho, color azul, estilo visual minimalista",azul,minimalista,sol,pecho
623,"Generar camiseta de estilo minimalista, color azul, imagen de sol en zona esquina",azul,minimalista,sol,esquina
624,"Crear camiseta de estilo minimalista con motivo de sol en color azul, zona espalda",azul,minimalista,sol,espalda
625,Camiseta de color azul con motivo minimalista de árbol en la zona centrado,azul,minimalista,árbol,centrado
626,"Generar camiseta de estilo minimalista, color azul, imagen de árbol en zona pecho",azul,minimalista,árbol,pecho
627,"Diseño para camiseta: árbol en posición esquina, color azul, estilo visual minimalista",azul,minimalista,árbol,esquina
628,"Camiseta con imagen de árbol, color azul, estilo minimalista, posición espalda",azul,minimalista,árbol,espalda
629,"Quiero estampado de automóvil en zona centrado, color azul, estilo minimalista",azul,minimalista,automóvil,centrado
630,"Quiero una camiseta con diseño de automóvil en estilo minimalista, color azul, posición pecho",azul,minimalista,automóvil,pecho
631,"Diseño para camiseta: automóvil en posición esquina, color azul, estilo visual minimalista",azul,minimalista,automóvil,esquina
632,"Camiseta con imagen de automóvil, color azul, estilo minimalista, posición espalda",azul,minimalista,automóvil,espalda
633,"Camiseta con estampado de dragón, color principal azul, estilo visual minimalista, zona centrado",azul,minimalista,dragón,centrado
634,"Necesito una camiseta con gráfico de dragón en zona pecho, color azul, estilo minimalista",azul,minimalista,dragón,pecho
635,"Camiseta de color azul, diseño de dragón, estilo minimalista, zona esquina",azul,minimalista,dragón,esquina
636,"Crear camiseta de estilo minimalista con motivo de dragón en color azul, zona espalda",azul,minimalista,dragón,espalda
637,"Diseño para camiseta: texto en posición centrado, color azul, estilo visual minimalista",azul,minimalista,texto,centrado
638,"Camiseta de color azul, diseño de texto, estilo minimalista, zona pecho",azul,minimalista,texto,pecho
639,"Quiero estampado de texto en zona esquina, color azul, estilo minimalista",azul,minimalista,texto,esquina
640,Camiseta de color azul con motivo minimalista de texto en la zona espalda,azul,minimalista,texto,espalda
641,"Quiero estampado de montaña en zona centrado, color azul, estilo vintage",azul,vintage,montaña,centrado
642,"Diseño de camiseta: gráfico de montaña, color azul, estilo vintage, posición pecho",azul,vintage,montaña,pecho
643,"Crear camiseta de estilo vintage con motivo de montaña en color azul, zona esquina",azul,vintage,montaña,esquina
644,"Crear camiseta de estilo vintage con motivo de montaña en color azul, zona espalda",azul,vintage,montaña,espalda
645,"Crear camiseta de estilo vintage con motivo de guitarra en color azul, zona centrado",azul,vintage,guitarra,centrado
646,"Diseño de camiseta: gráfico de guitarra, color azul, estilo vintage, posición pecho",azul,vintage,guitarra,pecho
647,"Camiseta con estampado de guitarra, color principal azul, estilo visual vintage, zona esquina",azul,vintage,guitarra,esquina
648,"Generar camiseta de estilo vintage, color azul, imagen de guitarra en zona espalda",azul,vintage,guitarra,espalda
649,"Diseño para camiseta: calavera en posición centrado, color azul, estilo visual vintage",azul,vintage,calavera,centrado
650,"Quiero una camiseta con diseño de calavera en estilo vintage, color azul, posición pecho",azul,vintage,calavera,pecho
651,"Diseño de camiseta: gráfico de calavera, color azul, estilo vintage, posición esquina",azul,vintage,calavera,esquina
652,"Generar camiseta de estilo vintage, color azul, imagen de calavera en zona espalda",azul,vintage,calavera,espalda
653,"Camiseta con imagen de lobo, color azul, estilo vintage, posición centrado",azul,vintage,lobo,centrado
654,"Generar camiseta de estilo vintage, color azul, imagen de lobo en zona pecho",azul,vintage,lobo,pecho
655,"Diseño de camiseta: gráfico de lobo, color azul, estilo vintage, posición esquina",azul,vintage,lobo,esquina
656,"Quiero diseño de lobo en camiseta color azul, estilo vintage, ubicado en espalda",azul,vintage,lobo,espalda
657,"Quiero una camiseta con diseño de águila en estilo vintage, color azul, posición centrado",azul,vintage,águila,centrado
658,"Crear camiseta de estilo vintage con motivo de águila en color azul, zona pecho",azul,vintage,águila,pecho
659,"Necesito una camiseta con gráfico de águila en zona esquina, color azul, estilo vintage",azul,vintage,águila,esquina
660,"Quiero estampado de águila en zona espalda, color azul, estilo vintage",azul,vintage,águila,espalda
661,"Necesito una camiseta con gráfico de sol en zona centrado, color azul, estilo vintage",azul,vintage,sol,centrado
662,"Diseño de camiseta: gráfico de sol, color azul, estilo vintage, posición pecho",azul,vintage,sol,pecho
663,"Diseño para camiseta: sol en posición esquina, color azul, estilo visual vintage",azul,vintage,sol,esquina
664,"Generar camiseta de estilo vintage, color azul, imagen de sol en zona espalda",azul,vintage,sol,espalda
665,"Diseño para camiseta: árbol en posición centrado, color azul, estilo visual vintage",azul,vintage,árbol,centrado
666,"Crear camiseta de estilo vintage con motivo de árbol en color azul, zona pecho",azul,vintage,árbol,pecho
667,"Necesito una camiseta con gráfico de árbol en zona esquina, color azul, estilo vintage",azul,vintage,árbol,esquina
668,"Quiero estampado de árbol en zona espalda, color azul, estilo vintage",azul,vintage,árbol,espalda
669,"Diseñar camiseta: elemento gráfico automóvil, color azul, estilo vintage, ubicación centrado",azul,vintage,automóvil,centrado
670,"Camiseta con estampado de automóvil, color principal azul, estilo visual vintage, zona pecho",azul,vintage,automóvil,pecho
671,"Diseño para camiseta: automóvil en posición esquina, color azul, estilo visual vintage",azul,vintage,automóvil,esquina
672,"Diseño de camiseta: gráfico de automóvil, color azul, estilo vintage, posición espalda",azul,vintage,automóvil,espalda
673,"Diseño para camiseta: dragón en posición centrado, color azul, estilo visual vintage",azul,vintage,dragón,centrado
674,"Diseño de camiseta: gráfico de dragón, color azul, estilo vintage, posición pecho",azul,vintage,dragón,pecho
675,"Crear camiseta de estilo vintage con motivo de dragón en color azul, zona esquina",azul,vintage,dragón,esquina
676,"Diseñar camiseta: elemento gráfico dragón, color azul, estilo vintage, ubicación espalda",azul,vintage,dragón,espalda
677,"Camiseta con imagen de texto, color azul, estilo vintage, posición centrado",azul,vintage,texto,centrado
678,"Camiseta con imagen de texto, color azul, estilo vintage, posición pecho",azul,vintage,texto,pecho
679,"Necesito una camiseta con gráfico de texto en zona esquina, color azul, estilo vintage",azul,vintage,texto,esquina
680,"Diseño para camiseta: texto en posición espalda, color azul, estilo visual vintage",azul,vintage,texto,espalda
681,"Quiero estampado de montaña en zona centrado, color azul, estilo urbano",azul,urbano,montaña,centrado
682,"Quiero diseño de montaña en camiseta color azul, estilo urbano, ubicado en pecho",azul,urbano,montaña,pecho
683,"Camiseta de color azul, diseño de montaña, estilo urbano, zona esquina",azul,urbano,montaña,esquina
684,"Necesito una camiseta con gráfico de montaña en zona espalda, color azul, estilo urbano",azul,urbano,montaña,espalda
685,"Necesito una camiseta con gráfico de guitarra en zona centrado, color azul, estilo urbano",azul,urbano,guitarra,centrado
686,"Camiseta con estampado de guitarra, color principal azul, estilo visual urbano, zona pecho",azul,urbano,guitarra,pecho
687,"Diseño para camiseta: guitarra en posición esquina, color azul, estilo visual urbano",azul,urbano,guitarra,esquina
688,Camiseta de color azul con motivo urbano de guitarra en la zona espalda,azul,urbano,guitarra,espalda
689,"Camiseta con imagen de calavera, color azul, estilo urbano, posición centrado",azul,urbano,calavera,centrado
690,"Camiseta con imagen de calavera, color azul, estilo urbano, posición pecho",azul,urbano,calavera,pecho
691,"Diseño de camiseta: gráfico de calavera, color azul, estilo urbano, posición esquina",azul,urbano,calavera,esquina
692,"Generar camiseta de estilo urbano, color azul, imagen de calavera en zona espalda",azul,urbano,calavera,espalda
693,"Camiseta color azul, estilo urbano, con estampado de lobo en zona centrado",azul,urbano,lobo,centrado
694,"Camiseta color azul, estilo urbano, con estampado de lobo en zona pecho",azul,urbano,lobo,pecho
695,"Camiseta color azul, estilo urbano, con estampado de lobo en zona esquina",azul,urbano,lobo,esquina
696,"Diseño de camiseta: gráfico de lobo, color azul, estilo urbano, posición espalda",azul,urbano,lobo,espalda
697,"Camiseta con estampado de águila, color principal azul, estilo visual urbano, zona centrado",azul,urbano,águila,centrado
698,"Quiero estampado de águila en zona pecho, color azul, estilo urbano",azul,urbano,águila,pecho
699,"Camiseta color azul, estilo urbano, con estampado de águila en zona esquina",azul,urbano,águila,esquina
700,Camiseta de color azul con motivo urbano de águila en la zona espalda,azul,urbano,águila,espalda
701,Camiseta de color azul con motivo urbano de sol en la zona centrado,azul,urbano,sol,centrado
702,"Crear camiseta de estilo urbano con motivo de sol en color azul, zona pecho",azul,urbano,sol,pecho
703,"Diseñar camiseta: elemento gráfico sol, color azul, estilo urbano, ubicación esquina",azul,urbano,sol,esquina
704,"Diseño de camiseta: gráfico de sol, color azul, estilo urbano, posición espalda",azul,urbano,sol,espalda
705,"Quiero una camiseta con diseño de árbol en estilo urbano, color azul, posición centrado",azul,urbano,árbol,centrado
706,"Necesito una camiseta con gráfico de árbol en zona pecho, color azul, estilo urbano",azul,urbano,árbol,pecho
707,"Quiero estampado de árbol en zona esquina, color azul, estilo urbano",azul,urbano,árbol,esquina
708,"Diseño de camiseta: gráfico de árbol, color azul, estilo urbano, posición espalda",azul,urbano,árbol,espalda
709,"Diseño de camiseta: gráfico de automóvil, color azul, estilo urbano, posición centrado",azul,urbano,automóvil,centrado
710,"Camiseta con imagen de automóvil, color azul, estilo urbano, posición pecho",azul,urbano,automóvil,pecho
711,"Generar camiseta de estilo urbano, color azul, imagen de automóvil en zona esquina",azul,urbano,automóvil,esquina
712,"Quiero una camiseta con diseño de automóvil en estilo urbano, color azul, posición espalda",azul,urbano,automóvil,espalda
713,"Quiero diseño de dragón en camiseta color azul, estilo urbano, ubicado en centrado",azul,urbano,dragón,centrado
714,Camiseta de color azul con motivo urbano de dragón en la zona pecho,azul,urbano,dragón,pecho
715,"Camiseta con estampado de dragón, color principal azul, estilo visual urbano, zona esquina",azul,urbano,dragón,esquina
716,"Diseño de camiseta: gráfico de dragón, color azul, estilo urbano, posición espalda",azul,urbano,dragón,espalda
717,"Necesito una camiseta con gráfico de texto en zona centrado, color azul, estilo urbano",azul,urbano,texto,centrado
718,"Camiseta con estampado de texto, color principal azul, estilo visual urbano, zona pecho",azul,urbano,texto,pecho
719,Camiseta de color azul con motivo urbano de texto en la zona esquina,azul,urbano,texto,esquina
720,"Camiseta con estampado de texto, color principal azul, estilo visual urbano, zona espalda",azul,urbano,texto,espalda
721,"Diseñar camiseta: elemento gráfico montaña, color azul, estilo deportivo, ubicación centrado",azul,deportivo,montaña,centrado
722,"Camiseta de color azul, diseño de montaña, estilo deportivo, zona pecho",azul,deportivo,montaña,pecho
723,"Camiseta de color azul, diseño de montaña, estilo deportivo, zona esquina",azul,deportivo,montaña,esquina
724,"Camiseta con estampado de montaña, color principal azul, estilo visual deportivo, zona espalda",azul,deportivo,montaña,espalda
725,"Camiseta color azul, estilo deportivo, con estampado de guitarra en zona centrado",azul,deportivo,guitarra,centrado
726,"Camiseta con imagen de guitarra, color azul, estilo deportivo, posición pecho",azul,deportivo,guitarra,pecho
727,"Quiero diseño de guitarra en camiseta color azul, estilo deportivo, ubicado en esquina",azul,deportivo,guitarra,esquina
728,Camiseta de color azul con motivo deportivo de guitarra en la zona espalda,azul,deportivo,guitarra,espalda
729,"Quiero una camiseta con diseño de calavera en estilo deportivo, color azul, posición centrado",azul,deportivo,calavera,centrado
730,"Camiseta color azul, estilo deportivo, con estampado de calavera en zona pecho",azul,deportivo,calavera,pecho
731,"Diseño para camiseta: calavera en posición esquina, color azul, estilo visual deportivo",azul,deportivo,calavera,esquina
732,"Diseño de camiseta: gráfico de calavera, color azul, estilo deportivo, posición espalda",azul,deportivo,calavera,espalda
733,"Camiseta con imagen de lobo, color azul, estilo deportivo, posición centrado",azul,deportivo,lobo,centrado
734,"Camiseta con estampado de lobo, color principal azul, estilo visual deportivo, zona pecho",azul,deportivo,lobo,pecho
735,"Crear camiseta de estilo deportivo con motivo de lobo en color azul, zona esquina",azul,deportivo,lobo,esquina
736,"Crear camiseta de estilo deportivo con motivo de lobo en color azul, zona espalda",azul,deportivo,lobo,espalda
737,"Diseño para camiseta: águila en posición centrado, color azul, estilo visual deportivo",azul,deportivo,águila,centrado
738,"Camiseta color azul, estilo deportivo, con estampado de águila en zona pecho",azul,deportivo,águila,pecho
739,"Diseño para camiseta: águila en posición esquina, color azul, estilo visual deportivo",azul,deportivo,águila,esquina
740,"Camiseta con estampado de águila, color principal azul, estilo visual deportivo, zona espalda",azul,deportivo,águila,espalda
741,"Diseñar camiseta: elemento gráfico sol, color azul, estilo deportivo, ubicación centrado",azul,deportivo,sol,centrado
742,"Diseño de camiseta: gráfico de sol, color azul, estilo deportivo, posición pecho",azul,deportivo,sol,pecho
743,"Crear camiseta de estilo deportivo con motivo de sol en color azul, zona esquina",azul,deportivo,sol,esquina
744,"Camiseta de color azul, diseño de sol, estilo deportivo, zona espalda",azul,deportivo,sol,espalda
745,Camiseta de color azul con motivo deportivo de árbol en la zona centrado,azul,deportivo,árbol,centrado
746,"Quiero diseño de árbol en camiseta color azul, estilo deportivo, ubicado en pecho",azul,deportivo,árbol,pecho
747,Camiseta de color azul con motivo deportivo de árbol en la zona esquina,azul,deportivo,árbol,esquina
748,"Quiero una camiseta con diseño de árbol en estilo deportivo, color azul, posición espalda",azul,deportivo,árbol,espalda
749,Camiseta de color azul con motivo deportivo de automóvil en la zona centrado,azul,deportivo,automóvil,centrado
750,"Diseño para camiseta: automóvil en posición pecho, color azul, estilo visual deportivo",azul,deportivo,automóvil,pecho
751,"Camiseta con estampado de automóvil, color principal azul, estilo visual deportivo, zona esquina",azul,deportivo,automóvil,esquina
752,"Diseñar camiseta: elemento gráfico automóvil, color azul, estilo deportivo, ubicación espalda",azul,deportivo,automóvil,espalda
753,Camiseta de color azul con motivo deportivo de dragón en la zona centrado,azul,deportivo,dragón,centrado
754,"Crear camiseta de estilo deportivo con motivo de dragón en color azul, zona pecho",azul,deportivo,dragón,pecho
755,"Quiero estampado de dragón en zona esquina, color azul, estilo deportivo",azul,deportivo,dragón,esquina
756,"Camiseta color azul, estilo deportivo, con estampado de dragón en zona espalda",azul,deportivo,dragón,espalda
757,"Camiseta de color azul, diseño de texto, estilo deportivo, zona centrado",azul,deportivo,texto,centrado
758,"Quiero estampado de texto en zona pecho, color azul, estilo deportivo",azul,deportivo,texto,pecho
759,"Camiseta con estampado de texto, color principal azul, estilo visual deportivo, zona esquina",azul,deportivo,texto,esquina
760,"Quiero diseño de texto en camiseta color azul, estilo deportivo, ubicado en espalda",azul,deportivo,texto,espalda
761,"Quiero una camiseta con diseño de montaña en estilo retro, color azul, posición centrado",azul,retro,montaña,centrado
762,"Camiseta color azul, estilo retro, con estampado de montaña en zona pecho",azul,retro,montaña,pecho
763,"Diseñar camiseta: elemento gráfico montaña, color azul, estilo retro, ubicación esquina",azul,retro,montaña,esquina
764,Camiseta de color azul con motivo retro de montaña en la zona espalda,azul,retro,montaña,espalda
765,"Camiseta color azul, estilo retro, con estampado de guitarra en zona centrado",azul,retro,guitarra,centrado
766,"Diseño de camiseta: gráfico de guitarra, color azul, estilo retro, posición pecho",azul,retro,guitarra,pecho
767,"Quiero estampado de guitarra en zona esquina, color azul, estilo retro",azul,retro,guitarra,esquina
768,"Quiero estampado de guitarra en zona espalda, color azul, estilo retro",azul,retro,guitarra,espalda
769,"Camiseta con imagen de calavera, color azul, estilo retro, posición centrado",azul,retro,calavera,centrado
770,"Generar camiseta de estilo retro, color azul, imagen de calavera en zona pecho",azul,retro,calavera,pecho
771,Camiseta de color azul con motivo retro de calavera en la zona esquina,azul,retro,calavera,esquina
772,"Camiseta color azul, estilo retro, con estampado de calavera en zona espalda",azul,retro,calavera,espalda
773,"Camiseta con imagen de lobo, color azul, estilo retro, posición centrado",azul,retro,lobo,centrado
774,"Quiero diseño de lobo en camiseta color azul, estilo retro, ubicado en pecho",azul,retro,lobo,pecho
775,"Crear camiseta de estilo retro con motivo de lobo en color azul, zona esquina",azul,retro,lobo,esquina
776,"Quiero estampado de lobo en zona espalda, color azul, estilo retro",azul,retro,lobo,espalda
777,"Diseño para camiseta: águila en posición centrado, color azul, estilo visual retro",azul,retro,águila,centrado
778,"Quiero diseño de águila en camiseta color azul, estilo retro, ubicado en pecho",azul,retro,águila,pecho
779,"Quiero estampado de águila en zona esquina, color azul, estilo retro",azul,retro,águila,esquina
780,"Camiseta color azul, estilo retro, con estampado de águila en zona espalda",azul,retro,águila,espalda
781,"Diseñar camiseta: elemento gráfico sol, color azul, estilo retro, ubicación centrado",azul,retro,sol,centrado
782,"Crear camiseta de estilo retro con motivo de sol en color azul, zona pecho",azul,retro,sol,pecho
783,"Quiero diseño de sol en camiseta color azul, estilo retro, ubicado en esquina",azul,retro,sol,esquina
784,"Camiseta color azul, estilo retro, con estampado de sol en zona espalda",azul,retro,sol,espalda
785,"Camiseta color azul, estilo retro, con estampado de árbol en zona centrado",azul,retro,árbol,centrado
786,"Necesito una camiseta con gráfico de árbol en zona pecho, color azul, estilo retro",azul,retro,árbol,pecho
787,Camiseta de color azul con motivo retro de árbol en la zona esquina,azul,retro,árbol,esquina
788,"Camiseta con estampado de árbol, color principal azul, estilo visual retro, zona espalda",azul,retro,árbol,espalda
789,"Quiero diseño de automóvil en camiseta color azul, estilo retro, ubicado en centrado",azul,retro,automóvil,centrado
790,"Diseño de camiseta: gráfico de automóvil, color azul, estilo retro, posición pecho",azul,retro,automóvil,pecho
791,"Necesito una camiseta con gráfico de automóvil en zona esquina, color azul, estilo retro",azul,retro,automóvil,esquina
792,Camiseta de color azul con motivo retro de automóvil en la zona espalda,azul,retro,automóvil,espalda
793,Camiseta de color azul con motivo retro de dragón en la zona centrado,azul,retro,dragón,centrado
794,"Quiero estampado de dragón en zona pecho, color azul, estilo retro",azul,retro,dragón,pecho
795,"Camiseta color azul, estilo retro, con estampado de dragón en zona esquina",azul,retro,dragón,esquina
796,"Diseño de camiseta: gráfico de dragón, color azul, estilo retro, posición espalda",azul,retro,dragón,espalda
797,"Camiseta con estampado de texto, color principal azul, estilo visual retro, zona centrado",azul,retro,texto,centrado
798,"Necesito una camiseta con gráfico de texto en zona pecho, color azul, estilo retro",azul,retro,texto,pecho
799,"Camiseta color azul, estilo retro, con estampado de texto en zona esquina",azul,retro,texto,esquina
800,"Quiero una camiseta con diseño de texto en estilo retro, color azul, posición espalda",azul,retro,texto,espalda
801,"Crear camiseta de estilo minimalista con motivo de montaña en color verde, zona centrado",verde,minimalista,montaña,centrado
802,"Necesito una camiseta con gráfico de montaña en zona pecho, color verde, estilo minimalista",verde,minimalista,montaña,pecho
803,"Camiseta con estampado de montaña, color principal verde, estilo visual minimalista, zona esquina",verde,minimalista,montaña,esquina
804,"Necesito una camiseta con gráfico de montaña en zona espalda, color verde, estilo minimalista",verde,minimalista,montaña,espalda
805,"Generar camiseta de estilo minimalista, color verde, imagen de guitarra en zona centrado",verde,minimalista,guitarra,centrado
806,"Generar camiseta de estilo minimalista, color verde, imagen de guitarra en zona pecho",verde,minimalista,guitarra,pecho
807,"Quiero estampado de guitarra en zona esquina, color verde, estilo minimalista",verde,minimalista,guitarra,esquina
808,"Quiero una camiseta con diseño de guitarra en estilo minimalista, color verde, posición espalda",verde,minimalista,guitarra,espalda
809,"Diseñar camiseta: elemento gráfico calavera, color verde, estilo minimalista, ubicación centrado",verde,minimalista,calavera,centrado
810,"Diseñar camiseta: elemento gráfico calavera, color verde, estilo minimalista, ubicación pecho",verde,minimalista,calavera,pecho
811,"Camiseta con estampado de calavera, color principal verde, estilo visual minimalista, zona esquina",verde,minimalista,calavera,esquina
812,"Diseño para camiseta: calavera en posición espalda, color verde, estilo visual minimalista",verde,minimalista,calavera,espalda
813,"Crear camiseta de estilo minimalista con motivo de lobo en color verde, zona centrado",verde,minimalista,lobo,centrado
814,"Diseñar camiseta: elemento gráfico lobo, color verde, estilo minimalista, ubicación pecho",verde,minimalista,lobo,pecho
815,"Crear camiseta de estilo minimalista con motivo de lobo en color verde, zona esquina",verde,minimalista,lobo,esquina
816,"Camiseta con estampado de lobo, color principal verde, estilo visual minimalista, zona espalda",verde,minimalista,lobo,espalda
817,"Quiero una camiseta con diseño de águila en estilo minimalista, color verde, posición centrado",verde,minimalista,águila,centrado
818,"Diseño para camiseta: águila en posición pecho, color verde, estilo visual minimalista",verde,minimalista,águila,pecho
819,"Diseño para camiseta: águila en posición esquina, color verde, estilo visual minimalista",verde,minimalista,águila,esquina
820,"Generar camiseta de estilo minimalista, color verde, imagen de águila en zona espalda",verde,minimalista,águila,espalda
821,"Quiero estampado de sol en zona centrado, color verde, estilo minimalista",verde,minimalista,sol,centrado
822,"Camiseta color verde, estilo minimalista, con estampado de sol en zona pecho",verde,minimalista,sol,pecho
823,"Diseño para camiseta: sol en posición esquina, color verde, estilo visual minimalista",verde,minimalista,sol,esquina
824,"Camiseta de color verde, diseño de sol, estilo minimalista, zona espalda",verde,minimalista,sol,espalda
825,"Camiseta con estampado de árbol, color principal verde, estilo visual minimalista, zona centrado",verde,minimalista,árbol,centrado
826,"Quiero diseño de árbol en camiseta color verde, estilo minimalista, ubicado en pecho",verde,minimalista,árbol,pecho
827,"Diseño para camiseta: árbol en posición esquina, color verde, estilo visual minimalista",verde,minimalista,árbol,esquina
828,"Diseño para camiseta: árbol en posición espalda, color verde, estilo visual minimalista",verde,minimalista,árbol,espalda
829,Camiseta de color verde con motivo minimalista de automóvil en la zona centrado,verde,minimalista,automóvil,centrado
830,"Camiseta con imagen de automóvil, color verde, estilo minimalista, posición pecho",verde,minimalista,automóvil,pecho
831,"Crear camiseta de estilo minimalista con motivo de automóvil en color verde, zona esquina",verde,minimalista,automóvil,esquina
832,"Camiseta de color verde, diseño de automóvil, estilo minimalista, zona espalda",verde,minimalista,automóvil,espalda
833,"Quiero diseño de dragón en camiseta color verde, estilo minimalista, ubicado en centrado",verde,minimalista,dragón,centrado
834,Camiseta de color verde con motivo minimalista de dragón en la zona pecho,verde,minimalista,dragón,pecho
835,"Camiseta con imagen de dragón, color verde, estilo minimalista, posición esquina",verde,minimalista,dragón,esquina
836,"Diseño para camiseta: dragón en posición espalda, color verde, estilo visual minimalista",verde,minimalista,dragón,espalda
837,"Camiseta color verde, estilo minimalista, con estampado de texto en zona centrado",verde,minimalista,texto,centrado
838,"Camiseta de color verde, diseño de texto, estilo minimalista, zona pecho",verde,minimalista,texto,pecho
839,"Generar camiseta de estilo minimalista, color verde, imagen de texto en zona esquina",verde,minimalista,texto,esquina
840,"Necesito una camiseta con gráfico de texto en zona espalda, color verde, estilo minimalista",verde,minimalista,texto,espalda
841,Camiseta de color verde con motivo vintage de montaña en la zona centrado,verde,vintage,montaña,centrado
842,"Diseño para camiseta: montaña en posición pecho, color verde, estilo visual vintage",verde,vintage,montaña,pecho
843,"Quiero diseño de montaña en camiseta color verde, estilo vintage, ubicado en esquina",verde,vintage,montaña,esquina
844,"Quiero diseño de montaña en camiseta color verde, estilo vintage, ubicado en espalda",verde,vintage,montaña,espalda
845,"Diseño para camiseta: guitarra en posición centrado, color verde, estilo visual vintage",verde,vintage,guitarra,centrado
846,"Quiero estampado de guitarra en zona pecho, color verde, estilo vintage",verde,vintage,guitarra,pecho
847,"Crear camiseta de estilo vintage con motivo de guitarra en color verde, zona esquina",verde,vintage,guitarra,esquina
848,"Crear camiseta de estilo vintage con motivo de guitarra en color verde, zona espalda",verde,vintage,guitarra,espalda
849,"Quiero estampado de calavera en zona centrado, color verde, estilo vintage",verde,vintage,calavera,centrado
850,Camiseta de color verde con motivo vintage de calavera en la zona pecho,verde,vintage,calavera,pecho
851,"Camiseta con imagen de calavera, color verde, estilo vintage, posición esquina",verde,vintage,calavera,esquina
852,"Camiseta con estampado de calavera, color principal verde, estilo visual vintage, zona espalda",verde,vintage,calavera,espalda
853,"Camiseta color verde, estilo vintage, con estampado de lobo en zona centrado",verde,vintage,lobo,centrado
854,"Camiseta con estampado de lobo, color principal verde, estilo visual vintage, zona pecho",verde,vintage,lobo,pecho
855,"Necesito una camiseta con gráfico de lobo en zona esquina, color verde, estilo vintage",verde,vintage,lobo,esquina
856,"Diseño para camiseta: lobo en posición espalda, color verde, estilo visual vintage",verde,vintage,lobo,espalda
857,"Camiseta color verde, estilo vintage, con estampado de águila en zona centrado",verde,vintage,águila,centrado
858,"Camiseta de color verde, diseño de águila, estilo vintage, zona pecho",verde,vintage,águila,pecho
859,"Diseño para camiseta: águila en posición esquina, color verde, estilo visual vintage",verde,vintage,águila,esquina
860,"Generar camiseta de estilo vintage, color verde, imagen de águila en zona espalda",verde,vintage,águila,espalda
861,"Diseño de camiseta: gráfico de sol, color verde, estilo vintage, posición centrado",verde,vintage,sol,centrado
862,"Diseño de camiseta: gráfico de sol, color verde, estilo vintage, posición pecho",verde,vintage,sol,pecho
863,Camiseta de color verde con motivo vintage de sol en la zona esquina,verde,vintage,sol,esquina
864,"Diseño para camiseta: sol en posición espalda, color verde, estilo visual vintage",verde,vintage,sol,espalda
865,"Crear camiseta de estilo vintage con motivo de árbol en color verde, zona centrado",verde,vintage,árbol,centrado
866,"Diseñar camiseta: elemento gráfico árbol, color verde, estilo vintage, ubicación pecho",verde,vintage,árbol,pecho
867,"Quiero diseño de árbol en camiseta color verde, estilo vintage, ubicado en esquina",verde,vintage,árbol,esquina
868,"Camiseta color verde, estilo vintage, con estampado de árbol en zona espalda",verde,vintage,árbol,espalda
869,"Diseñar camiseta: elemento gráfico automóvil, color verde, estilo vintage, ubicación centrado",verde,vintage,automóvil,centrado
870,"Camiseta con imagen de automóvil, color verde, estilo vintage, posición pecho",verde,vintage,automóvil,pecho
871,"Quiero estampado de automóvil en zona esquina, color verde, estilo vintage",verde,vintage,automóvil,esquina
872,"Camiseta de color verde, diseño de automóvil, estilo vintage, zona espalda",verde,vintage,automóvil,espalda
873,"Diseño para camiseta: dragón en posición centrado, color verde, estilo visual vintage",verde,vintage,dragón,centrado
874,"Camiseta con imagen de dragón, color verde, estilo vintage, posición pecho",verde,vintage,dragón,pecho
875,"Camiseta con imagen de dragón, color verde, estilo vintage, posición esquina",verde,vintage,dragón,esquina
876,"Diseño de camiseta: gráfico de dragón, color verde, estilo vintage, posición espalda",verde,vintage,dragón,espalda
877,"Camiseta de color verde, diseño de texto, estilo vintage, zona centrado",verde,vintage,texto,centrado
878,"Quiero una camiseta con diseño de texto en estilo vintage, color verde, posición pecho",verde,vintage,texto,pecho
879,"Diseño de camiseta: gráfico de texto, color verde, estilo vintage, posición esquina",verde,vintage,texto,esquina
880,"Diseño para camiseta: texto en posición espalda, color verde, estilo visual vintage",verde,vintage,texto,espalda
881,"Diseñar camiseta: elemento gráfico montaña, color verde, estilo urbano, ubicación centrado",verde,urbano,montaña,centrado
882,"Quiero diseño de montaña en camiseta color verde, estilo urbano, ubicado en pecho",verde,urbano,montaña,pecho
883,"Camiseta color verde, estilo urbano, con estampado de montaña en zona esquina",verde,urbano,montaña,esquina
884,"Diseñar camiseta: elemento gráfico montaña, color verde, estilo urbano, ubicación espalda",verde,urbano,montaña,espalda
885,"Camiseta de color verde, diseño de guitarra, estilo urbano, zona centrado",verde,urbano,guitarra,centrado
886,"Necesito una camiseta con gráfico de guitarra en zona pecho, color verde, estilo urbano",verde,urbano,guitarra,pecho
887,"Diseño para camiseta: guitarra en posición esquina, color verde, estilo visual urbano",verde,urbano,guitarra,esquina
888,"Generar camiseta de estilo urbano, color verde, imagen de guitarra en zona espalda",verde,urbano,guitarra,espalda
889,"Camiseta con estampado de calavera, color principal verde, estilo visual urbano, zona centrado",verde,urbano,calavera,centrado
890,"Camiseta color verde, estilo urbano, con estampado de calavera en zona pecho",verde,urbano,calavera,pecho
891,"Generar camiseta de estilo urbano, color verde, imagen de calavera en zona esquina",verde,urbano,calavera,esquina
892,"Generar camiseta de estilo urbano, color verde, imagen de calavera en zona espalda",verde,urbano,calavera,espalda
893,Camiseta de color verde con motivo urbano de lobo en la zona centrado,verde,urbano,lobo,centrado
894,"Diseño para camiseta: lobo en posición pecho, color verde, estilo visual urbano",verde,urbano,lobo,pecho
895,"Necesito una camiseta con gráfico de lobo en zona esquina, color verde, estilo urbano",verde,urbano,lobo,esquina
896,Camiseta de color verde con motivo urbano de lobo en la zona espalda,verde,urbano,lobo,espalda
897,"Quiero diseño de águila en camiseta color verde, estilo urbano, ubicado en centrado",verde,urbano,águila,centrado
898,"Diseño para camiseta: águila en posición pecho, color verde, estilo visual urbano",verde,urbano,águila,pecho
899,"Necesito una camiseta con gráfico de águila en zona esquina, color verde, estilo urbano",verde,urbano,águila,esquina
900,"Quiero diseño de águila en camiseta color verde, estilo urbano, ubicado en espalda",verde,urbano,águila,espalda
901,"Quiero una camiseta con diseño de sol en estilo urbano, color verde, posición centrado",verde,urbano,sol,centrado
902,"Camiseta color verde, estilo urbano, con estampado de sol en zona pecho",verde,urbano,sol,pecho
903,"Camiseta de color verde, diseño de sol, estilo urbano, zona esquina",verde,urbano,sol,esquina
904,"Crear camiseta de estilo urbano con motivo de sol en color verde, zona espalda",verde,urbano,sol,espalda
905,"Quiero estampado de árbol en zona centrado, color verde, estilo urbano",verde,urbano,árbol,centrado
906,"Camiseta de color verde, diseño de árbol, estilo urbano, zona pecho",verde,urbano,árbol,pecho
907,"Generar camiseta de estilo urbano, color verde, imagen de árbol en zona esquina",verde,urbano,árbol,esquina
908,"Camiseta con estampado de árbol, color principal verde, estilo visual urbano, zona espalda",verde,urbano,árbol,espalda
909,"Diseño de camiseta: gráfico de automóvil, color verde, estilo urbano, posición centrado",verde,urbano,automóvil,centrado
910,"Quiero una camiseta con diseño de automóvil en estilo urbano, color verde, posición pecho",verde,urbano,automóvil,pecho
911,Camiseta de color verde con motivo urbano de automóvil en la zona esquina,verde,urbano,automóvil,esquina
912,"Diseño de camiseta: gráfico de automóvil, color verde, estilo urbano, posición espalda",verde,urbano,automóvil,espalda
913,"Camiseta de color verde, diseño de dragón, estilo urbano, zona centrado",verde,urbano,dragón,centrado
914,Camiseta de color verde con motivo urbano de dragón en la zona pecho,verde,urbano,dragón,pecho
915,"Camiseta de color verde, diseño de dragón, estilo urbano, zona esquina",verde,urbano,dragón,esquina
916,"Camiseta con estampado de dragón, color principal verde, estilo visual urbano, zona espalda",verde,urbano,dragón,espalda
917,"Camiseta con estampado de texto, color principal verde, estilo visual urbano, zona centrado",verde,urbano,texto,centrado
918,"Quiero diseño de texto en camiseta color verde, estilo urbano, ubicado en pecho",verde,urbano,texto,pecho
919,"Camiseta de color verde, diseño de texto, estilo urbano, zona esquina",verde,urbano,texto,esquina
920,"Camiseta con imagen de texto, color verde, estilo urbano, posición espalda",verde,urbano,texto,espalda
921,"Diseñar camiseta: elemento gráfico montaña, color verde, estilo deportivo, ubicación centrado",verde,deportivo,montaña,centrado
922,"Camiseta con estampado de montaña, color principal verde, estilo visual deportivo, zona pecho",verde,deportivo,montaña,pecho
923,"Diseñar camiseta: elemento gráfico montaña, color verde, estilo deportivo, ubicación esquina",verde,deportivo,montaña,esquina
924,"Camiseta color verde, estilo deportivo, con estampado de montaña en zona espalda",verde,deportivo,montaña,espalda
925,"Diseño de camiseta: gráfico de guitarra, color verde, estilo deportivo, posición centrado",verde,deportivo,guitarra,centrado
926,"Quiero una camiseta con diseño de guitarra en estilo deportivo, color verde, posición pecho",verde,deportivo,guitarra,pecho
927,"Camiseta con imagen de guitarra, color verde, estilo deportivo, posición esquina",verde,deportivo,guitarra,esquina
928,"Camiseta con estampado de guitarra, color principal verde, estilo visual deportivo, zona espalda",verde,deportivo,guitarra,espalda
929,"Camiseta color verde, estilo deportivo, con estampado de calavera en zona centrado",verde,deportivo,calavera,centrado
930,"Crear camiseta de estilo deportivo con motivo de calavera en color verde, zona pecho",verde,deportivo,calavera,pecho
931,"Necesito una camiseta con gráfico de calavera en zona esquina, color verde, estilo deportivo",verde,deportivo,calavera,esquina
932,Camiseta de color verde con motivo deportivo de calavera en la zona espalda,verde,deportivo,calavera,espalda
933,"Generar camiseta de estilo deportivo, color verde, imagen de lobo en zona centrado",verde,deportivo,lobo,centrado
934,"Diseñar camiseta: elemento gráfico lobo, color verde, estilo deportivo, ubicación pecho",verde,deportivo,lobo,pecho
935,"Camiseta con imagen de lobo, color verde, estilo deportivo, posición esquina",verde,deportivo,lobo,esquina
936,"Camiseta con imagen de lobo, color verde, estilo deportivo, posición espalda",verde,deportivo,lobo,espalda
937,"Crear camiseta de estilo deportivo con motivo de águila en color verde, zona centrado",verde,deportivo,águila,centrado
938,"Crear camiseta de estilo deportivo con motivo de águila en color verde, zona pecho",verde,deportivo,águila,pecho
939,"Quiero una camiseta con diseño de águila en estilo deportivo, color verde, posición esquina",verde,deportivo,águila,esquina
940,Camiseta de color verde con motivo deportivo de águila en la zona espalda,verde,deportivo,águila,espalda
941,"Quiero diseño de sol en camiseta color verde, estilo deportivo, ubicado en centrado",verde,deportivo,sol,centrado
942,"Diseñar camiseta: elemento gráfico sol, color verde, estilo deportivo, ubicación pecho",verde,deportivo,sol,pecho
943,"Necesito una camiseta con gráfico de sol en zona esquina, color verde, estilo deportivo",verde,deportivo,sol,esquina
944,"Quiero una camiseta con diseño de sol en estilo deportivo, color verde, posición espalda",verde,deportivo,sol,espalda
945,"Camiseta con imagen de árbol, color verde, estilo deportivo, posición centrado",verde,deportivo,árbol,centrado
946,"Camiseta de color verde, diseño de árbol, estilo deportivo, zona pecho",verde,deportivo,árbol,pecho
947,"Necesito una camiseta con gráfico de árbol en zona esquina, color verde, estilo deportivo",verde,deportivo,árbol,esquina
948,"Camiseta con imagen de árbol, color verde, estilo deportivo, posición espalda",verde,deportivo,árbol,espalda
949,"Diseño de camiseta: gráfico de automóvil, color verde, estilo deportivo, posición centrado",verde,deportivo,automóvil,centrado
950,"Diseño para camiseta: automóvil en posición pecho, color verde, estilo visual deportivo",verde,deportivo,automóvil,pecho
951,"Diseño para camiseta: automóvil en posición esquina, color verde, estilo visual deportivo",verde,deportivo,automóvil,esquina
952,"Crear camiseta de estilo deportivo con motivo de automóvil en color verde, zona espalda",verde,deportivo,automóvil,espalda
953,"Camiseta con estampado de dragón, color principal verde, estilo visual deportivo, zona centrado",verde,deportivo,dragón,centrado
954,"Quiero una camiseta con diseño de dragón en estilo deportivo, color verde, posición pecho",verde,deportivo,dragón,pecho
955,"Camiseta con imagen de dragón, color verde, estilo deportivo, posición esquina",verde,deportivo,dragón,esquina
956,"Crear camiseta de estilo deportivo con motivo de dragón en color verde, zona espalda",verde,deportivo,dragón,espalda
957,"Quiero diseño de texto en camiseta color verde, estilo deportivo, ubicado en centrado",verde,deportivo,texto,centrado
958,"Diseño de camiseta: gráfico de texto, color verde, estilo deportivo, posición pecho",verde,deportivo,texto,pecho
959,"Camiseta con estampado de texto, color principal verde, estilo visual deportivo, zona esquina",verde,deportivo,texto,esquina
960,"Quiero una camiseta con diseño de texto en estilo deportivo, color verde, posición espalda",verde,deportivo,texto,espalda
961,"Crear camiseta de estilo retro con motivo de montaña en color verde, zona centrado",verde,retro,montaña,centrado
962,Camiseta de color verde con motivo retro de montaña en la zona pecho,verde,retro,montaña,pecho
963,"Necesito una camiseta con gráfico de montaña en zona esquina, color verde, estilo retro",verde,retro,montaña,esquina
964,"Quiero diseño de montaña en camiseta color verde, estilo retro, ubicado en espalda",verde,retro,montaña,espalda
965,"Diseño de camiseta: gráfico de guitarra, color verde, estilo retro, posición centrado",verde,retro,guitarra,centrado
966,"Camiseta con imagen de guitarra, color verde, estilo retro, posición pecho",verde,retro,guitarra,pecho
967,Camiseta de color verde con motivo retro de guitarra en la zona esquina,verde,retro,guitarra,esquina
968,"Quiero una camiseta con diseño de guitarra en estilo retro, color verde, posición espalda",verde,retro,guitarra,espalda
969,Camiseta de color verde con motivo retro de calavera en la zona centrado,verde,retro,calavera,centrado
970,"Camiseta con imagen de calavera, color verde, estilo retro, posición pecho",verde,retro,calavera,pecho
971,Camiseta de color verde con motivo retro de calavera en la zona esquina,verde,retro,calavera,esquina
972,"Camiseta de color verde, diseño de calavera, estilo retro, zona espalda",verde,retro,calavera,espalda
973,"Generar camiseta de estilo retro, color verde, imagen de lobo en zona centrado",verde,retro,lobo,centrado
974,"Quiero estampado de lobo en zona pecho, color verde, estilo retro",verde,retro,lobo,pecho
975,"Diseño para camiseta: lobo en posición esquina, color verde, estilo visual retro",verde,retro,lobo,esquina
976,"Diseño de camiseta: gráfico de lobo, color verde, estilo retro, posición espalda",verde,retro,lobo,espalda
977,"Generar camiseta de estilo retro, color verde, imagen de águila en zona centrado",verde,retro,águila,centrado
978,"Quiero una camiseta con diseño de águila en estilo retro, color verde, posición pecho",verde,retro,águila,pecho
979,"Quiero estampado de águila en zona esquina, color verde, estilo retro",verde,retro,águila,esquina
980,"Diseño de camiseta: gráfico de águila, color verde, estilo retro, posición espalda",verde,retro,águila,espalda
981,"Generar camiseta de estilo retro, color verde, imagen de sol en zona centrado",verde,retro,sol,centrado
982,"Camiseta de color verde, diseño de sol, estilo retro, zona pecho",verde,retro,sol,pecho
983,"Quiero diseño de sol en camiseta color verde, estilo retro, ubicado en esquina",verde,retro,sol,esquina
984,"Diseño para camiseta: sol en posición espalda, color verde, estilo visual retro",verde,retro,sol,espalda
985,"Quiero diseño de árbol en camiseta color verde, estilo retro, ubicado en centrado",verde,retro,árbol,centrado
986,"Camiseta color verde, estilo retro, con estampado de árbol en zona pecho",verde,retro,árbol,pecho
987,"Quiero una camiseta con diseño de árbol en estilo retro, color verde, posición esquina",verde,retro,árbol,esquina
988,"Diseño para camiseta: árbol en posición espalda, color verde, estilo visual retro",verde,retro,árbol,espalda
989,"Generar camiseta de estilo retro, color verde, imagen de automóvil en zona centrado",verde,retro,automóvil,centrado
990,"Diseño de camiseta: gráfico de automóvil, color verde, estilo retro, posición pecho",verde,retro,automóvil,pecho
991,"Quiero diseño de automóvil en camiseta color verde, estilo retro, ubicado en esquina",verde,retro,automóvil,esquina
992,"Camiseta color verde, estilo retro, con estampado de automóvil en zona espalda",verde,retro,automóvil,espalda
993,"Crear camiseta de estilo retro con motivo de dragón en color verde, zona centrado",verde,retro,dragón,centrado
994,"Diseñar camiseta: elemento gráfico dragón, color verde, estilo retro, ubicación pecho",verde,retro,dragón,pecho
995,"Diseño para camiseta: dragón en posición esquina, color verde, estilo visual retro",verde,retro,dragón,esquina
996,"Diseñar camiseta: elemento gráfico dragón, color verde, estilo retro, ubicación espalda",verde,retro,dragón,espalda
997,"Crear camiseta de estilo retro con motivo de texto en color verde, zona centrado",verde,retro,texto,centrado
998,"Quiero estampado de texto en zona pecho, color verde, estilo retro",verde,retro,texto,pecho
999,"Diseño de camiseta: gráfico de texto, color verde, estilo retro, posición esquina",verde,retro,texto,esquina
1000,"Necesito una camiseta con gráfico de texto en zona espalda, color verde, estilo retro",verde,retro,texto,espalda
1001,"Camiseta con imagen de montaña, color gris, estilo minimalista, posición centrado",gris,minimalista,montaña,centrado
1002,Camiseta de color gris con motivo minimalista de montaña en la zona pecho,gris,minimalista,montaña,pecho
1003,"Quiero estampado de montaña en zona esquina, color gris, estilo minimalista",gris,minimalista,montaña,esquina
1004,Camiseta de color gris con motivo minimalista de montaña en la zona espalda,gris,minimalista,montaña,espalda
1005,"Camiseta color gris, estilo minimalista, con estampado de guitarra en zona centrado",gris,minimalista,guitarra,centrado
1006,"Camiseta color gris, estilo minimalista, con estampado de guitarra en zona pecho",gris,minimalista,guitarra,pecho
1007,"Diseño para camiseta: guitarra en posición esquina, color gris, estilo visual minimalista",gris,minimalista,guitarra,esquina
1008,"Quiero diseño de guitarra en camiseta color gris, estilo minimalista, ubicado en espalda",gris,minimalista,guitarra,espalda
1009,"Crear camiseta de estilo minimalista con motivo de calavera en color gris, zona centrado",gris,minimalista,calavera,centrado
1010,"Camiseta con imagen de calavera, color gris, estilo minimalista, posición pecho",gris,minimalista,calavera,pecho
1011,"Necesito una camiseta con gráfico de calavera en zona esquina, color gris, estilo minimalista",gris,minimalista,calavera,esquina
1012,"Generar camiseta de estilo minimalista, color gris, imagen de calavera en zona espalda",gris,minimalista,calavera,espalda
1013,"Quiero diseño de lobo en camiseta color gris, estilo minimalista, ubicado en centrado",gris,minimalista,lobo,centrado
1014,"Camiseta con estampado de lobo, color principal gris, estilo visual minimalista, zona pecho",gris,minimalista,lobo,pecho
1015,"Quiero diseño de lobo en camiseta color gris, estilo minimalista, ubicado en esquina",gris,minimalista,lobo,esquina
1016,"Quiero una camiseta con diseño de lobo en estilo minimalista, color gris, posición espalda",gris,minimalista,lobo,espalda
1017,"Necesito una camiseta con gráfico de águila en zona centrado, color gris, estilo minimalista",gris,minimalista,águila,centrado
1018,"Camiseta color gris, estilo minimalista, con estampado de águila en zona pecho",gris,minimalista,águila,pecho
1019,"Camiseta con estampado de águila, color principal gris, estilo visual minimalista, zona esquina",gris,minimalista,águila,esquina
1020,Camiseta de color gris con motivo minimalista de águila en la zona espalda,gris,minimalista,águila,espalda
1021,"Camiseta color gris, estilo minimalista, con estampado de sol en zona centrado",gris,minimalista,sol,centrado
1022,"Camiseta con imagen de sol, color gris, estilo minimalista, posición pecho",gris,minimalista,sol,pecho
1023,"Camiseta con imagen de sol, color gris, estilo minimalista, posición esquina",gris,minimalista,sol,esquina
1024,"Diseño de camiseta: gráfico de sol, color gris, estilo minimalista, posición espalda",gris,minimalista,sol,espalda
1025,"Diseño para camiseta: árbol en posición centrado, color gris, estilo visual minimalista",gris,minimalista,árbol,centrado
1026,"Generar camiseta de estilo minimalista, color gris, imagen de árbol en zona pecho",gris,minimalista,árbol,pecho
1027,"Camiseta de color gris, diseño de árbol, estilo minimalista, zona esquina",gris,minimalista,árbol,esquina
1028,"Camiseta color gris, estilo minimalista, con estampado de árbol en zona espalda",gris,minimalista,árbol,espalda
1029,"Quiero diseño de automóvil en camiseta color gris, estilo minimalista, ubicado en centrado",gris,minimalista,automóvil,centrado
1030,"Generar camiseta de estilo minimalista, color gris, imagen de automóvil en zona pecho",gris,minimalista,automóvil,pecho
1031,"Diseñar camiseta: elemento gráfico automóvil, color gris, estilo minimalista, ubicación esquina",gris,minimalista,automóvil,esquina
1032,"Camiseta color gris, estilo minimalista, con estampado de automóvil en zona espalda",gris,minimalista,automóvil,espalda
1033,"Camiseta con estampado de dragón, color principal gris, estilo visual minimalista, zona centrado",gris,minimalista,dragón,centrado
1034,"Generar camiseta de estilo minimalista, color gris, imagen de dragón en zona pecho",gris,minimalista,dragón,pecho
1035,Camiseta de color gris con motivo minimalista de dragón en la zona esquina,gris,minimalista,dragón,esquina
1036,"Necesito una camiseta con gráfico de dragón en zona espalda, color gris, estilo minimalista",gris,minimalista,dragón,espalda
1037,"Generar camiseta de estilo minimalista, color gris, imagen de texto en zona centrado",gris,minimalista,texto,centrado
1038,"Necesito una camiseta con gráfico de texto en zona pecho, color gris, estilo minimalista",gris,minimalista,texto,pecho
1039,"Camiseta con imagen de texto, color gris, estilo minimalista, posición esquina",gris,minimalista,texto,esquina
1040,"Crear camiseta de estilo minimalista con motivo de texto en color gris, zona espalda",gris,minimalista,texto,espalda
1041,"Necesito una camiseta con gráfico de montaña en zona centrado, color gris, estilo vintage",gris,vintage,montaña,centrado
1042,"Quiero estampado de montaña en zona pecho, color gris, estilo vintage",gris,vintage,montaña,pecho
1043,"Camiseta de color gris, diseño de montaña, estilo vintage, zona esquina",gris,vintage,montaña,esquina
1044,"Quiero estampado de montaña en zona espalda, color gris, estilo vintage",gris,vintage,montaña,espalda
1045,"Camiseta con estampado de guitarra, color principal gris, estilo visual vintage, zona centrado",gris,vintage,guitarra,centrado
1046,"Quiero una camiseta con diseño de guitarra en estilo vintage, color gris, posición pecho",gris,vintage,guitarra,pecho
1047,"Camiseta con estampado de guitarra, color principal gris, estilo visual vintage, zona esquina",gris,vintage,guitarra,esquina
1048,"Crear camiseta de estilo vintage con motivo de guitarra en color gris, zona espalda",gris,vintage,guitarra,espalda
1049,"Diseño para camiseta: calavera en posición centrado, color gris, estilo visual vintage",gris,vintage,calavera,centrado
1050,"Camiseta color gris, estilo vintage, con estampado de calavera en zona pecho",gris,vintage,calavera,pecho
1051,"Quiero estampado de calavera en zona esquina, color gris, estilo vintage",gris,vintage,calavera,esquina
1052,Camiseta de color gris con motivo vintage de calavera en la zona espalda,gris,vintage,calavera,espalda
1053,"Camiseta con estampado de lobo, color principal gris, estilo visual vintage, zona centrado",gris,vintage,lobo,centrado
1054,"Crear camiseta de estilo vintage con motivo de lobo en color gris, zona pecho",gris,vintage,lobo,pecho
1055,"Camiseta color gris, estilo vintage, con estampado de lobo en zona esquina",gris,vintage,lobo,esquina
1056,"Diseño de camiseta: gráfico de lobo, color gris, estilo vintage, posición espalda",gris,vintage,lobo,espalda
1057,"Crear camiseta de estilo vintage con motivo de águila en color gris, zona centrado",gris,vintage,águila,centrado
1058,"Camiseta color gris, estilo vintage, con estampado de águila en zona pecho",gris,vintage,águila,pecho
1059,"Camiseta color gris, estilo vintage, con estampado de águila en zona esquina",gris,vintage,águila,esquina
1060,Camiseta de color gris con motivo vintage de águila en la zona espalda,gris,vintage,águila,espalda
1061,"Camiseta de color gris, diseño de sol, estilo vintage, zona centrado",gris,vintage,sol,centrado
1062,"Quiero una camiseta con diseño de sol en estilo vintage, color gris, posición pecho",gris,vintage,sol,pecho
1063,"Necesito una camiseta con gráfico de sol en zona esquina, color gris, estilo vintage",gris,vintage,sol,esquina
1064,"Camiseta con estampado de sol, color principal gris, estilo visual vintage, zona espalda",gris,vintage,sol,espalda
1065,"Diseño para camiseta: árbol en posición centrado, color gris, estilo visual vintage",gris,vintage,árbol,centrado
1066,"Crear camiseta de estilo vintage con motivo de árbol en color gris, zona pecho",gris,vintage,árbol,pecho
1067,"Camiseta con estampado de árbol, color principal gris, estilo visual vintage, zona esquina",gris,vintage,árbol,esquina
1068,"Necesito una camiseta con gráfico de árbol en zona espalda, color gris, estilo vintage",gris,vintage,árbol,espalda
1069,"Diseño de camiseta: gráfico de automóvil, color gris, estilo vintage, posición centrado",gris,vintage,automóvil,centrado
1070,"Camiseta con imagen de automóvil, color gris, estilo vintage, posición pecho",gris,vintage,automóvil,pecho
1071,"Generar camiseta de estilo vintage, color gris, imagen de automóvil en zona esquina",gris,vintage,automóvil,esquina
1072,"Camiseta color gris, estilo vintage, con estampado de automóvil en zona espalda",gris,vintage,automóvil,espalda
1073,"Quiero estampado de dragón en zona centrado, color gris, estilo vintage",gris,vintage,dragón,centrado
1074,"Quiero estampado de dragón en zona pecho, color gris, estilo vintage",gris,vintage,dragón,pecho
1075,"Generar camiseta de estilo vintage, color gris, imagen de dragón en zona esquina",gris,vintage,dragón,esquina
1076,"Diseño para camiseta: dragón en posición espalda, color gris, estilo visual vintage",gris,vintage,dragón,espalda
1077,"Crear camiseta de estilo vintage con motivo de texto en color gris, zona centrado",gris,vintage,texto,centrado
1078,"Quiero estampado de texto en zona pecho, color gris, estilo vintage",gris,vintage,texto,pecho
1079,"Generar camiseta de estilo vintage, color gris, imagen de texto en zona esquina",gris,vintage,texto,esquina
1080,"Generar camiseta de estilo vintage, color gris, imagen de texto en zona espalda",gris,vintage,texto,espalda
1081,"Crear camiseta de estilo urbano con motivo de montaña en color gris, zona centrado",gris,urbano,montaña,centrado
1082,"Camiseta color gris, estilo urbano, con estampado de montaña en zona pecho",gris,urbano,montaña,pecho
1083,"Necesito una camiseta con gráfico de montaña en zona esquina, color gris, estilo urbano",gris,urbano,montaña,esquina
1084,"Necesito una camiseta con gráfico de montaña en zona espalda, color gris, estilo urbano",gris,urbano,montaña,espalda
1085,"Necesito una camiseta con gráfico de guitarra en zona centrado, color gris, estilo urbano",gris,urbano,guitarra,centrado
1086,"Camiseta con estampado de guitarra, color principal gris, estilo visual urbano, zona pecho",gris,urbano,guitarra,pecho
1087,"Quiero una camiseta con diseño de guitarra en estilo urbano, color gris, posición esquina",gris,urbano,guitarra,esquina
1088,"Crear camiseta de estilo urbano con motivo de guitarra en color gris, zona espalda",gris,urbano,guitarra,espalda
1089,"Camiseta con estampado de calavera, color principal gris, estilo visual urbano, zona centrado",gris,urbano,calavera,centrado
1090,"Generar camiseta de estilo urbano, color gris, imagen de calavera en zona pecho",gris,urbano,calavera,pecho
1091,"Quiero una camiseta con diseño de calavera en estilo urbano, color gris, posición esquina",gris,urbano,calavera,esquina
1092,"Crear camiseta de estilo urbano con motivo de calavera en color gris, zona espalda",gris,urbano,calavera,espalda
1093,"Quiero estampado de lobo en zona centrado, color gris, estilo urbano",gris,urbano,lobo,centrado
1094,Camiseta de color gris con motivo urbano de lobo en la zona pecho,gris,urbano,lobo,pecho
1095,"Crear camiseta de estilo urbano con motivo de lobo en color gris, zona esquina",gris,urbano,lobo,esquina
1096,"Diseñar camiseta: elemento gráfico lobo, color gris, estilo urbano, ubicación espalda",gris,urbano,lobo,espalda
1097,"Camiseta con estampado de águila, color principal gris, estilo visual urbano, zona centrado",gris,urbano,águila,centrado
1098,"Camiseta con estampado de águila, color principal gris, estilo visual urbano, zona pecho",gris,urbano,águila,pecho
1099,"Crear camiseta de estilo urbano con motivo de águila en color gris, zona esquina",gris,urbano,águila,esquina
1100,"Camiseta color gris, estilo urbano, con estampado de águila en zona espalda",gris,urbano,águila,espalda
1101,"Necesito una camiseta con gráfico de sol en zona centrado, color gris, estilo urbano",gris,urbano,sol,centrado
1102,"Crear camiseta de estilo urbano con motivo de sol en color gris, zona pecho",gris,urbano,sol,pecho
1103,"Camiseta con imagen de sol, color gris, estilo urbano, posición esquina",gris,urbano,sol,esquina
1104,Camiseta de color gris con motivo urbano de sol en la zona espalda,gris,urbano,sol,espalda
1105,"Quiero estampado de árbol en zona centrado, color gris, estilo urbano",gris,urbano,árbol,centrado
1106,"Camiseta con imagen de árbol, color gris, estilo urbano, posición pecho",gris,urbano,árbol,pecho
1107,"Necesito una camiseta con gráfico de árbol en zona esquina, color gris, estilo urbano",gris,urbano,árbol,esquina
1108,"Quiero una camiseta con diseño de árbol en estilo urbano, color gris, posición espalda",gris,urbano,árbol,espalda
1109,"Quiero diseño de automóvil en camiseta color gris, estilo urbano, ubicado en centrado",gris,urbano,automóvil,centrado
1110,"Camiseta con estampado de automóvil, color principal gris, estilo visual urbano, zona pecho",gris,urbano,automóvil,pecho
1111,"Necesito una camiseta con gráfico de automóvil en zona esquina, color gris, estilo urbano",gris,urbano,automóvil,esquina
1112,"Camiseta con estampado de automóvil, color principal gris, estilo visual urbano, zona espalda",gris,urbano,automóvil,espalda
1113,"Generar camiseta de estilo urbano, color gris, imagen de dragón en zona centrado",gris,urbano,dragón,centrado
1114,"Diseñar camiseta: elemento gráfico dragón, color gris, estilo urbano, ubicación pecho",gris,urbano,dragón,pecho
1115,"Necesito una camiseta con gráfico de dragón en zona esquina, color gris, estilo urbano",gris,urbano,dragón,esquina
1116,"Camiseta de color gris, diseño de dragón, estilo urbano, zona espalda",gris,urbano,dragón,espalda
1117,"Crear camiseta de estilo urbano con motivo de texto en color gris, zona centrado",gris,urbano,texto,centrado
1118,"Quiero estampado de texto en zona pecho, color gris, estilo urbano",gris,urbano,texto,pecho
1119,"Diseñar camiseta: elemento gráfico texto, color gris, estilo urbano, ubicación esquina",gris,urbano,texto,esquina
1120,"Necesito una camiseta con gráfico de texto en zona espalda, color gris, estilo urbano",gris,urbano,texto,espalda
1121,"Camiseta de color gris, diseño de montaña, estilo deportivo, zona centrado",gris,deportivo,montaña,centrado
1122,"Camiseta de color gris, diseño de montaña, estilo deportivo, zona pecho",gris,deportivo,montaña,pecho
1123,"Quiero estampado de montaña en zona esquina, color gris, estilo deportivo",gris,deportivo,montaña,esquina
1124,"Necesito una camiseta con gráfico de montaña en zona espalda, color gris, estilo deportivo",gris,deportivo,montaña,espalda
1125,"Crear camiseta de estilo deportivo con motivo de guitarra en color gris, zona centrado",gris,deportivo,guitarra,centrado
1126,"Diseñar camiseta: elemento gráfico guitarra, color gris, estilo deportivo, ubicación pecho",gris,deportivo,guitarra,pecho
1127,"Diseño de camiseta: gráfico de guitarra, color gris, estilo deportivo, posición esquina",gris,deportivo,guitarra,esquina
1128,"Quiero diseño de guitarra en camiseta color gris, estilo deportivo, ubicado en espalda",gris,deportivo,guitarra,espalda
1129,Camiseta de color gris con motivo deportivo de calavera en la zona centrado,gris,deportivo,calavera,centrado
1130,"Camiseta color gris, estilo deportivo, con estampado de calavera en zona pecho",gris,deportivo,calavera,pecho
1131,"Quiero una camiseta con diseño de calavera en estilo deportivo, color gris, posición esquina",gris,deportivo,calavera,esquina
1132,"Quiero diseño de calavera en camiseta color gris, estilo deportivo, ubicado en espalda",gris,deportivo,calavera,espalda
1133,"Camiseta de color gris, diseño de lobo, estilo deportivo, zona centrado",gris,deportivo,lobo,centrado
1134,"Camiseta con imagen de lobo, color gris, estilo deportivo, posición pecho",gris,deportivo,lobo,pecho
1135,"Necesito una camiseta con gráfico de lobo en zona esquina, color gris, estilo deportivo",gris,deportivo,lobo,esquina
1136,"Camiseta color gris, estilo deportivo, con estampado de lobo en zona espalda",gris,deportivo,lobo,espalda
1137,"Camiseta color gris, estilo deportivo, con estampado de águila en zona centrado",gris,deportivo,águila,centrado
1138,"Camiseta color gris, estilo deportivo, con estampado de águila en zona pecho",gris,deportivo,águila,pecho
1139,"Generar camiseta de estilo deportivo, color gris, imagen de águila en zona esquina",gris,deportivo,águila,esquina
1140,"Diseñar camiseta: elemento gráfico águila, color gris, estilo deportivo, ubicación espalda",gris,deportivo,águila,espalda
1141,"Camiseta de color gris, diseño de sol, estilo deportivo, zona centrado",gris,deportivo,sol,centrado
1142,"Necesito una camiseta con gráfico de sol en zona pecho, color gris, estilo deportivo",gris,deportivo,sol,pecho
1143,"Quiero diseño de sol en camiseta color gris, estilo deportivo, ubicado en esquina",gris,deportivo,sol,esquina
1144,"Camiseta color gris, estilo deportivo, con estampado de sol en zona espalda",gris,deportivo,sol,espalda
1145,"Quiero una camiseta con diseño de árbol en estilo deportivo, color gris, posición centrado",gris,deportivo,árbol,centrado
1146,"Quiero diseño de árbol en camiseta color gris, estilo deportivo, ubicado en pecho",gris,deportivo,árbol,pecho
1147,"Quiero una camiseta con diseño de árbol en estilo deportivo, color gris, posición esquina",gris,deportivo,árbol,esquina
1148,"Diseño para camiseta: árbol en posición espalda, color gris, estilo visual deportivo",gris,deportivo,árbol,espalda
1149,"Camiseta color gris, estilo deportivo, con estampado de automóvil en zona centrado",gris,deportivo,automóvil,centrado
1150,"Quiero una camiseta con diseño de automóvil en estilo deportivo, color gris, posición pecho",gris,deportivo,automóvil,pecho
1151,"Camiseta con imagen de automóvil, color gris, estilo deportivo, posición esquina",gris,deportivo,automóvil,esquina
1152,"Diseño de camiseta: gráfico de automóvil, color gris, estilo deportivo, posición espalda",gris,deportivo,automóvil,espalda
1153,"Diseño de camiseta: gráfico de dragón, color gris, estilo deportivo, posición centrado",gris,deportivo,dragón,centrado
1154,"Camiseta de color gris, diseño de dragón, estilo deportivo, zona pecho",gris,deportivo,dragón,pecho
1155,"Diseñar camiseta: elemento gráfico dragón, color gris, estilo deportivo, ubicación esquina",gris,deportivo,dragón,esquina
1156,"Diseñar camiseta: elemento gráfico dragón, color gris, estilo deportivo, ubicación espalda",gris,deportivo,dragón,espalda
1157,Camiseta de color gris con motivo deportivo de texto en la zona centrado,gris,deportivo,texto,centrado
1158,"Camiseta con imagen de texto, color gris, estilo deportivo, posición pecho",gris,deportivo,texto,pecho
1159,"Necesito una camiseta con gráfico de texto en zona esquina, color gris, estilo deportivo",gris,deportivo,texto,esquina
1160,"Quiero una camiseta con diseño de texto en estilo deportivo, color gris, posición espalda",gris,deportivo,texto,espalda
1161,"Camiseta con estampado de montaña, color principal gris, estilo visual retro, zona centrado",gris,retro,montaña,centrado
1162,"Quiero una camiseta con diseño de montaña en estilo retro, color gris, posición pecho",gris,retro,montaña,pecho
1163,"Quiero estampado de montaña en zona esquina, color gris, estilo retro",gris,retro,montaña,esquina
1164,Camiseta de color gris con motivo retro de montaña en la zona espalda,gris,retro,montaña,espalda
1165,"Diseño para camiseta: guitarra en posición centrado, color gris, estilo visual retro",gris,retro,guitarra,centrado
1166,"Camiseta con imagen de guitarra, color gris, estilo retro, posición pecho",gris,retro,guitarra,pecho
1167,"Camiseta con imagen de guitarra, color gris, estilo retro, posición esquina",gris,retro,guitarra,esquina
1168,Camiseta de color gris con motivo retro de guitarra en la zona espalda,gris,retro,guitarra,espalda
1169,"Camiseta con imagen de calavera, color gris, estilo retro, posición centrado",gris,retro,calavera,centrado
1170,"Camiseta con estampado de calavera, color principal gris, estilo visual retro, zona pecho",gris,retro,calavera,pecho
1171,Camiseta de color gris con motivo retro de calavera en la zona esquina,gris,retro,calavera,esquina
1172,"Quiero estampado de calavera en zona espalda, color gris, estilo retro",gris,retro,calavera,espalda
1173,"Diseño para camiseta: lobo en posición centrado, color gris, estilo visual retro",gris,retro,lobo,centrado
1174,"Camiseta color gris, estilo retro, con estampado de lobo en zona pecho",gris,retro,lobo,pecho
1175,"Camiseta color gris, estilo retro, con estampado de lobo en zona esquina",gris,retro,lobo,esquina
1176,"Necesito una camiseta con gráfico de lobo en zona espalda, color gris, estilo retro",gris,retro,lobo,espalda
1177,"Quiero diseño de águila en camiseta color gris, estilo retro, ubicado en centrado",gris,retro,águila,centrado
1178,"Camiseta con imagen de águila, color gris, estilo retro, posición pecho",gris,retro,águila,pecho
1179,"Diseño para camiseta: águila en posición esquina, color gris, estilo visual retro",gris,retro,águila,esquina
1180,"Necesito una camiseta con gráfico de águila en zona espalda, color gris, estilo retro",gris,retro,águila,espalda
1181,"Camiseta con imagen de sol, color gris, estilo retro, posición centrado",gris,retro,sol,centrado
1182,"Camiseta con imagen de sol, color gris, estilo retro, posición pecho",gris,retro,sol,pecho
1183,"Camiseta de color gris, diseño de sol, estilo retro, zona esquina",gris,retro,sol,esquina
1184,"Camiseta con imagen de sol, color gris, estilo retro, posición espalda",gris,retro,sol,espalda
1185,"Crear camiseta de estilo retro con motivo de árbol en color gris, zona centrado",gris,retro,árbol,centrado
1186,"Quiero una camiseta con diseño de árbol en estilo retro, color gris, posición pecho",gris,retro,árbol,pecho
1187,Camiseta de color gris con motivo retro de árbol en la zona esquina,gris,retro,árbol,esquina
1188,"Camiseta con estampado de árbol, color principal gris, estilo visual retro, zona espalda",gris,retro,árbol,espalda
1189,"Diseño de camiseta: gráfico de automóvil, color gris, estilo retro, posición centrado",gris,retro,automóvil,centrado
1190,"Camiseta con estampado de automóvil, color principal gris, estilo visual retro, zona pecho",gris,retro,automóvil,pecho
1191,"Necesito una camiseta con gráfico de automóvil en zona esquina, color gris, estilo retro",gris,retro,automóvil,esquina
1192,"Diseño de camiseta: gráfico de automóvil, color gris, estilo retro, posición espalda",gris,retro,automóvil,espalda
1193,"Quiero una camiseta con diseño de dragón en estilo retro, color gris, posición centrado",gris,retro,dragón,centrado
1194,"Diseñar camiseta: elemento gráfico dragón, color gris, estilo retro, ubicación pecho",gris,retro,dragón,pecho
1195,"Camiseta con estampado de dragón, color principal gris, estilo visual retro, zona esquina",gris,retro,dragón,esquina
1196,"Diseñar camiseta: elemento gráfico dragón, color gris, estilo retro, ubicación espalda",gris,retro,dragón,espalda
1197,"Quiero estampado de texto en zona centrado, color gris, estilo retro",gris,retro,texto,centrado
1198,"Quiero una camiseta con diseño de texto en estilo retro, color gris, posición pecho",gris,retro,texto,pecho
1199,"Diseñar camiseta: elemento gráfico texto, color gris, estilo retro, ubicación esquina",gris,retro,texto,esquina
1200,"Camiseta de color gris, diseño de texto, estilo retro, zona espalda",gris,retro,texto,espalda
1201,"Diseño para camiseta: guitarra en posición espalda, color azul, estilo visual retro",azul,retro,guitarra,espalda
1202,"Camiseta color negro, estilo minimalista, con estampado de automóvil en zona esquina",negro,minimalista,automóvil,esquina
1203,"Crear camiseta de estilo deportivo con motivo de calavera en color blanco, zona esquina",blanco,deportivo,calavera,esquina
1204,"Camiseta con imagen de árbol, color blanco, estilo vintage, posición espalda",blanco,vintage,árbol,espalda
1205,"Camiseta color verde, estilo urbano, con estampado de montaña en zona espalda",verde,urbano,montaña,espalda
1206,"Necesito una camiseta con gráfico de lobo en zona centrado, color verde, estilo minimalista",verde,minimalista,lobo,centrado
1207,"Camiseta de color gris, diseño de automóvil, estilo vintage, zona esquina",gris,vintage,automóvil,esquina
1208,"Camiseta con estampado de árbol, color principal negro, estilo visual urbano, zona centrado",negro,urbano,árbol,centrado
1209,"Necesito una camiseta con gráfico de árbol en zona esquina, color rojo, estilo urbano",rojo,urbano,árbol,esquina
1210,"Crear camiseta de estilo minimalista con motivo de dragón en color negro, zona espalda",negro,minimalista,dragón,espalda
1211,"Necesito una camiseta con gráfico de sol en zona esquina, color blanco, estilo vintage",blanco,vintage,sol,esquina
1212,"Crear camiseta de estilo minimalista con motivo de guitarra en color azul, zona esquina",azul,minimalista,guitarra,esquina
1213,"Quiero diseño de automóvil en camiseta color negro, estilo minimalista, ubicado en espalda",negro,minimalista,automóvil,espalda
1214,"Camiseta color blanco, estilo minimalista, con estampado de texto en zona esquina",blanco,minimalista,texto,esquina
1215,"Quiero una camiseta con diseño de águila en estilo retro, color azul, posición espalda",azul,retro,águila,espalda
1216,"Diseño de camiseta: gráfico de lobo, color azul, estilo vintage, posición pecho",azul,vintage,lobo,pecho
1217,"Camiseta con estampado de árbol, color principal blanco, estilo visual vintage, zona centrado",blanco,vintage,árbol,centrado
1218,"Necesito una camiseta con gráfico de árbol en zona espalda, color azul, estilo urbano",azul,urbano,árbol,espalda
1219,Camiseta de color verde con motivo retro de calavera en la zona espalda,verde,retro,calavera,espalda
1220,Camiseta de color negro con motivo minimalista de guitarra en la zona espalda,negro,minimalista,guitarra,espalda
1221,"Diseño de camiseta: gráfico de guitarra, color verde, estilo retro, posición esquina",verde,retro,guitarra,esquina
1222,"Camiseta con imagen de texto, color verde, estilo minimalista, posición pecho",verde,minimalista,texto,pecho
1223,"Diseño de camiseta: gráfico de calavera, color rojo, estilo minimalista, posición centrado",rojo,minimalista,calavera,centrado
1224,Camiseta de color negro con motivo retro de árbol en la zona esquina,negro,retro,árbol,esquina
1225,"Camiseta con estampado de automóvil, color principal gris, estilo visual deportivo, zona centrado",gris,deportivo,automóvil,centrado
1226,"Diseño para camiseta: montaña en posición espalda, color rojo, estilo visual minimalista",rojo,minimalista,montaña,espalda
1227,"Quiero una camiseta con diseño de automóvil en estilo urbano, color negro, posición espalda",negro,urbano,automóvil,espalda
1228,"Quiero estampado de texto en zona centrado, color negro, estilo urbano",negro,urbano,texto,centrado
1229,"Camiseta con estampado de águila, color principal gris, estilo visual minimalista, zona centrado",gris,minimalista,águila,centrado
1230,"Diseño de camiseta: gráfico de guitarra, color azul, estilo deportivo, posición centrado",azul,deportivo,guitarra,centrado
1231,"Diseñar camiseta: elemento gráfico calavera, color verde, estilo retro, ubicación centrado",verde,retro,calavera,centrado
1232,"Necesito una camiseta con gráfico de dragón en zona espalda, color verde, estilo vintage",verde,vintage,dragón,espalda
1233,"Quiero diseño de montaña en camiseta color azul, estilo vintage, ubicado en espalda",azul,vintage,montaña,espalda
1234,"Diseñar camiseta: elemento gráfico guitarra, color gris, estilo retro, ubicación espalda",gris,retro,guitarra,espalda
1235,"Quiero una camiseta con diseño de lobo en estilo vintage, color rojo, posición esquina",rojo,vintage,lobo,esquina
1236,"Camiseta de color azul, diseño de sol, estilo vintage, zona esquina",azul,vintage,sol,esquina
1237,"Diseñar camiseta: elemento gráfico dragón, color verde, estilo retro, ubicación espalda",verde,retro,dragón,espalda
1238,Camiseta de color azul con motivo deportivo de sol en la zona esquina,azul,deportivo,sol,esquina
1239,"Necesito una camiseta con gráfico de dragón en zona esquina, color gris, estilo minimalista",gris,minimalista,dragón,esquina
1240,"Camiseta con imagen de lobo, color azul, estilo urbano, posición centrado",azul,urbano,lobo,centrado
1241,"Crear camiseta de estilo vintage con motivo de guitarra en color verde, zona pecho",verde,vintage,guitarra,pecho
1242,"Quiero diseño de lobo en camiseta color negro, estilo vintage, ubicado en esquina",negro,vintage,lobo,esquina
1243,"Camiseta con imagen de dragón, color blanco, estilo vintage, posición pecho",blanco,vintage,dragón,pecho
1244,"Necesito una camiseta con gráfico de árbol en zona espalda, color blanco, estilo deportivo",blanco,deportivo,árbol,espalda
1245,"Camiseta color negro, estilo urbano, con estampado de lobo en zona espalda",negro,urbano,lobo,espalda
1246,"Quiero una camiseta con diseño de texto en estilo vintage, color blanco, posición espalda",blanco,vintage,texto,espalda
1247,"Camiseta color negro, estilo deportivo, con estampado de montaña en zona pecho",negro,deportivo,montaña,pecho
1248,"Crear camiseta de estilo deportivo con motivo de lobo en color blanco, zona pecho",blanco,deportivo,lobo,pecho
1249,"Necesito una camiseta con gráfico de montaña en zona esquina, color azul, estilo retro",azul,retro,montaña,esquina
1250,"Crear camiseta de estilo minimalista con motivo de texto en color rojo, zona pecho",rojo,minimalista,texto,pecho
1251,"Diseño para camiseta: guitarra en posición centrado, color rojo, estilo visual vintage",rojo,vintage,guitarra,centrado
1252,"Necesito una camiseta con gráfico de calavera en zona espalda, color blanco, estilo vintage",blanco,vintage,calavera,espalda
1253,"Quiero estampado de montaña en zona centrado, color blanco, estilo deportivo",blanco,deportivo,montaña,centrado
1254,"Quiero estampado de montaña en zona espalda, color gris, estilo deportivo",gris,deportivo,montaña,espalda
1255,"Camiseta color azul, estilo retro, con estampado de águila en zona pecho",azul,retro,águila,pecho
1256,"Camiseta color azul, estilo deportivo, con estampado de calavera en zona esquina",azul,deportivo,calavera,esquina
1257,"Quiero una camiseta con diseño de guitarra en estilo minimalista, color blanco, posición pecho",blanco,minimalista,guitarra,pecho
1258,"Camiseta con imagen de dragón, color verde, estilo vintage, posición esquina",verde,vintage,dragón,esquina
1259,"Camiseta de color negro, diseño de texto, estilo retro, zona centrado",negro,retro,texto,centrado
1260,"Diseño para camiseta: lobo en posición espalda, color rojo, estilo visual vintage",rojo,vintage,lobo,espalda
1261,"Crear camiseta de estilo retro con motivo de árbol en color gris, zona espalda",gris,retro,árbol,espalda
1262,"Generar camiseta de estilo retro, color azul, imagen de guitarra en zona espalda",azul,retro,guitarra,espalda
1263,"Camiseta con imagen de automóvil, color azul, estilo vintage, posición centrado",azul,vintage,automóvil,centrado
1264,"Necesito una camiseta con gráfico de sol en zona pecho, color verde, estilo minimalista",verde,minimalista,sol,pecho
1265,"Camiseta de color gris, diseño de calavera, estilo minimalista, zona espalda",gris,minimalista,calavera,espalda
1266,"Quiero una camiseta con diseño de calavera en estilo deportivo, color verde, posición espalda",verde,deportivo,calavera,espalda
1267,"Camiseta con estampado de dragón, color principal blanco, estilo visual vintage, zona esquina",blanco,vintage,dragón,esquina
1268,"Diseño de camiseta: gráfico de texto, color negro, estilo minimalista, posición esquina",negro,minimalista,texto,esquina
1269,"Quiero diseño de águila en camiseta color blanco, estilo retro, ubicado en esquina",blanco,retro,águila,esquina
1270,"Quiero diseño de montaña en camiseta color blanco, estilo deportivo, ubicado en pecho",blanco,deportivo,montaña,pecho
1271,"Camiseta con imagen de lobo, color blanco, estilo vintage, posición pecho",blanco,vintage,lobo,pecho
1272,"Camiseta con imagen de calavera, color gris, estilo deportivo, posición espalda",gris,deportivo,calavera,espalda
1273,"Camiseta de color gris, diseño de calavera, estilo vintage, zona espalda",gris,vintage,calavera,espalda
1274,Camiseta de color blanco con motivo retro de águila en la zona pecho,blanco,retro,águila,pecho
1275,"Diseño de camiseta: gráfico de árbol, color azul, estilo retro, posición esquina",azul,retro,árbol,esquina
1276,"Quiero diseño de dragón en camiseta color rojo, estilo vintage, ubicado en esquina",rojo,vintage,dragón,esquina
1277,"Necesito una camiseta con gráfico de águila en zona pecho, color gris, estilo urbano",gris,urbano,águila,pecho
1278,"Camiseta con imagen de automóvil, color rojo, estilo deportivo, posición esquina",rojo,deportivo,automóvil,esquina
1279,"Camiseta de color blanco, diseño de texto, estilo urbano, zona pecho",blanco,urbano,texto,pecho
1280,Camiseta de color blanco con motivo urbano de lobo en la zona espalda,blanco,urbano,lobo,espalda
1281,Camiseta de color azul con motivo vintage de dragón en la zona pecho,azul,vintage,dragón,pecho
1282,"Diseñar camiseta: elemento gráfico dragón, color blanco, estilo urbano, ubicación espalda",blanco,urbano,dragón,espalda
1283,"Camiseta color azul, estilo urbano, con estampado de sol en zona pecho",azul,urbano,sol,pecho
1284,"Quiero estampado de texto en zona pecho, color gris, estilo vintage",gris,vintage,texto,pecho
1285,"Diseño de camiseta: gráfico de texto, color rojo, estilo vintage, posición espalda",rojo,vintage,texto,espalda
1286,"Camiseta color blanco, estilo vintage, con estampado de sol en zona espalda",blanco,vintage,sol,espalda
1287,"Necesito una camiseta con gráfico de texto en zona pecho, color gris, estilo retro",gris,retro,texto,pecho
1288,"Diseñar camiseta: elemento gráfico calavera, color azul, estilo minimalista, ubicación espalda",azul,minimalista,calavera,espalda
1289,"Camiseta con imagen de automóvil, color negro, estilo urbano, posición pecho",negro,urbano,automóvil,pecho
1290,"Diseño para camiseta: águila en posición centrado, color negro, estilo visual vintage",negro,vintage,águila,centrado
1291,"Diseño de camiseta: gráfico de calavera, color negro, estilo deportivo, posición espalda",negro,deportivo,calavera,espalda
1292,"Quiero diseño de dragón en camiseta color azul, estilo deportivo, ubicado en centrado",azul,deportivo,dragón,centrado
1293,"Camiseta color verde, estilo deportivo, con estampado de automóvil en zona esquina",verde,deportivo,automóvil,esquina
1294,"Quiero una camiseta con diseño de árbol en estilo urbano, color rojo, posición esquina",rojo,urbano,árbol,esquina
1295,"Camiseta color negro, estilo vintage, con estampado de texto en zona centrado",negro,vintage,texto,centrado
1296,"Generar camiseta de estilo vintage, color rojo, imagen de águila en zona pecho",rojo,vintage,águila,pecho
1297,"Diseño para camiseta: dragón en posición espalda, color gris, estilo visual retro",gris,retro,dragón,espalda
1298,"Generar camiseta de estilo minimalista, color azul, imagen de dragón en zona esquina",azul,minimalista,dragón,esquina
1299,"Generar camiseta de estilo retro, color gris, imagen de guitarra en zona pecho",gris,retro,guitarra,pecho
1300,"Diseño de camiseta: gráfico de dragón, color gris, estilo minimalista, posición centrado",gris,minimalista,dragón,centrado
1301,"Quiero una camiseta con diseño de lobo en estilo minimalista, color negro, posición pecho",negro,minimalista,lobo,pecho
1302,"Quiero diseño de árbol en camiseta color verde, estilo vintage, ubicado en centrado",verde,vintage,árbol,centrado
1303,"Diseñar camiseta: elemento gráfico águila, color verde, estilo minimalista, ubicación esquina",verde,minimalista,águila,esquina
1304,"Generar camiseta de estilo vintage, color azul, imagen de guitarra en zona centrado",azul,vintage,guitarra,centrado
1305,"Diseño para camiseta: montaña en posición centrado, color blanco, estilo visual deportivo",blanco,deportivo,montaña,centrado
1306,"Crear camiseta de estilo retro con motivo de calavera en color azul, zona pecho",azul,retro,calavera,pecho
1307,"Camiseta color negro, estilo deportivo, con estampado de lobo en zona pecho",negro,deportivo,lobo,pecho
1308,"Necesito una camiseta con gráfico de montaña en zona pecho, color rojo, estilo deportivo",rojo,deportivo,montaña,pecho
1309,"Diseño de camiseta: gráfico de árbol, color rojo, estilo deportivo, posición centrado",rojo,deportivo,árbol,centrado
1310,"Diseño para camiseta: árbol en posición centrado, color gris, estilo visual deportivo",gris,deportivo,árbol,centrado
1311,"Quiero diseño de calavera en camiseta color gris, estilo vintage, ubicado en espalda",gris,vintage,calavera,espalda
1312,Camiseta de color blanco con motivo urbano de texto en la zona centrado,blanco,urbano,texto,centrado
1313,"Quiero estampado de montaña en zona centrado, color azul, estilo minimalista",azul,minimalista,montaña,centrado
1314,"Camiseta de color blanco, diseño de lobo, estilo minimalista, zona esquina",blanco,minimalista,lobo,esquina
1315,"Camiseta color gris, estilo urbano, con estampado de lobo en zona espalda",gris,urbano,lobo,espalda
1316,"Quiero una camiseta con diseño de guitarra en estilo vintage, color gris, posición centrado",gris,vintage,guitarra,centrado
1317,"Generar camiseta de estilo deportivo, color blanco, imagen de texto en zona esquina",blanco,deportivo,texto,esquina
1318,"Necesito una camiseta con gráfico de guitarra en zona esquina, color azul, estilo retro",azul,retro,guitarra,esquina
1319,"Generar camiseta de estilo deportivo, color azul, imagen de calavera en zona esquina",azul,deportivo,calavera,esquina
1320,"Quiero una camiseta con diseño de sol en estilo retro, color negro, posición espalda",negro,retro,sol,espalda
1321,Camiseta de color verde con motivo urbano de dragón en la zona espalda,verde,urbano,dragón,espalda
1322,"Diseño para camiseta: guitarra en posición espalda, color azul, estilo visual vintage",azul,vintage,guitarra,espalda
1323,"Quiero diseño de lobo en camiseta color verde, estilo deportivo, ubicado en esquina",verde,deportivo,lobo,esquina
1324,"Quiero estampado de texto en zona centrado, color azul, estilo minimalista",azul,minimalista,texto,centrado
1325,"Quiero diseño de montaña en camiseta color negro, estilo minimalista, ubicado en centrado",negro,minimalista,montaña,centrado
1326,"Camiseta de color blanco, diseño de automóvil, estilo retro, zona centrado",blanco,retro,automóvil,centrado
1327,"Diseño de camiseta: gráfico de sol, color negro, estilo minimalista, posición espalda",negro,minimalista,sol,espalda
1328,"Quiero diseño de dragón en camiseta color gris, estilo urbano, ubicado en esquina",gris,urbano,dragón,esquina
1329,"Quiero estampado de lobo en zona esquina, color gris, estilo vintage",gris,vintage,lobo,esquina
1330,"Camiseta color verde, estilo retro, con estampado de texto en zona pecho",verde,retro,texto,pecho
1331,"Diseño para camiseta: calavera en posición pecho, color blanco, estilo visual retro",blanco,retro,calavera,pecho
1332,"Camiseta de color negro, diseño de automóvil, estilo vintage, zona pecho",negro,vintage,automóvil,pecho
1333,"Camiseta con estampado de lobo, color principal gris, estilo visual vintage, zona pecho",gris,vintage,lobo,pecho
1334,"Quiero estampado de águila en zona centrado, color gris, estilo deportivo",gris,deportivo,águila,centrado
1335,"Generar camiseta de estilo urbano, color negro, imagen de sol en zona esquina",negro,urbano,sol,esquina
1336,"Camiseta con imagen de sol, color rojo, estilo retro, posición espalda",rojo,retro,sol,espalda
1337,Camiseta de color negro con motivo urbano de montaña en la zona espalda,negro,urbano,montaña,espalda
1338,"Camiseta color verde, estilo urbano, con estampado de dragón en zona centrado",verde,urbano,dragón,centrado
1339,"Diseño de camiseta: gráfico de texto, color verde, estilo urbano, posición espalda",verde,urbano,texto,espalda
1340,"Camiseta color negro, estilo deportivo, con estampado de dragón en zona esquina",negro,deportivo,dragón,esquina
1341,Camiseta de color rojo con motivo retro de calavera en la zona esquina,rojo,retro,calavera,esquina
1342,"Camiseta de color azul, diseño de águila, estilo vintage, zona espalda",azul,vintage,águila,espalda
1343,"Camiseta con estampado de texto, color principal blanco, estilo visual urbano, zona esquina",blanco,urbano,texto,esquina
1344,"Necesito una camiseta con gráfico de guitarra en zona esquina, color gris, estilo vintage",gris,vintage,guitarra,esquina
1345,"Quiero estampado de árbol en zona espalda, color rojo, estilo urbano",rojo,urbano,árbol,espalda
1346,"Diseñar camiseta: elemento gráfico lobo, color blanco, estilo vintage, ubicación esquina",blanco,vintage,lobo,esquina
1347,"Necesito una camiseta con gráfico de guitarra en zona espalda, color azul, estilo vintage",azul,vintage,guitarra,espalda
1348,"Camiseta color verde, estilo vintage, con estampado de dragón en zona espalda",verde,vintage,dragón,espalda
1349,"Crear camiseta de estilo vintage con motivo de montaña en color blanco, zona pecho",blanco,vintage,montaña,pecho
1350,"Camiseta color blanco, estilo retro, con estampado de lobo en zona esquina",blanco,retro,lobo,esquina
1351,"Quiero una camiseta con diseño de dragón en estilo retro, color gris, posición esquina",gris,retro,dragón,esquina
1352,"Camiseta de color azul, diseño de águila, estilo retro, zona espalda",azul,retro,águila,espalda
1353,"Diseño de camiseta: gráfico de guitarra, color rojo, estilo deportivo, posición pecho",rojo,deportivo,guitarra,pecho
1354,"Camiseta con imagen de sol, color azul, estilo minimalista, posición pecho",azul,minimalista,sol,pecho
1355,Camiseta de color negro con motivo deportivo de árbol en la zona pecho,negro,deportivo,árbol,pecho
1356,"Camiseta con estampado de automóvil, color principal blanco, estilo visual vintage, zona pecho",blanco,vintage,automóvil,pecho
1357,"Crear camiseta de estilo minimalista con motivo de guitarra en color rojo, zona pecho",rojo,minimalista,guitarra,pecho
1358,"Diseñar camiseta: elemento gráfico árbol, color azul, estilo urbano, ubicación pecho",azul,urbano,árbol,pecho
1359,"Necesito una camiseta con gráfico de texto en zona centrado, color blanco, estilo vintage",blanco,vintage,texto,centrado
1360,"Quiero estampado de árbol en zona centrado, color blanco, estilo vintage",blanco,vintage,árbol,centrado
1361,"Camiseta de color negro, diseño de guitarra, estilo urbano, zona pecho",negro,urbano,guitarra,pecho
1362,"Quiero estampado de texto en zona pecho, color azul, estilo deportivo",azul,deportivo,texto,pecho
1363,"Diseño para camiseta: dragón en posición esquina, color blanco, estilo visual vintage",blanco,vintage,dragón,esquina
1364,"Quiero una camiseta con diseño de guitarra en estilo urbano, color gris, posición esquina",gris,urbano,guitarra,esquina
1365,"Camiseta con estampado de automóvil, color principal gris, estilo visual minimalista, zona espalda",gris,minimalista,automóvil,espalda
1366,"Quiero diseño de guitarra en camiseta color negro, estilo urbano, ubicado en pecho",negro,urbano,guitarra,pecho
1367,"Quiero una camiseta con diseño de guitarra en estilo urbano, color blanco, posición pecho",blanco,urbano,guitarra,pecho
1368,"Camiseta color verde, estilo minimalista, con estampado de montaña en zona esquina",verde,minimalista,montaña,esquina
1369,"Quiero una camiseta con diseño de águila en estilo vintage, color blanco, posición pecho",blanco,vintage,águila,pecho
1370,"Diseño de camiseta: gráfico de texto, color negro, estilo deportivo, posición esquina",negro,deportivo,texto,esquina
1371,"Quiero diseño de montaña en camiseta color gris, estilo deportivo, ubicado en esquina",gris,deportivo,montaña,esquina
1372,"Diseñar camiseta: elemento gráfico guitarra, color azul, estilo urbano, ubicación pecho",azul,urbano,guitarra,pecho
1373,"Camiseta color rojo, estilo retro, con estampado de guitarra en zona espalda",rojo,retro,guitarra,espalda
1374,"Crear camiseta de estilo deportivo con motivo de sol en color verde, zona pecho",verde,deportivo,sol,pecho
1375,"Necesito una camiseta con gráfico de calavera en zona centrado, color verde, estilo retro",verde,retro,calavera,centrado
1376,"Quiero estampado de automóvil en zona centrado, color blanco, estilo minimalista",blanco,minimalista,automóvil,centrado
1377,"Crear camiseta de estilo urbano con motivo de texto en color negro, zona centrado",negro,urbano,texto,centrado
1378,"Necesito una camiseta con gráfico de texto en zona pecho, color rojo, estilo urbano",rojo,urbano,texto,pecho
1379,"Diseño para camiseta: automóvil en posición centrado, color rojo, estilo visual urbano",rojo,urbano,automóvil,centrado
1380,"Quiero diseño de montaña en camiseta color rojo, estilo retro, ubicado en centrado",rojo,retro,montaña,centrado
1381,"Camiseta color verde, estilo vintage, con estampado de dragón en zona esquina",verde,vintage,dragón,esquina
1382,"Camiseta color verde, estilo minimalista, con estampado de calavera en zona centrado",verde,minimalista,calavera,centrado
1383,"Camiseta con estampado de sol, color principal gris, estilo visual retro, zona centrado",gris,retro,sol,centrado
1384,"Camiseta color negro, estilo urbano, con estampado de texto en zona esquina",negro,urbano,texto,esquina
1385,"Quiero estampado de montaña en zona espalda, color rojo, estilo urbano",rojo,urbano,montaña,espalda
1386,"Diseñar camiseta: elemento gráfico guitarra, color rojo, estilo minimalista, ubicación espalda",rojo,minimalista,guitarra,espalda
1387,"Diseño para camiseta: dragón en posición esquina, color gris, estilo visual minimalista",gris,minimalista,dragón,esquina
1388,"Camiseta con estampado de águila, color principal blanco, estilo visual urbano, zona esquina",blanco,urbano,águila,esquina
1389,"Camiseta con imagen de automóvil, color blanco, estilo minimalista, posición centrado",blanco,minimalista,automóvil,centrado
1390,"Quiero estampado de águila en zona esquina, color rojo, estilo deportivo",rojo,deportivo,águila,esquina
1391,"Crear camiseta de estilo urbano con motivo de árbol en color rojo, zona esquina",rojo,urbano,árbol,esquina
1392,"Diseñar camiseta: elemento gráfico lobo, color blanco, estilo deportivo, ubicación esquina",blanco,deportivo,lobo,esquina
1393,"Quiero diseño de águila en camiseta color blanco, estilo urbano, ubicado en espalda",blanco,urbano,águila,espalda
1394,"Quiero una camiseta con diseño de árbol en estilo urbano, color gris, posición espalda",gris,urbano,árbol,espalda
1395,"Necesito una camiseta con gráfico de calavera en zona espalda, color rojo, estilo deportivo",rojo,deportivo,calavera,espalda
1396,Camiseta de color gris con motivo minimalista de dragón en la zona pecho,gris,minimalista,dragón,pecho
1397,Camiseta de color azul con motivo vintage de sol en la zona centrado,azul,vintage,sol,centrado
1398,"Quiero diseño de sol en camiseta color negro, estilo vintage, ubicado en centrado",negro,vintage,sol,centrado
1399,"Diseño para camiseta: texto en posición espalda, color gris, estilo visual retro",gris,retro,texto,espalda
1400,"Generar camiseta de estilo minimalista, color gris, imagen de montaña en zona espalda",gris,minimalista,montaña,espalda
1401,Camiseta de color gris con motivo retro de montaña en la zona esquina,gris,retro,montaña,esquina
1402,"Quiero estampado de automóvil en zona espalda, color gris, estilo urbano",gris,urbano,automóvil,espalda
1403,"Necesito una camiseta con gráfico de águila en zona esquina, color gris, estilo minimalista",gris,minimalista,águila,esquina
1404,"Quiero diseño de texto en camiseta color negro, estilo retro, ubicado en espalda",negro,retro,texto,espalda
1405,"Camiseta de color rojo, diseño de sol, estilo retro, zona esquina",rojo,retro,sol,esquina
1406,"Necesito una camiseta con gráfico de águila en zona centrado, color blanco, estilo vintage",blanco,vintage,águila,centrado
1407,"Crear camiseta de estilo urbano con motivo de montaña en color rojo, zona pecho",rojo,urbano,montaña,pecho
1408,"Necesito una camiseta con gráfico de automóvil en zona esquina, color negro, estilo vintage",negro,vintage,automóvil,esquina
1409,"Quiero diseño de lobo en camiseta color rojo, estilo vintage, ubicado en esquina",rojo,vintage,lobo,esquina
1410,"Camiseta con imagen de sol, color gris, estilo retro, posición esquina",gris,retro,sol,esquina
1411,"Camiseta con imagen de texto, color blanco, estilo urbano, posición esquina",blanco,urbano,texto,esquina
1412,"Diseño de camiseta: gráfico de sol, color verde, estilo deportivo, posición centrado",verde,deportivo,sol,centrado
1413,"Camiseta color rojo, estilo deportivo, con estampado de árbol en zona esquina",rojo,deportivo,árbol,esquina
1414,"Quiero diseño de árbol en camiseta color rojo, estilo urbano, ubicado en espalda",rojo,urbano,árbol,espalda
1415,"Diseñar camiseta: elemento gráfico automóvil, color gris, estilo deportivo, ubicación centrado",gris,deportivo,automóvil,centrado
1416,"Camiseta color gris, estilo retro, con estampado de dragón en zona esquina",gris,retro,dragón,esquina
1417,"Quiero estampado de árbol en zona esquina, color azul, estilo vintage",azul,vintage,árbol,esquina
1418,"Camiseta color verde, estilo vintage, con estampado de sol en zona esquina",verde,vintage,sol,esquina
1419,"Generar camiseta de estilo retro, color negro, imagen de árbol en zona pecho",negro,retro,árbol,pecho
1420,"Generar camiseta de estilo deportivo, color blanco, imagen de texto en zona centrado",blanco,deportivo,texto,centrado
1421,"Quiero estampado de montaña en zona esquina, color gris, estilo retro",gris,retro,montaña,esquina
1422,Camiseta de color azul con motivo urbano de lobo en la zona espalda,azul,urbano,lobo,espalda
1423,"Quiero estampado de calavera en zona esquina, color azul, estilo vintage",azul,vintage,calavera,esquina
1424,"Diseño para camiseta: águila en posición pecho, color verde, estilo visual urbano",verde,urbano,águila,pecho
1425,"Camiseta color negro, estilo vintage, con estampado de automóvil en zona centrado",negro,vintage,automóvil,centrado
1426,"Generar camiseta de estilo urbano, color azul, imagen de sol en zona pecho",azul,urbano,sol,pecho
1427,"Quiero diseño de montaña en camiseta color azul, estilo minimalista, ubicado en espalda",azul,minimalista,montaña,espalda
1428,"Camiseta con estampado de sol, color principal gris, estilo visual minimalista, zona espalda",gris,minimalista,sol,espalda
1429,"Crear camiseta de estilo retro con motivo de automóvil en color negro, zona centrado",negro,retro,automóvil,centrado
1430,"Camiseta con estampado de dragón, color principal gris, estilo visual deportivo, zona centrado",gris,deportivo,dragón,centrado
1431,"Camiseta con imagen de águila, color negro, estilo urbano, posición centrado",negro,urbano,águila,centrado
1432,"Diseño para camiseta: sol en posición esquina, color blanco, estilo visual minimalista",blanco,minimalista,sol,esquina
1433,"Camiseta con estampado de dragón, color principal azul, estilo visual urbano, zona esquina",azul,urbano,dragón,esquina
1434,"Quiero diseño de calavera en camiseta color verde, estilo minimalista, ubicado en esquina",verde,minimalista,calavera,esquina
1435,Camiseta de color blanco con motivo urbano de montaña en la zona esquina,blanco,urbano,montaña,esquina
1436,"Diseño para camiseta: sol en posición espalda, color negro, estilo visual deportivo",negro,deportivo,sol,espalda
1437,"Camiseta de color gris, diseño de automóvil, estilo vintage, zona centrado",gris,vintage,automóvil,centrado
1438,"Generar camiseta de estilo urbano, color blanco, imagen de lobo en zona espalda",blanco,urbano,lobo,espalda
1439,"Crear camiseta de estilo urbano con motivo de dragón en color azul, zona pecho",azul,urbano,dragón,pecho
1440,"Camiseta color azul, estilo deportivo, con estampado de sol en zona espalda",azul,deportivo,sol,espalda
1441,"Crear camiseta de estilo urbano con motivo de sol en color rojo, zona espalda",rojo,urbano,sol,espalda
1442,Camiseta de color azul con motivo urbano de sol en la zona centrado,azul,urbano,sol,centrado
1443,"Diseño para camiseta: árbol en posición espalda, color azul, estilo visual minimalista",azul,minimalista,árbol,espalda
1444,"Diseño para camiseta: montaña en posición pecho, color gris, estilo visual deportivo",gris,deportivo,montaña,pecho
1445,"Diseño de camiseta: gráfico de guitarra, color blanco, estilo vintage, posición pecho",blanco,vintage,guitarra,pecho
1446,Camiseta de color verde con motivo vintage de águila en la zona espalda,verde,vintage,águila,espalda
1447,"Quiero diseño de guitarra en camiseta color blanco, estilo urbano, ubicado en esquina",blanco,urbano,guitarra,esquina
1448,"Diseño de camiseta: gráfico de dragón, color rojo, estilo vintage, posición esquina",rojo,vintage,dragón,esquina
1449,"Diseñar camiseta: elemento gráfico guitarra, color verde, estilo minimalista, ubicación esquina",verde,minimalista,guitarra,esquina
1450,"Camiseta color blanco, estilo deportivo, con estampado de texto en zona espalda",blanco,deportivo,texto,espalda
1451,"Camiseta de color blanco, diseño de águila, estilo retro, zona espalda",blanco,retro,águila,espalda
1452,"Diseñar camiseta: elemento gráfico sol, color verde, estilo urbano, ubicación esquina",verde,urbano,sol,esquina
1453,"Quiero estampado de guitarra en zona espalda, color negro, estilo urbano",negro,urbano,guitarra,espalda
1454,"Camiseta con imagen de automóvil, color rojo, estilo deportivo, posición pecho",rojo,deportivo,automóvil,pecho
1455,"Generar camiseta de estilo retro, color gris, imagen de texto en zona esquina",gris,retro,texto,esquina
1456,"Quiero diseño de dragón en camiseta color gris, estilo retro, ubicado en espalda",gris,retro,dragón,espalda
1457,"Quiero una camiseta con diseño de guitarra en estilo urbano, color negro, posición espalda",negro,urbano,guitarra,espalda
1458,"Quiero diseño de lobo en camiseta color blanco, estilo vintage, ubicado en espalda",blanco,vintage,lobo,espalda
1459,"Quiero diseño de texto en camiseta color blanco, estilo urbano, ubicado en esquina",blanco,urbano,texto,esquina
1460,"Camiseta color gris, estilo urbano, con estampado de texto en zona espalda",gris,urbano,texto,espalda
1461,"Quiero una camiseta con diseño de águila en estilo vintage, color gris, posición pecho",gris,vintage,águila,pecho
1462,"Quiero estampado de lobo en zona espalda, color gris, estilo vintage",gris,vintage,lobo,espalda
1463,"Camiseta color rojo, estilo vintage, con estampado de montaña en zona espalda",rojo,vintage,montaña,espalda
1464,"Camiseta de color negro, diseño de automóvil, estilo retro, zona pecho",negro,retro,automóvil,pecho
1465,"Crear camiseta de estilo minimalista con motivo de montaña en color gris, zona centrado",gris,minimalista,montaña,centrado
1466,"Diseñar camiseta: elemento gráfico guitarra, color verde, estilo vintage, ubicación centrado",verde,vintage,guitarra,centrado
1467,"Diseño para camiseta: lobo en posición esquina, color azul, estilo visual deportivo",azul,deportivo,lobo,esquina
1468,"Quiero diseño de árbol en camiseta color gris, estilo retro, ubicado en centrado",gris,retro,árbol,centrado
1469,"Diseño de camiseta: gráfico de árbol, color azul, estilo retro, posición centrado",azul,retro,árbol,centrado
1470,"Diseñar camiseta: elemento gráfico calavera, color negro, estilo minimalista, ubicación pecho",negro,minimalista,calavera,pecho
1471,"Quiero una camiseta con diseño de sol en estilo retro, color verde, posición centrado",verde,retro,sol,centrado
1472,"Camiseta color blanco, estilo deportivo, con estampado de texto en zona espalda",blanco,deportivo,texto,espalda
1473,Camiseta de color azul con motivo retro de texto en la zona centrado,azul,retro,texto,centrado
1474,"Necesito una camiseta con gráfico de guitarra en zona esquina, color gris, estilo deportivo",gris,deportivo,guitarra,esquina
1475,"Generar camiseta de estilo retro, color negro, imagen de montaña en zona pecho",negro,retro,montaña,pecho
1476,"Camiseta con imagen de águila, color negro, estilo deportivo, posición esquina",negro,deportivo,águila,esquina
1477,"Crear camiseta de estilo deportivo con motivo de calavera en color negro, zona centrado",negro,deportivo,calavera,centrado
1478,"Diseño para camiseta: sol en posición espalda, color azul, estilo visual vintage",azul,vintage,sol,espalda
1479,"Diseño de camiseta: gráfico de guitarra, color blanco, estilo deportivo, posición esquina",blanco,deportivo,guitarra,esquina
1480,"Quiero una camiseta con diseño de guitarra en estilo deportivo, color azul, posición pecho",azul,deportivo,guitarra,pecho
1481,"Quiero diseño de sol en camiseta color verde, estilo vintage, ubicado en pecho",verde,vintage,sol,pecho
1482,"Generar camiseta de estilo vintage, color blanco, imagen de guitarra en zona centrado",blanco,vintage,guitarra,centrado
1483,"Quiero diseño de montaña en camiseta color azul, estilo retro, ubicado en pecho",azul,retro,montaña,pecho
1484,"Diseño de camiseta: gráfico de texto, color blanco, estilo urbano, posición centrado",blanco,urbano,texto,centrado
1485,"Quiero diseño de árbol en camiseta color rojo, estilo retro, ubicado en esquina",rojo,retro,árbol,esquina
1486,"Quiero estampado de guitarra en zona esquina, color gris, estilo urbano",gris,urbano,guitarra,esquina
1487,"Diseño para camiseta: lobo en posición espalda, color gris, estilo visual minimalista",gris,minimalista,lobo,espalda
1488,"Generar camiseta de estilo urbano, color negro, imagen de automóvil en zona esquina",negro,urbano,automóvil,esquina
1489,"Diseño de camiseta: gráfico de automóvil, color rojo, estilo urbano, posición centrado",rojo,urbano,automóvil,centrado
1490,"Crear camiseta de estilo deportivo con motivo de lobo en color blanco, zona centrado",blanco,deportivo,lobo,centrado
1491,Camiseta de color negro con motivo minimalista de guitarra en la zona centrado,negro,minimalista,guitarra,centrado
1492,"Camiseta color verde, estilo deportivo, con estampado de guitarra en zona pecho",verde,deportivo,guitarra,pecho
1493,"Quiero diseño de guitarra en camiseta color azul, estilo retro, ubicado en centrado",azul,retro,guitarra,centrado
1494,"Quiero estampado de dragón en zona esquina, color blanco, estilo urbano",blanco,urbano,dragón,esquina
1495,"Camiseta de color verde, diseño de calavera, estilo urbano, zona pecho",verde,urbano,calavera,pecho
1496,"Camiseta con imagen de sol, color azul, estilo vintage, posición esquina",azul,vintage,sol,esquina
1497,"Quiero una camiseta con diseño de dragón en estilo urbano, color rojo, posición pecho",rojo,urbano,dragón,pecho
1498,"Camiseta con estampado de calavera, color principal negro, estilo visual minimalista, zona espalda",negro,minimalista,calavera,espalda
1499,"Diseño de camiseta: gráfico de calavera, color negro, estilo urbano, posición esquina",negro,urbano,calavera,esquina
1500,"Diseño de camiseta: gráfico de águila, color gris, estilo vintage, posición espalda",gris,vintage,águila,espalda
1501,"Necesito una camiseta con gráfico de guitarra en zona centrado, color gris, estilo urbano",gris,urbano,guitarra,centrado
1502,"Camiseta con estampado de lobo, color principal azul, estilo visual vintage, zona esquina",azul,vintage,lobo,esquina
1503,"Crear camiseta de estilo minimalista con motivo de montaña en color gris, zona pecho",gris,minimalista,montaña,pecho
1504,"Quiero una camiseta con diseño de águila en estilo urbano, color azul, posición espalda",azul,urbano,águila,espalda
1505,"Diseño para camiseta: águila en posición pecho, color negro, estilo visual retro",negro,retro,águila,pecho
1506,"Quiero una camiseta con diseño de dragón en estilo deportivo, color negro, posición centrado",negro,deportivo,dragón,centrado
1507,Camiseta de color blanco con motivo retro de calavera en la zona pecho,blanco,retro,calavera,pecho
1508,"Diseño de camiseta: gráfico de texto, color gris, estilo vintage, posición esquina",gris,vintage,texto,esquina
1509,"Crear camiseta de estilo deportivo con motivo de dragón en color verde, zona espalda",verde,deportivo,dragón,espalda
1510,"Quiero diseño de dragón en camiseta color gris, estilo minimalista, ubicado en centrado",gris,minimalista,dragón,centrado
1511,"Quiero una camiseta con diseño de texto en estilo vintage, color gris, posición esquina",gris,vintage,texto,esquina
1512,"Camiseta color blanco, estilo vintage, con estampado de lobo en zona centrado",blanco,vintage,lobo,centrado
1513,"Diseñar camiseta: elemento gráfico águila, color blanco, estilo urbano, ubicación espalda",blanco,urbano,águila,espalda
1514,"Crear camiseta de estilo deportivo con motivo de montaña en color negro, zona espalda",negro,deportivo,montaña,espalda
1515,"Necesito una camiseta con gráfico de águila en zona centrado, color verde, estilo deportivo",verde,deportivo,águila,centrado
1516,"Camiseta de color gris, diseño de sol, estilo vintage, zona centrado",gris,vintage,sol,centrado
1517,"Camiseta de color rojo, diseño de guitarra, estilo urbano, zona espalda",rojo,urbano,guitarra,espalda
1518,"Generar camiseta de estilo deportivo, color azul, imagen de árbol en zona centrado",azul,deportivo,árbol,centrado
1519,Camiseta de color negro con motivo retro de árbol en la zona pecho,negro,retro,árbol,pecho
1520,"Camiseta de color gris, diseño de dragón, estilo urbano, zona espalda",gris,urbano,dragón,espalda
1521,"Necesito una camiseta con gráfico de texto en zona pecho, color gris, estilo minimalista",gris,minimalista,texto,pecho
1522,"Generar camiseta de estilo retro, color gris, imagen de calavera en zona espalda",gris,retro,calavera,espalda
1523,"Generar camiseta de estilo retro, color verde, imagen de lobo en zona centrado",verde,retro,lobo,centrado
1524,"Diseño para camiseta: águila en posición pecho, color gris, estilo visual vintage",gris,vintage,águila,pecho
1525,"Diseñar camiseta: elemento gráfico automóvil, color negro, estilo minimalista, ubicación pecho",negro,minimalista,automóvil,pecho
1526,"Camiseta con estampado de montaña, color principal verde, estilo visual urbano, zona espalda",verde,urbano,montaña,espalda
1527,"Quiero estampado de texto en zona esquina, color blanco, estilo retro",blanco,retro,texto,esquina
1528,"Diseño para camiseta: texto en posición centrado, color gris, estilo visual urbano",gris,urbano,texto,centrado
1529,"Camiseta con imagen de montaña, color verde, estilo retro, posición esquina",verde,retro,montaña,esquina
1530,"Diseño de camiseta: gráfico de texto, color gris, estilo minimalista, posición centrado",gris,minimalista,texto,centrado
1531,Camiseta de color verde con motivo retro de lobo en la zona centrado,verde,retro,lobo,centrado
1532,"Diseñar camiseta: elemento gráfico montaña, color blanco, estilo deportivo, ubicación centrado",blanco,deportivo,montaña,centrado
1533,"Diseñar camiseta: elemento gráfico árbol, color verde, estilo deportivo, ubicación centrado",verde,deportivo,árbol,centrado
1534,"Diseñar camiseta: elemento gráfico calavera, color negro, estilo deportivo, ubicación pecho",negro,deportivo,calavera,pecho
1535,"Quiero una camiseta con diseño de guitarra en estilo vintage, color gris, posición esquina",gris,vintage,guitarra,esquina
1536,"Camiseta con imagen de automóvil, color gris, estilo minimalista, posición esquina",gris,minimalista,automóvil,esquina
1537,"Quiero diseño de árbol en camiseta color blanco, estilo vintage, ubicado en esquina",blanco,vintage,árbol,esquina
1538,"Diseño para camiseta: águila en posición espalda, color verde, estilo visual retro",verde,retro,águila,espalda
1539,"Camiseta con imagen de dragón, color rojo, estilo deportivo, posición centrado",rojo,deportivo,dragón,centrado
1540,"Diseño de camiseta: gráfico de guitarra, color blanco, estilo retro, posición esquina",blanco,retro,guitarra,esquina
1541,"Camiseta con estampado de dragón, color principal verde, estilo visual deportivo, zona esquina",verde,deportivo,dragón,esquina
1542,"Camiseta color blanco, estilo vintage, con estampado de dragón en zona pecho",blanco,vintage,dragón,pecho
1543,"Camiseta con imagen de automóvil, color negro, estilo minimalista, posición centrado",negro,minimalista,automóvil,centrado
1544,"Diseñar camiseta: elemento gráfico automóvil, color blanco, estilo minimalista, ubicación espalda",blanco,minimalista,automóvil,espalda
1545,"Camiseta con estampado de dragón, color principal blanco, estilo visual retro, zona pecho",blanco,retro,dragón,pecho
1546,"Camiseta color gris, estilo minimalista, con estampado de texto en zona pecho",gris,minimalista,texto,pecho
1547,"Diseño de camiseta: gráfico de montaña, color gris, estilo retro, posición centrado",gris,retro,montaña,centrado
1548,"Necesito una camiseta con gráfico de lobo en zona esquina, color blanco, estilo deportivo",blanco,deportivo,lobo,esquina
1549,"Camiseta color azul, estilo retro, con estampado de calavera en zona pecho",azul,retro,calavera,pecho
1550,"Necesito una camiseta con gráfico de texto en zona espalda, color rojo, estilo vintage",rojo,vintage,texto,espalda
1551,"Diseño de camiseta: gráfico de águila, color gris, estilo retro, posición pecho",gris,retro,águila,pecho
1552,"Camiseta de color azul, diseño de montaña, estilo vintage, zona espalda",azul,vintage,montaña,espalda
1553,Camiseta de color gris con motivo deportivo de guitarra en la zona espalda,gris,deportivo,guitarra,espalda
1554,"Camiseta color negro, estilo deportivo, con estampado de águila en zona esquina",negro,deportivo,águila,esquina
1555,"Necesito una camiseta con gráfico de guitarra en zona centrado, color gris, estilo retro",gris,retro,guitarra,centrado
1556,"Diseño de camiseta: gráfico de lobo, color blanco, estilo minimalista, posición esquina",blanco,minimalista,lobo,esquina
1557,"Quiero estampado de dragón en zona espalda, color gris, estilo deportivo",gris,deportivo,dragón,espalda
1558,"Diseñar camiseta: elemento gráfico texto, color blanco, estilo urbano, ubicación esquina",blanco,urbano,texto,esquina
1559,"Quiero una camiseta con diseño de calavera en estilo deportivo, color negro, posición esquina",negro,deportivo,calavera,esquina
1560,"Camiseta color rojo, estilo deportivo, con estampado de montaña en zona pecho",rojo,deportivo,montaña,pecho
1561,"Generar camiseta de estilo vintage, color verde, imagen de dragón en zona esquina",verde,vintage,dragón,esquina
1562,"Camiseta con imagen de águila, color blanco, estilo retro, posición centrado",blanco,retro,águila,centrado
1563,"Necesito una camiseta con gráfico de guitarra en zona espalda, color azul, estilo deportivo",azul,deportivo,guitarra,espalda
1564,"Diseño de camiseta: gráfico de lobo, color azul, estilo minimalista, posición pecho",azul,minimalista,lobo,pecho
1565,"Diseño para camiseta: sol en posición esquina, color rojo, estilo visual vintage",rojo,vintage,sol,esquina
1566,"Crear camiseta de estilo urbano con motivo de calavera en color azul, zona espalda",azul,urbano,calavera,espalda
1567,"Necesito una camiseta con gráfico de árbol en zona pecho, color blanco, estilo urbano",blanco,urbano,árbol,pecho
1568,"Camiseta color verde, estilo vintage, con estampado de calavera en zona esquina",verde,vintage,calavera,esquina
1569,"Quiero diseño de montaña en camiseta color negro, estilo minimalista, ubicado en esquina",negro,minimalista,montaña,esquina
1570,"Necesito una camiseta con gráfico de automóvil en zona esquina, color gris, estilo urbano",gris,urbano,automóvil,esquina
1571,"Camiseta con estampado de guitarra, color principal azul, estilo visual vintage, zona esquina",azul,vintage,guitarra,esquina
1572,"Diseño para camiseta: sol en posición espalda, color verde, estilo visual vintage",verde,vintage,sol,espalda
1573,"Quiero diseño de calavera en camiseta color verde, estilo urbano, ubicado en esquina",verde,urbano,calavera,esquina
1574,"Camiseta color verde, estilo minimalista, con estampado de guitarra en zona centrado",verde,minimalista,guitarra,centrado
1575,"Quiero una camiseta con diseño de texto en estilo minimalista, color rojo, posición pecho",rojo,minimalista,texto,pecho
1576,"Camiseta con estampado de montaña, color principal negro, estilo visual urbano, zona espalda",negro,urbano,montaña,espalda
1577,"Diseño para camiseta: texto en posición pecho, color azul, estilo visual retro",azul,retro,texto,pecho
1578,"Camiseta con imagen de texto, color blanco, estilo retro, posición centrado",blanco,retro,texto,centrado
1579,"Generar camiseta de estilo retro, color blanco, imagen de águila en zona centrado",blanco,retro,águila,centrado
1580,"Camiseta con imagen de águila, color gris, estilo minimalista, posición pecho",gris,minimalista,águila,pecho
1581,"Necesito una camiseta con gráfico de sol en zona espalda, color verde, estilo vintage",verde,vintage,sol,espalda
1582,"Crear camiseta de estilo retro con motivo de montaña en color blanco, zona centrado",blanco,retro,montaña,centrado
1583,"Necesito una camiseta con gráfico de calavera en zona espalda, color blanco, estilo retro",blanco,retro,calavera,espalda
1584,"Camiseta de color rojo, diseño de calavera, estilo urbano, zona esquina",rojo,urbano,calavera,esquina
1585,"Quiero diseño de montaña en camiseta color rojo, estilo urbano, ubicado en esquina",rojo,urbano,montaña,esquina
1586,"Diseño de camiseta: gráfico de dragón, color blanco, estilo deportivo, posición esquina",blanco,deportivo,dragón,esquina
1587,"Diseño para camiseta: dragón en posición centrado, color negro, estilo visual deportivo",negro,deportivo,dragón,centrado
1588,"Necesito una camiseta con gráfico de árbol en zona centrado, color rojo, estilo urbano",rojo,urbano,árbol,centrado
1589,"Camiseta de color gris, diseño de calavera, estilo deportivo, zona centrado",gris,deportivo,calavera,centrado
1590,"Camiseta con imagen de lobo, color verde, estilo minimalista, posición centrado",verde,minimalista,lobo,centrado
1591,"Quiero diseño de montaña en camiseta color gris, estilo urbano, ubicado en espalda",gris,urbano,montaña,espalda
1592,"Diseño de camiseta: gráfico de águila, color azul, estilo deportivo, posición esquina",azul,deportivo,águila,esquina
1593,Camiseta de color blanco con motivo retro de montaña en la zona pecho,blanco,retro,montaña,pecho
1594,"Crear camiseta de estilo vintage con motivo de águila en color azul, zona pecho",azul,vintage,águila,pecho
1595,"Camiseta de color negro, diseño de montaña, estilo minimalista, zona centrado",negro,minimalista,montaña,centrado
1596,"Camiseta con imagen de árbol, color blanco, estilo deportivo, posición centrado",blanco,deportivo,árbol,centrado
1597,"Crear camiseta de estilo urbano con motivo de dragón en color rojo, zona espalda",rojo,urbano,dragón,espalda
1598,"Camiseta color azul, estilo urbano, con estampado de lobo en zona espalda",azul,urbano,lobo,espalda
1599,"Quiero diseño de árbol en camiseta color azul, estilo retro, ubicado en pecho",azul,retro,árbol,pecho
1600,"Necesito una camiseta con gráfico de texto en zona pecho, color rojo, estilo deportivo",rojo,deportivo,texto,pecho
1601,Camiseta de color rojo con motivo deportivo de calavera en la zona esquina,rojo,deportivo,calavera,esquina
1602,Camiseta de color blanco con motivo vintage de águila en la zona centrado,blanco,vintage,águila,centrado
1603,"Camiseta con estampado de guitarra, color principal rojo, estilo visual retro, zona espalda",rojo,retro,guitarra,espalda
1604,"Camiseta con imagen de montaña, color gris, estilo urbano, posición pecho",gris,urbano,montaña,pecho
1605,Camiseta de color verde con motivo deportivo de dragón en la zona espalda,verde,deportivo,dragón,espalda
1606,"Generar camiseta de estilo minimalista, color blanco, imagen de montaña en zona espalda",blanco,minimalista,montaña,espalda
1607,"Camiseta con estampado de sol, color principal negro, estilo visual urbano, zona pecho",negro,urbano,sol,pecho
1608,"Diseño de camiseta: gráfico de águila, color azul, estilo minimalista, posición esquina",azul,minimalista,águila,esquina
1609,"Camiseta con estampado de texto, color principal azul, estilo visual deportivo, zona espalda",azul,deportivo,texto,espalda
1610,"Camiseta con imagen de montaña, color rojo, estilo minimalista, posición esquina",rojo,minimalista,montaña,esquina
1611,"Necesito una camiseta con gráfico de sol en zona esquina, color verde, estilo retro",verde,retro,sol,esquina
1612,"Diseño de camiseta: gráfico de sol, color verde, estilo urbano, posición pecho",verde,urbano,sol,pecho
1613,Camiseta de color verde con motivo minimalista de guitarra en la zona espalda,verde,minimalista,guitarra,espalda
1614,"Crear camiseta de estilo vintage con motivo de automóvil en color blanco, zona pecho",blanco,vintage,automóvil,pecho
1615,Camiseta de color blanco con motivo minimalista de texto en la zona esquina,blanco,minimalista,texto,esquina
1616,"Diseño de camiseta: gráfico de automóvil, color negro, estilo minimalista, posición pecho",negro,minimalista,automóvil,pecho
1617,"Diseño de camiseta: gráfico de lobo, color blanco, estilo urbano, posición pecho",blanco,urbano,lobo,pecho
1618,"Quiero diseño de calavera en camiseta color rojo, estilo retro, ubicado en esquina",rojo,retro,calavera,esquina
1619,"Diseñar camiseta: elemento gráfico águila, color gris, estilo minimalista, ubicación espalda",gris,minimalista,águila,espalda
1620,"Diseño de camiseta: gráfico de guitarra, color negro, estilo urbano, posición espalda",negro,urbano,guitarra,espalda
1621,"Quiero una camiseta con diseño de águila en estilo urbano, color rojo, posición pecho",rojo,urbano,águila,pecho
1622,"Diseño de camiseta: gráfico de dragón, color azul, estilo deportivo, posición espalda",azul,deportivo,dragón,espalda
1623,"Diseño de camiseta: gráfico de dragón, color blanco, estilo minimalista, posición pecho",blanco,minimalista,dragón,pecho
1624,"Camiseta de color verde, diseño de dragón, estilo minimalista, zona espalda",verde,minimalista,dragón,espalda
1625,"Necesito una camiseta con gráfico de dragón en zona pecho, color rojo, estilo retro",rojo,retro,dragón,pecho
1626,Camiseta de color blanco con motivo urbano de lobo en la zona centrado,blanco,urbano,lobo,centrado
1627,"Camiseta color azul, estilo retro, con estampado de árbol en zona espalda",azul,retro,árbol,espalda
1628,"Camiseta de color negro, diseño de guitarra, estilo minimalista, zona esquina",negro,minimalista,guitarra,esquina
1629,"Camiseta con imagen de sol, color verde, estilo urbano, posición pecho",verde,urbano,sol,pecho
1630,"Generar camiseta de estilo deportivo, color verde, imagen de guitarra en zona centrado",verde,deportivo,guitarra,centrado
1631,"Crear camiseta de estilo deportivo con motivo de guitarra en color negro, zona espalda",negro,deportivo,guitarra,espalda
1632,"Diseñar camiseta: elemento gráfico automóvil, color rojo, estilo urbano, ubicación esquina",rojo,urbano,automóvil,esquina
1633,"Quiero una camiseta con diseño de calavera en estilo minimalista, color blanco, posición espalda",blanco,minimalista,calavera,espalda
1634,"Necesito una camiseta con gráfico de automóvil en zona pecho, color gris, estilo deportivo",gris,deportivo,automóvil,pecho
1635,"Generar camiseta de estilo minimalista, color azul, imagen de sol en zona pecho",azul,minimalista,sol,pecho
1636,"Crear camiseta de estilo vintage con motivo de sol en color negro, zona centrado",negro,vintage,sol,centrado
1637,"Diseño para camiseta: águila en posición espalda, color blanco, estilo visual urbano",blanco,urbano,águila,espalda
1638,"Diseñar camiseta: elemento gráfico águila, color gris, estilo minimalista, ubicación esquina",gris,minimalista,águila,esquina
1639,"Camiseta con estampado de árbol, color principal rojo, estilo visual deportivo, zona espalda",rojo,deportivo,árbol,espalda
1640,"Diseñar camiseta: elemento gráfico montaña, color verde, estilo retro, ubicación pecho",verde,retro,montaña,pecho
1641,Camiseta de color verde con motivo minimalista de montaña en la zona pecho,verde,minimalista,montaña,pecho
1642,"Quiero estampado de árbol en zona pecho, color gris, estilo retro",gris,retro,árbol,pecho
1643,"Generar camiseta de estilo urbano, color azul, imagen de dragón en zona esquina",azul,urbano,dragón,esquina
1644,"Quiero estampado de sol en zona centrado, color gris, estilo deportivo",gris,deportivo,sol,centrado
1645,"Quiero estampado de automóvil en zona pecho, color gris, estilo vintage",gris,vintage,automóvil,pecho
1646,"Necesito una camiseta con gráfico de lobo en zona espalda, color azul, estilo deportivo",azul,deportivo,lobo,espalda
1647,"Quiero diseño de sol en camiseta color verde, estilo vintage, ubicado en espalda",verde,vintage,sol,espalda
1648,"Diseñar camiseta: elemento gráfico guitarra, color azul, estilo minimalista, ubicación pecho",azul,minimalista,guitarra,pecho
1649,"Necesito una camiseta con gráfico de texto en zona centrado, color verde, estilo retro",verde,retro,texto,centrado
1650,"Quiero diseño de águila en camiseta color azul, estilo vintage, ubicado en pecho",azul,vintage,águila,pecho
1651,"Camiseta color gris, estilo vintage, con estampado de texto en zona centrado",gris,vintage,texto,centrado
1652,Camiseta de color verde con motivo urbano de lobo en la zona centrado,verde,urbano,lobo,centrado
1653,"Necesito una camiseta con gráfico de calavera en zona pecho, color rojo, estilo retro",rojo,retro,calavera,pecho
1654,"Crear camiseta de estilo urbano con motivo de automóvil en color blanco, zona espalda",blanco,urbano,automóvil,espalda
1655,"Quiero diseño de águila en camiseta color blanco, estilo urbano, ubicado en centrado",blanco,urbano,águila,centrado
1656,"Generar camiseta de estilo retro, color azul, imagen de guitarra en zona pecho",azul,retro,guitarra,pecho
1657,Camiseta de color verde con motivo urbano de texto en la zona esquina,verde,urbano,texto,esquina
1658,"Quiero una camiseta con diseño de árbol en estilo minimalista, color azul, posición pecho",azul,minimalista,árbol,pecho
1659,"Camiseta color azul, estilo deportivo, con estampado de dragón en zona centrado",azul,deportivo,dragón,centrado
1660,"Quiero una camiseta con diseño de calavera en estilo deportivo, color blanco, posición pecho",blanco,deportivo,calavera,pecho
1661,"Diseñar camiseta: elemento gráfico lobo, color negro, estilo urbano, ubicación centrado",negro,urbano,lobo,centrado
1662,Camiseta de color blanco con motivo deportivo de sol en la zona esquina,blanco,deportivo,sol,esquina
1663,"Camiseta con estampado de guitarra, color principal blanco, estilo visual deportivo, zona esquina",blanco,deportivo,guitarra,esquina
1664,"Quiero diseño de sol en camiseta color blanco, estilo retro, ubicado en espalda",blanco,retro,sol,espalda
1665,"Diseño de camiseta: gráfico de calavera, color azul, estilo vintage, posición centrado",azul,vintage,calavera,centrado
1666,"Crear camiseta de estilo retro con motivo de guitarra en color negro, zona esquina",negro,retro,guitarra,esquina
1667,"Diseño de camiseta: gráfico de texto, color blanco, estilo vintage, posición pecho",blanco,vintage,texto,pecho
1668,"Diseño para camiseta: dragón en posición centrado, color verde, estilo visual minimalista",verde,minimalista,dragón,centrado
1669,"Quiero diseño de guitarra en camiseta color verde, estilo vintage, ubicado en espalda",verde,vintage,guitarra,espalda
1670,Camiseta de color negro con motivo vintage de texto en la zona pecho,negro,vintage,texto,pecho
1671,"Quiero estampado de calavera en zona pecho, color rojo, estilo urbano",rojo,urbano,calavera,pecho
1672,"Generar camiseta de estilo vintage, color azul, imagen de calavera en zona espalda",azul,vintage,calavera,espalda
1673,"Quiero una camiseta con diseño de águila en estilo urbano, color rojo, posición esquina",rojo,urbano,águila,esquina
1674,Camiseta de color blanco con motivo vintage de calavera en la zona centrado,blanco,vintage,calavera,centrado
1675,"Diseño para camiseta: árbol en posición centrado, color rojo, estilo visual urbano",rojo,urbano,árbol,centrado
1676,"Camiseta de color gris, diseño de guitarra, estilo urbano, zona pecho",gris,urbano,guitarra,pecho
1677,"Necesito una camiseta con gráfico de sol en zona centrado, color azul, estilo urbano",azul,urbano,sol,centrado
1678,"Quiero estampado de dragón en zona esquina, color verde, estilo minimalista",verde,minimalista,dragón,esquina
1679,"Quiero una camiseta con diseño de automóvil en estilo minimalista, color gris, posición centrado",gris,minimalista,automóvil,centrado
1680,"Camiseta color verde, estilo urbano, con estampado de texto en zona esquina",verde,urbano,texto,esquina
1681,"Generar camiseta de estilo vintage, color rojo, imagen de águila en zona centrado",rojo,vintage,águila,centrado
1682,"Diseño de camiseta: gráfico de guitarra, color negro, estilo minimalista, posición espalda",negro,minimalista,guitarra,espalda
1683,"Crear camiseta de estilo minimalista con motivo de sol en color rojo, zona esquina",rojo,minimalista,sol,esquina
1684,"Diseño de camiseta: gráfico de árbol, color verde, estilo urbano, posición centrado",verde,urbano,árbol,centrado
1685,"Necesito una camiseta con gráfico de árbol en zona centrado, color gris, estilo minimalista",gris,minimalista,árbol,centrado
1686,"Camiseta con imagen de árbol, color gris, estilo deportivo, posición centrado",gris,deportivo,árbol,centrado
1687,"Diseño para camiseta: sol en posición esquina, color rojo, estilo visual urbano",rojo,urbano,sol,esquina
1688,"Quiero diseño de águila en camiseta color verde, estilo urbano, ubicado en pecho",verde,urbano,águila,pecho
1689,"Diseño de camiseta: gráfico de lobo, color azul, estilo vintage, posición espalda",azul,vintage,lobo,espalda
1690,"Generar camiseta de estilo deportivo, color azul, imagen de montaña en zona espalda",azul,deportivo,montaña,espalda
1691,"Quiero una camiseta con diseño de árbol en estilo vintage, color blanco, posición centrado",blanco,vintage,árbol,centrado
1692,"Diseño de camiseta: gráfico de sol, color blanco, estilo vintage, posición espalda",blanco,vintage,sol,espalda
1693,"Camiseta con estampado de montaña, color principal rojo, estilo visual deportivo, zona espalda",rojo,deportivo,montaña,espalda
1694,"Camiseta color negro, estilo minimalista, con estampado de dragón en zona esquina",negro,minimalista,dragón,esquina
1695,"Camiseta de color rojo, diseño de montaña, estilo minimalista, zona espalda",rojo,minimalista,montaña,espalda
1696,"Camiseta con imagen de lobo, color verde, estilo minimalista, posición esquina",verde,minimalista,lobo,esquina
1697,"Quiero estampado de guitarra en zona pecho, color rojo, estilo urbano",rojo,urbano,guitarra,pecho
1698,"Generar camiseta de estilo retro, color negro, imagen de texto en zona esquina",negro,retro,texto,esquina
1699,"Camiseta con imagen de montaña, color rojo, estilo retro, posición centrado",rojo,retro,montaña,centrado
1700,"Camiseta con estampado de dragón, color principal negro, estilo visual deportivo, zona pecho",negro,deportivo,dragón,pecho
1701,"Diseño de camiseta: gráfico de árbol, color azul, estilo deportivo, posición esquina",azul,deportivo,árbol,esquina
1702,"Quiero una camiseta con diseño de dragón en estilo minimalista, color negro, posición centrado",negro,minimalista,dragón,centrado
1703,"Diseño de camiseta: gráfico de dragón, color rojo, estilo vintage, posición centrado",rojo,vintage,dragón,centrado
1704,"Quiero diseño de texto en camiseta color azul, estilo vintage, ubicado en pecho",azul,vintage,texto,pecho
1705,"Camiseta color negro, estilo minimalista, con estampado de dragón en zona centrado",negro,minimalista,dragón,centrado
1706,"Crear camiseta de estilo retro con motivo de calavera en color azul, zona espalda",azul,retro,calavera,espalda
1707,"Necesito una camiseta con gráfico de montaña en zona esquina, color negro, estilo retro",negro,retro,montaña,esquina
1708,"Diseño de camiseta: gráfico de dragón, color rojo, estilo deportivo, posición esquina",rojo,deportivo,dragón,esquina
1709,"Diseño para camiseta: sol en posición centrado, color negro, estilo visual vintage",negro,vintage,sol,centrado
1710,"Quiero una camiseta con diseño de lobo en estilo vintage, color rojo, posición esquina",rojo,vintage,lobo,esquina
1711,"Diseñar camiseta: elemento gráfico lobo, color blanco, estilo vintage, ubicación pecho",blanco,vintage,lobo,pecho
1712,"Camiseta de color blanco, diseño de dragón, estilo retro, zona centrado",blanco,retro,dragón,centrado
1713,"Camiseta de color verde, diseño de dragón, estilo urbano, zona pecho",verde,urbano,dragón,pecho
1714,"Necesito una camiseta con gráfico de lobo en zona esquina, color rojo, estilo vintage",rojo,vintage,lobo,esquina
1715,"Camiseta color verde, estilo urbano, con estampado de sol en zona esquina",verde,urbano,sol,esquina
1716,"Quiero una camiseta con diseño de texto en estilo retro, color verde, posición esquina",verde,retro,texto,esquina
1717,"Quiero una camiseta con diseño de sol en estilo urbano, color blanco, posición esquina",blanco,urbano,sol,esquina
1718,"Camiseta con estampado de águila, color principal negro, estilo visual urbano, zona esquina",negro,urbano,águila,esquina
1719,"Quiero estampado de sol en zona espalda, color negro, estilo minimalista",negro,minimalista,sol,espalda
1720,"Diseñar camiseta: elemento gráfico guitarra, color azul, estilo vintage, ubicación espalda",azul,vintage,guitarra,espalda
1721,"Diseño para camiseta: texto en posición espalda, color gris, estilo visual retro",gris,retro,texto,espalda
1722,"Camiseta color rojo, estilo minimalista, con estampado de águila en zona espalda",rojo,minimalista,águila,espalda
1723,"Generar camiseta de estilo retro, color azul, imagen de sol en zona centrado",azul,retro,sol,centrado
1724,"Diseño de camiseta: gráfico de águila, color verde, estilo deportivo, posición pecho",verde,deportivo,águila,pecho
1725,"Crear camiseta de estilo retro con motivo de sol en color azul, zona esquina",azul,retro,sol,esquina
1726,"Crear camiseta de estilo urbano con motivo de árbol en color verde, zona pecho",verde,urbano,árbol,pecho
1727,"Quiero estampado de águila en zona espalda, color gris, estilo deportivo",gris,deportivo,águila,espalda
1728,"Diseño para camiseta: texto en posición espalda, color blanco, estilo visual minimalista",blanco,minimalista,texto,espalda
1729,"Camiseta con imagen de árbol, color negro, estilo minimalista, posición centrado",negro,minimalista,árbol,centrado
1730,"Crear camiseta de estilo retro con motivo de sol en color negro, zona esquina",negro,retro,sol,esquina
1731,"Crear camiseta de estilo deportivo con motivo de automóvil en color negro, zona espalda",negro,deportivo,automóvil,espalda
1732,"Diseñar camiseta: elemento gráfico montaña, color verde, estilo minimalista, ubicación espalda",verde,minimalista,montaña,espalda
1733,"Diseño para camiseta: texto en posición centrado, color azul, estilo visual vintage",azul,vintage,texto,centrado
1734,"Diseño de camiseta: gráfico de sol, color blanco, estilo vintage, posición pecho",blanco,vintage,sol,pecho
1735,"Quiero una camiseta con diseño de texto en estilo minimalista, color verde, posición espalda",verde,minimalista,texto,espalda
1736,"Quiero diseño de montaña en camiseta color verde, estilo deportivo, ubicado en centrado",verde,deportivo,montaña,centrado
1737,"Camiseta color blanco, estilo minimalista, con estampado de montaña en zona pecho",blanco,minimalista,montaña,pecho
1738,"Camiseta con imagen de calavera, color azul, estilo deportivo, posición centrado",azul,deportivo,calavera,centrado
1739,"Diseño para camiseta: águila en posición pecho, color verde, estilo visual urbano",verde,urbano,águila,pecho
1740,"Necesito una camiseta con gráfico de águila en zona pecho, color negro, estilo deportivo",negro,deportivo,águila,pecho
1741,"Camiseta de color verde, diseño de sol, estilo retro, zona espalda",verde,retro,sol,espalda
1742,"Crear camiseta de estilo deportivo con motivo de texto en color gris, zona pecho",gris,deportivo,texto,pecho
1743,"Generar camiseta de estilo deportivo, color negro, imagen de calavera en zona pecho",negro,deportivo,calavera,pecho
1744,"Camiseta con estampado de automóvil, color principal negro, estilo visual minimalista, zona esquina",negro,minimalista,automóvil,esquina
1745,"Camiseta color blanco, estilo retro, con estampado de lobo en zona esquina",blanco,retro,lobo,esquina
1746,"Camiseta color verde, estilo minimalista, con estampado de lobo en zona centrado",verde,minimalista,lobo,centrado
1747,"Camiseta con estampado de automóvil, color principal gris, estilo visual deportivo, zona pecho",gris,deportivo,automóvil,pecho
1748,"Quiero diseño de dragón en camiseta color rojo, estilo vintage, ubicado en espalda",rojo,vintage,dragón,espalda
1749,"Generar camiseta de estilo vintage, color verde, imagen de águila en zona esquina",verde,vintage,águila,esquina
1750,"Quiero una camiseta con diseño de calavera en estilo urbano, color negro, posición espalda",negro,urbano,calavera,espalda
1751,"Diseño de camiseta: gráfico de automóvil, color verde, estilo minimalista, posición centrado",verde,minimalista,automóvil,centrado
1752,"Generar camiseta de estilo deportivo, color azul, imagen de dragón en zona centrado",azul,deportivo,dragón,centrado
1753,"Quiero estampado de montaña en zona esquina, color negro, estilo deportivo",negro,deportivo,montaña,esquina
1754,"Diseño de camiseta: gráfico de guitarra, color verde, estilo deportivo, posición esquina",verde,deportivo,guitarra,esquina
1755,"Generar camiseta de estilo minimalista, color gris, imagen de sol en zona centrado",gris,minimalista,sol,centrado
1756,"Camiseta de color azul, diseño de montaña, estilo deportivo, zona centrado",azul,deportivo,montaña,centrado
1757,"Diseño para camiseta: árbol en posición pecho, color negro, estilo visual deportivo",negro,deportivo,árbol,pecho
1758,"Necesito una camiseta con gráfico de sol en zona centrado, color gris, estilo retro",gris,retro,sol,centrado
1759,"Camiseta con estampado de águila, color principal verde, estilo visual deportivo, zona espalda",verde,deportivo,águila,espalda
1760,"Quiero una camiseta con diseño de águila en estilo minimalista, color rojo, posición centrado",rojo,minimalista,águila,centrado
1761,"Quiero diseño de dragón en camiseta color rojo, estilo urbano, ubicado en esquina",rojo,urbano,dragón,esquina
1762,"Quiero diseño de guitarra en camiseta color rojo, estilo vintage, ubicado en centrado",rojo,vintage,guitarra,centrado
1763,"Camiseta color azul, estilo minimalista, con estampado de guitarra en zona espalda",azul,minimalista,guitarra,espalda
1764,"Quiero una camiseta con diseño de calavera en estilo minimalista, color rojo, posición pecho",rojo,minimalista,calavera,pecho
1765,"Diseño de camiseta: gráfico de águila, color gris, estilo minimalista, posición espalda",gris,minimalista,águila,espalda
1766,"Camiseta con estampado de árbol, color principal verde, estilo visual retro, zona esquina",verde,retro,árbol,esquina
1767,"Diseño de camiseta: gráfico de guitarra, color negro, estilo deportivo, posición esquina",negro,deportivo,guitarra,esquina
1768,"Diseño de camiseta: gráfico de dragón, color gris, estilo deportivo, posición centrado",gris,deportivo,dragón,centrado
1769,"Camiseta con imagen de montaña, color azul, estilo retro, posición esquina",azul,retro,montaña,esquina
1770,"Camiseta de color verde, diseño de dragón, estilo retro, zona esquina",verde,retro,dragón,esquina
1771,"Camiseta de color verde, diseño de calavera, estilo vintage, zona centrado",verde,vintage,calavera,centrado
1772,Camiseta de color rojo con motivo deportivo de montaña en la zona esquina,rojo,deportivo,montaña,esquina
1773,"Generar camiseta de estilo urbano, color verde, imagen de montaña en zona centrado",verde,urbano,montaña,centrado
1774,"Camiseta con estampado de texto, color principal gris, estilo visual deportivo, zona esquina",gris,deportivo,texto,esquina
1775,"Diseñar camiseta: elemento gráfico guitarra, color blanco, estilo deportivo, ubicación centrado",blanco,deportivo,guitarra,centrado
1776,Camiseta de color verde con motivo retro de calavera en la zona pecho,verde,retro,calavera,pecho
1777,"Camiseta con imagen de guitarra, color azul, estilo vintage, posición pecho",azul,vintage,guitarra,pecho
1778,"Camiseta con estampado de sol, color principal rojo, estilo visual retro, zona centrado",rojo,retro,sol,centrado
1779,"Quiero una camiseta con diseño de montaña en estilo deportivo, color rojo, posición esquina",rojo,deportivo,montaña,esquina
1780,"Quiero diseño de texto en camiseta color verde, estilo vintage, ubicado en pecho",verde,vintage,texto,pecho
1781,Camiseta de color blanco con motivo deportivo de montaña en la zona esquina,blanco,deportivo,montaña,esquina
1782,"Quiero estampado de sol en zona esquina, color gris, estilo minimalista",gris,minimalista,sol,esquina
1783,"Camiseta con estampado de texto, color principal verde, estilo visual retro, zona centrado",verde,retro,texto,centrado
1784,"Camiseta con imagen de sol, color negro, estilo urbano, posición espalda",negro,urbano,sol,espalda
1785,"Camiseta con estampado de águila, color principal gris, estilo visual vintage, zona pecho",gris,vintage,águila,pecho
1786,"Quiero diseño de lobo en camiseta color blanco, estilo urbano, ubicado en centrado",blanco,urbano,lobo,centrado
1787,"Quiero diseño de texto en camiseta color rojo, estilo deportivo, ubicado en pecho",rojo,deportivo,texto,pecho
1788,"Camiseta con estampado de lobo, color principal azul, estilo visual deportivo, zona centrado",azul,deportivo,lobo,centrado
1789,"Generar camiseta de estilo vintage, color rojo, imagen de lobo en zona esquina",rojo,vintage,lobo,esquina
1790,Camiseta de color negro con motivo minimalista de dragón en la zona esquina,negro,minimalista,dragón,esquina
1791,"Diseñar camiseta: elemento gráfico sol, color gris, estilo minimalista, ubicación pecho",gris,minimalista,sol,pecho
1792,Camiseta de color blanco con motivo minimalista de águila en la zona esquina,blanco,minimalista,águila,esquina
1793,"Camiseta con imagen de lobo, color blanco, estilo vintage, posición esquina",blanco,vintage,lobo,esquina
1794,"Camiseta de color verde, diseño de texto, estilo deportivo, zona pecho",verde,deportivo,texto,pecho
1795,"Necesito una camiseta con gráfico de calavera en zona centrado, color rojo, estilo minimalista",rojo,minimalista,calavera,centrado
1796,"Quiero diseño de águila en camiseta color gris, estilo vintage, ubicado en centrado",gris,vintage,águila,centrado
1797,"Diseñar camiseta: elemento gráfico montaña, color verde, estilo vintage, ubicación pecho",verde,vintage,montaña,pecho
1798,"Diseñar camiseta: elemento gráfico calavera, color blanco, estilo deportivo, ubicación espalda",blanco,deportivo,calavera,espalda
1799,"Quiero estampado de lobo en zona centrado, color negro, estilo minimalista",negro,minimalista,lobo,centrado
1800,"Necesito una camiseta con gráfico de águila en zona pecho, color gris, estilo deportivo",gris,deportivo,águila,pecho
1801,Camiseta de color negro con motivo urbano de sol en la zona esquina,negro,urbano,sol,esquina
1802,"Diseñar camiseta: elemento gráfico árbol, color verde, estilo vintage, ubicación centrado",verde,vintage,árbol,centrado
1803,"Quiero una camiseta con diseño de árbol en estilo retro, color rojo, posición esquina",rojo,retro,árbol,esquina
1804,"Diseño de camiseta: gráfico de automóvil, color verde, estilo urbano, posición pecho",verde,urbano,automóvil,pecho
1805,"Quiero diseño de automóvil en camiseta color verde, estilo minimalista, ubicado en centrado",verde,minimalista,automóvil,centrado
1806,"Camiseta de color azul, diseño de lobo, estilo retro, zona espalda",azul,retro,lobo,espalda
1807,"Diseñar camiseta: elemento gráfico automóvil, color rojo, estilo retro, ubicación centrado",rojo,retro,automóvil,centrado
1808,"Camiseta de color verde, diseño de automóvil, estilo deportivo, zona espalda",verde,deportivo,automóvil,espalda
1809,"Generar camiseta de estilo urbano, color negro, imagen de automóvil en zona espalda",negro,urbano,automóvil,espalda
1810,Camiseta de color blanco con motivo vintage de árbol en la zona pecho,blanco,vintage,árbol,pecho
1811,Camiseta de color verde con motivo minimalista de automóvil en la zona esquina,verde,minimalista,automóvil,esquina
1812,"Camiseta con estampado de guitarra, color principal blanco, estilo visual retro, zona espalda",blanco,retro,guitarra,espalda
1813,"Camiseta con imagen de águila, color azul, estilo urbano, posición pecho",azul,urbano,águila,pecho
1814,"Generar camiseta de estilo retro, color rojo, imagen de guitarra en zona espalda",rojo,retro,guitarra,espalda
1815,"Camiseta de color azul, diseño de texto, estilo minimalista, zona pecho",azul,minimalista,texto,pecho
1816,"Diseñar camiseta: elemento gráfico automóvil, color rojo, estilo urbano, ubicación esquina",rojo,urbano,automóvil,esquina
1817,"Necesito una camiseta con gráfico de lobo en zona espalda, color verde, estilo urbano",verde,urbano,lobo,espalda
1818,"Camiseta de color blanco, diseño de texto, estilo retro, zona centrado",blanco,retro,texto,centrado
1819,"Diseñar camiseta: elemento gráfico montaña, color verde, estilo vintage, ubicación espalda",verde,vintage,montaña,espalda
1820,"Crear camiseta de estilo deportivo con motivo de guitarra en color blanco, zona pecho",blanco,deportivo,guitarra,pecho
1821,"Diseño para camiseta: sol en posición pecho, color blanco, estilo visual urbano",blanco,urbano,sol,pecho
1822,"Quiero estampado de árbol en zona centrado, color negro, estilo deportivo",negro,deportivo,árbol,centrado
1823,"Quiero una camiseta con diseño de automóvil en estilo minimalista, color blanco, posición espalda",blanco,minimalista,automóvil,espalda
1824,"Crear camiseta de estilo deportivo con motivo de sol en color negro, zona espalda",negro,deportivo,sol,espalda
1825,"Quiero una camiseta con diseño de montaña en estilo vintage, color azul, posición espalda",azul,vintage,montaña,espalda
1826,"Camiseta color verde, estilo urbano, con estampado de dragón en zona esquina",verde,urbano,dragón,esquina
1827,"Camiseta color blanco, estilo minimalista, con estampado de sol en zona esquina",blanco,minimalista,sol,esquina
1828,Camiseta de color blanco con motivo vintage de águila en la zona espalda,blanco,vintage,águila,espalda
1829,"Generar camiseta de estilo retro, color rojo, imagen de sol en zona pecho",rojo,retro,sol,pecho
1830,"Quiero estampado de automóvil en zona pecho, color verde, estilo vintage",verde,vintage,automóvil,pecho
1831,"Camiseta con imagen de calavera, color gris, estilo retro, posición espalda",gris,retro,calavera,espalda
1832,"Quiero una camiseta con diseño de automóvil en estilo minimalista, color azul, posición pecho",azul,minimalista,automóvil,pecho
1833,"Camiseta color blanco, estilo deportivo, con estampado de águila en zona espalda",blanco,deportivo,águila,espalda
1834,"Quiero estampado de montaña en zona centrado, color negro, estilo deportivo",negro,deportivo,montaña,centrado
1835,"Camiseta con estampado de dragón, color principal blanco, estilo visual minimalista, zona centrado",blanco,minimalista,dragón,centrado
1836,"Camiseta con imagen de dragón, color blanco, estilo vintage, posición centrado",blanco,vintage,dragón,centrado
1837,"Camiseta de color blanco, diseño de lobo, estilo minimalista, zona espalda",blanco,minimalista,lobo,espalda
1838,"Crear camiseta de estilo minimalista con motivo de águila en color negro, zona centrado",negro,minimalista,águila,centrado
1839,Camiseta de color azul con motivo vintage de montaña en la zona centrado,azul,vintage,montaña,centrado
1840,"Quiero diseño de calavera en camiseta color blanco, estilo deportivo, ubicado en pecho",blanco,deportivo,calavera,pecho
1841,"Diseño de camiseta: gráfico de calavera, color gris, estilo retro, posición pecho",gris,retro,calavera,pecho
1842,"Quiero estampado de árbol en zona centrado, color azul, estilo vintage",azul,vintage,árbol,centrado
1843,"Necesito una camiseta con gráfico de texto en zona centrado, color verde, estilo minimalista",verde,minimalista,texto,centrado
1844,"Camiseta color negro, estilo deportivo, con estampado de automóvil en zona espalda",negro,deportivo,automóvil,espalda
1845,"Diseño de camiseta: gráfico de montaña, color gris, estilo vintage, posición esquina",gris,vintage,montaña,esquina
1846,"Camiseta de color rojo, diseño de automóvil, estilo retro, zona pecho",rojo,retro,automóvil,pecho
1847,"Camiseta de color gris, diseño de guitarra, estilo vintage, zona espalda",gris,vintage,guitarra,espalda
1848,"Camiseta color azul, estilo urbano, con estampado de calavera en zona centrado",azul,urbano,calavera,centrado
1849,"Quiero diseño de montaña en camiseta color rojo, estilo retro, ubicado en espalda",rojo,retro,montaña,espalda
1850,"Diseño para camiseta: calavera en posición centrado, color rojo, estilo visual deportivo",rojo,deportivo,calavera,centrado
1851,"Diseño para camiseta: sol en posición pecho, color blanco, estilo visual minimalista",blanco,minimalista,sol,pecho
1852,"Diseño de camiseta: gráfico de sol, color negro, estilo vintage, posición pecho",negro,vintage,sol,pecho
1853,"Quiero una camiseta con diseño de calavera en estilo deportivo, color gris, posición pecho",gris,deportivo,calavera,pecho
1854,"Camiseta color rojo, estilo retro, con estampado de lobo en zona pecho",rojo,retro,lobo,pecho
1855,"Crear camiseta de estilo retro con motivo de árbol en color verde, zona esquina",verde,retro,árbol,esquina
1856,"Camiseta color rojo, estilo urbano, con estampado de montaña en zona centrado",rojo,urbano,montaña,centrado
1857,"Quiero una camiseta con diseño de calavera en estilo urbano, color negro, posición centrado",negro,urbano,calavera,centrado
1858,"Quiero una camiseta con diseño de dragón en estilo deportivo, color azul, posición espalda",azul,deportivo,dragón,espalda
1859,"Generar camiseta de estilo vintage, color negro, imagen de árbol en zona centrado",negro,vintage,árbol,centrado
1860,"Camiseta con imagen de águila, color negro, estilo retro, posición espalda",negro,retro,águila,espalda
1861,"Diseñar camiseta: elemento gráfico dragón, color azul, estilo vintage, ubicación espalda",azul,vintage,dragón,espalda
1862,"Quiero una camiseta con diseño de guitarra en estilo retro, color blanco, posición centrado",blanco,retro,guitarra,centrado
1863,"Diseñar camiseta: elemento gráfico dragón, color gris, estilo retro, ubicación centrado",gris,retro,dragón,centrado
1864,"Necesito una camiseta con gráfico de sol en zona esquina, color negro, estilo deportivo",negro,deportivo,sol,esquina
1865,"Camiseta con imagen de texto, color verde, estilo urbano, posición pecho",verde,urbano,texto,pecho
1866,"Diseño de camiseta: gráfico de guitarra, color azul, estilo deportivo, posición espalda",azul,deportivo,guitarra,espalda
1867,"Camiseta con imagen de automóvil, color verde, estilo deportivo, posición centrado",verde,deportivo,automóvil,centrado
1868,"Quiero estampado de automóvil en zona esquina, color blanco, estilo vintage",blanco,vintage,automóvil,esquina
1869,"Crear camiseta de estilo minimalista con motivo de árbol en color azul, zona espalda",azul,minimalista,árbol,espalda
1870,"Generar camiseta de estilo deportivo, color rojo, imagen de sol en zona centrado",rojo,deportivo,sol,centrado
1871,"Diseño para camiseta: calavera en posición espalda, color rojo, estilo visual deportivo",rojo,deportivo,calavera,espalda
1872,"Camiseta con imagen de dragón, color gris, estilo minimalista, posición centrado",gris,minimalista,dragón,centrado
1873,"Quiero estampado de automóvil en zona centrado, color gris, estilo retro",gris,retro,automóvil,centrado
1874,"Necesito una camiseta con gráfico de guitarra en zona esquina, color blanco, estilo retro",blanco,retro,guitarra,esquina
1875,"Camiseta color azul, estilo deportivo, con estampado de árbol en zona pecho",azul,deportivo,árbol,pecho
1876,"Quiero estampado de calavera en zona espalda, color azul, estilo deportivo",azul,deportivo,calavera,espalda
1877,"Camiseta con imagen de calavera, color verde, estilo urbano, posición centrado",verde,urbano,calavera,centrado
1878,"Diseño para camiseta: águila en posición pecho, color gris, estilo visual deportivo",gris,deportivo,águila,pecho
1879,"Quiero una camiseta con diseño de calavera en estilo vintage, color blanco, posición pecho",blanco,vintage,calavera,pecho
1880,Camiseta de color blanco con motivo vintage de lobo en la zona pecho,blanco,vintage,lobo,pecho
1881,"Crear camiseta de estilo retro con motivo de dragón en color azul, zona centrado",azul,retro,dragón,centrado
1882,"Quiero una camiseta con diseño de automóvil en estilo retro, color negro, posición centrado",negro,retro,automóvil,centrado
1883,"Quiero diseño de calavera en camiseta color blanco, estilo minimalista, ubicado en centrado",blanco,minimalista,calavera,centrado
1884,"Diseño de camiseta: gráfico de calavera, color negro, estilo urbano, posición esquina",negro,urbano,calavera,esquina
1885,"Diseño de camiseta: gráfico de montaña, color negro, estilo minimalista, posición espalda",negro,minimalista,montaña,espalda
1886,Camiseta de color rojo con motivo deportivo de sol en la zona centrado,rojo,deportivo,sol,centrado
1887,"Quiero estampado de dragón en zona centrado, color azul, estilo urbano",azul,urbano,dragón,centrado
1888,"Crear camiseta de estilo deportivo con motivo de automóvil en color blanco, zona pecho",blanco,deportivo,automóvil,pecho
1889,"Quiero diseño de texto en camiseta color blanco, estilo vintage, ubicado en pecho",blanco,vintage,texto,pecho
1890,"Camiseta con estampado de calavera, color principal verde, estilo visual vintage, zona centrado",verde,vintage,calavera,centrado
1891,"Diseño para camiseta: montaña en posición espalda, color verde, estilo visual vintage",verde,vintage,montaña,espalda
1892,"Camiseta color rojo, estilo deportivo, con estampado de árbol en zona centrado",rojo,deportivo,árbol,centrado
1893,"Camiseta con estampado de árbol, color principal verde, estilo visual minimalista, zona centrado",verde,minimalista,árbol,centrado
1894,"Diseño para camiseta: automóvil en posición centrado, color gris, estilo visual urbano",gris,urbano,automóvil,centrado
1895,"Generar camiseta de estilo deportivo, color verde, imagen de árbol en zona pecho",verde,deportivo,árbol,pecho
1896,"Quiero diseño de automóvil en camiseta color azul, estilo deportivo, ubicado en esquina",azul,deportivo,automóvil,esquina
1897,"Camiseta color azul, estilo retro, con estampado de dragón en zona pecho",azul,retro,dragón,pecho
1898,"Diseño para camiseta: montaña en posición centrado, color gris, estilo visual deportivo",gris,deportivo,montaña,centrado
1899,"Diseño para camiseta: automóvil en posición esquina, color rojo, estilo visual urbano",rojo,urbano,automóvil,esquina
1900,"Crear camiseta de estilo vintage con motivo de lobo en color azul, zona pecho",azul,vintage,lobo,pecho
1901,"Quiero una camiseta con diseño de águila en estilo retro, color azul, posición pecho",azul,retro,águila,pecho
1902,"Generar camiseta de estilo urbano, color gris, imagen de calavera en zona esquina",gris,urbano,calavera,esquina
1903,"Diseño para camiseta: automóvil en posición espalda, color verde, estilo visual retro",verde,retro,automóvil,espalda
1904,"Generar camiseta de estilo urbano, color negro, imagen de guitarra en zona pecho",negro,urbano,guitarra,pecho
1905,"Diseño de camiseta: gráfico de texto, color negro, estilo retro, posición espalda",negro,retro,texto,espalda
1906,"Necesito una camiseta con gráfico de calavera en zona pecho, color blanco, estilo retro",blanco,retro,calavera,pecho
1907,"Generar camiseta de estilo urbano, color verde, imagen de águila en zona esquina",verde,urbano,águila,esquina
1908,"Diseñar camiseta: elemento gráfico montaña, color azul, estilo urbano, ubicación espalda",azul,urbano,montaña,espalda
1909,"Diseño de camiseta: gráfico de árbol, color blanco, estilo deportivo, posición esquina",blanco,deportivo,árbol,esquina
1910,"Camiseta color negro, estilo deportivo, con estampado de automóvil en zona pecho",negro,deportivo,automóvil,pecho
1911,"Quiero una camiseta con diseño de árbol en estilo minimalista, color verde, posición esquina",verde,minimalista,árbol,esquina
1912,"Quiero una camiseta con diseño de texto en estilo minimalista, color verde, posición espalda",verde,minimalista,texto,espalda
1913,"Quiero diseño de calavera en camiseta color gris, estilo deportivo, ubicado en espalda",gris,deportivo,calavera,espalda
1914,"Quiero una camiseta con diseño de montaña en estilo minimalista, color azul, posición centrado",azul,minimalista,montaña,centrado
1915,"Quiero una camiseta con diseño de dragón en estilo retro, color rojo, posición centrado",rojo,retro,dragón,centrado
1916,"Diseño para camiseta: águila en posición centrado, color negro, estilo visual urbano",negro,urbano,águila,centrado
1917,"Quiero una camiseta con diseño de guitarra en estilo vintage, color negro, posición espalda",negro,vintage,guitarra,espalda
1918,"Crear camiseta de estilo urbano con motivo de texto en color rojo, zona esquina",rojo,urbano,texto,esquina
1919,"Crear camiseta de estilo retro con motivo de árbol en color blanco, zona esquina",blanco,retro,árbol,esquina
1920,"Generar camiseta de estilo urbano, color blanco, imagen de sol en zona centrado",blanco,urbano,sol,centrado
1921,Camiseta de color negro con motivo urbano de automóvil en la zona pecho,negro,urbano,automóvil,pecho
1922,"Diseñar camiseta: elemento gráfico dragón, color gris, estilo deportivo, ubicación esquina",gris,deportivo,dragón,esquina
1923,"Quiero estampado de montaña en zona espalda, color gris, estilo minimalista",gris,minimalista,montaña,espalda
1924,"Camiseta de color azul, diseño de calavera, estilo urbano, zona esquina",azul,urbano,calavera,esquina
1925,"Camiseta con imagen de sol, color gris, estilo deportivo, posición centrado",gris,deportivo,sol,centrado
1926,"Quiero estampado de texto en zona espalda, color gris, estilo retro",gris,retro,texto,espalda
1927,"Quiero estampado de guitarra en zona esquina, color verde, estilo minimalista",verde,minimalista,guitarra,esquina
1928,"Generar camiseta de estilo deportivo, color blanco, imagen de montaña en zona espalda",blanco,deportivo,montaña,espalda
1929,"Diseño de camiseta: gráfico de calavera, color negro, estilo vintage, posición centrado",negro,vintage,calavera,centrado
1930,"Quiero una camiseta con diseño de árbol en estilo urbano, color verde, posición espalda",verde,urbano,árbol,espalda
1931,"Diseño para camiseta: guitarra en posición centrado, color rojo, estilo visual retro",rojo,retro,guitarra,centrado
1932,"Generar camiseta de estilo retro, color azul, imagen de sol en zona pecho",azul,retro,sol,pecho
1933,"Quiero diseño de águila en camiseta color gris, estilo urbano, ubicado en espalda",gris,urbano,águila,espalda
1934,"Diseño de camiseta: gráfico de águila, color blanco, estilo minimalista, posición pecho",blanco,minimalista,águila,pecho
1935,Camiseta de color azul con motivo urbano de sol en la zona esquina,azul,urbano,sol,esquina
1936,"Diseño para camiseta: montaña en posición pecho, color azul, estilo visual retro",azul,retro,montaña,pecho
1937,"Quiero diseño de automóvil en camiseta color rojo, estilo retro, ubicado en esquina",rojo,retro,automóvil,esquina
1938,"Crear camiseta de estilo urbano con motivo de automóvil en color negro, zona pecho",negro,urbano,automóvil,pecho
1939,"Camiseta de color rojo, diseño de águila, estilo minimalista, zona pecho",rojo,minimalista,águila,pecho
1940,"Necesito una camiseta con gráfico de texto en zona espalda, color blanco, estilo retro",blanco,retro,texto,espalda
1941,"Camiseta con imagen de guitarra, color verde, estilo minimalista, posición centrado",verde,minimalista,guitarra,centrado
1942,"Necesito una camiseta con gráfico de automóvil en zona pecho, color gris, estilo minimalista",gris,minimalista,automóvil,pecho
1943,"Generar camiseta de estilo retro, color blanco, imagen de dragón en zona espalda",blanco,retro,dragón,espalda
1944,"Quiero una camiseta con diseño de dragón en estilo minimalista, color verde, posición centrado",verde,minimalista,dragón,centrado
1945,"Camiseta con imagen de árbol, color blanco, estilo deportivo, posición pecho",blanco,deportivo,árbol,pecho
1946,"Quiero estampado de lobo en zona esquina, color gris, estilo deportivo",gris,deportivo,lobo,esquina
1947,"Camiseta con estampado de águila, color principal verde, estilo visual retro, zona centrado",verde,retro,águila,centrado
1948,"Diseñar camiseta: elemento gráfico sol, color azul, estilo vintage, ubicación centrado",azul,vintage,sol,centrado
1949,"Diseño de camiseta: gráfico de árbol, color rojo, estilo deportivo, posición pecho",rojo,deportivo,árbol,pecho
1950,"Camiseta color blanco, estilo retro, con estampado de águila en zona pecho",blanco,retro,águila,pecho
1951,"Camiseta con estampado de árbol, color principal blanco, estilo visual retro, zona espalda",blanco,retro,árbol,espalda
1952,"Quiero diseño de guitarra en camiseta color gris, estilo retro, ubicado en centrado",gris,retro,guitarra,centrado
1953,"Quiero una camiseta con diseño de guitarra en estilo urbano, color rojo, posición pecho",rojo,urbano,guitarra,pecho
1954,"Generar camiseta de estilo minimalista, color azul, imagen de águila en zona pecho",azul,minimalista,águila,pecho
1955,"Quiero diseño de árbol en camiseta color gris, estilo retro, ubicado en pecho",gris,retro,árbol,pecho
1956,"Quiero estampado de automóvil en zona pecho, color azul, estilo retro",azul,retro,automóvil,pecho
1957,"Generar camiseta de estilo vintage, color azul, imagen de calavera en zona espalda",azul,vintage,calavera,espalda
1958,"Quiero una camiseta con diseño de lobo en estilo urbano, color rojo, posición espalda",rojo,urbano,lobo,espalda
1959,Camiseta de color blanco con motivo minimalista de árbol en la zona pecho,blanco,minimalista,árbol,pecho
1960,"Necesito una camiseta con gráfico de dragón en zona esquina, color rojo, estilo minimalista",rojo,minimalista,dragón,esquina
1961,"Camiseta con imagen de árbol, color verde, estilo urbano, posición espalda",verde,urbano,árbol,espalda
1962,"Camiseta con estampado de automóvil, color principal azul, estilo visual deportivo, zona esquina",azul,deportivo,automóvil,esquina
1963,Camiseta de color verde con motivo urbano de automóvil en la zona espalda,verde,urbano,automóvil,espalda
1964,"Diseño para camiseta: guitarra en posición centrado, color blanco, estilo visual vintage",blanco,vintage,guitarra,centrado
1965,"Quiero diseño de águila en camiseta color azul, estilo vintage, ubicado en espalda",azul,vintage,águila,espalda
1966,"Quiero estampado de dragón en zona pecho, color gris, estilo urbano",gris,urbano,dragón,pecho
1967,Camiseta de color rojo con motivo deportivo de guitarra en la zona pecho,rojo,deportivo,guitarra,pecho
1968,"Quiero diseño de texto en camiseta color verde, estilo minimalista, ubicado en pecho",verde,minimalista,texto,pecho
1969,"Camiseta con imagen de árbol, color negro, estilo deportivo, posición pecho",negro,deportivo,árbol,pecho
1970,"Camiseta con imagen de guitarra, color gris, estilo retro, posición espalda",gris,retro,guitarra,espalda
1971,"Diseño de camiseta: gráfico de calavera, color azul, estilo deportivo, posición esquina",azul,deportivo,calavera,esquina
1972,"Diseño de camiseta: gráfico de guitarra, color blanco, estilo urbano, posición espalda",blanco,urbano,guitarra,espalda
1973,"Quiero estampado de automóvil en zona esquina, color negro, estilo retro",negro,retro,automóvil,esquina
1974,"Camiseta de color azul, diseño de sol, estilo vintage, zona pecho",azul,vintage,sol,pecho
1975,"Camiseta con imagen de sol, color azul, estilo vintage, posición esquina",azul,vintage,sol,esquina
1976,"Diseño de camiseta: gráfico de automóvil, color negro, estilo urbano, posición espalda",negro,urbano,automóvil,espalda
1977,"Quiero diseño de automóvil en camiseta color gris, estilo retro, ubicado en esquina",gris,retro,automóvil,esquina
1978,"Crear camiseta de estilo urbano con motivo de lobo en color gris, zona espalda",gris,urbano,lobo,espalda
1979,"Necesito una camiseta con gráfico de dragón en zona pecho, color rojo, estilo deportivo",rojo,deportivo,dragón,pecho
1980,"Camiseta de color negro, diseño de sol, estilo deportivo, zona centrado",negro,deportivo,sol,centrado
1981,"Diseñar camiseta: elemento gráfico texto, color verde, estilo retro, ubicación esquina",verde,retro,texto,esquina
1982,"Necesito una camiseta con gráfico de texto en zona esquina, color rojo, estilo retro",rojo,retro,texto,esquina
1983,"Crear camiseta de estilo vintage con motivo de águila en color verde, zona espalda",verde,vintage,águila,espalda
1984,Camiseta de color azul con motivo minimalista de calavera en la zona esquina,azul,minimalista,calavera,esquina
1985,"Necesito una camiseta con gráfico de calavera en zona centrado, color blanco, estilo deportivo",blanco,deportivo,calavera,centrado
1986,"Generar camiseta de estilo minimalista, color gris, imagen de montaña en zona pecho",gris,minimalista,montaña,pecho
1987,"Generar camiseta de estilo retro, color gris, imagen de águila en zona centrado",gris,retro,águila,centrado
1988,"Camiseta de color blanco, diseño de lobo, estilo urbano, zona centrado",blanco,urbano,lobo,centrado
1989,"Diseñar camiseta: elemento gráfico sol, color azul, estilo vintage, ubicación pecho",azul,vintage,sol,pecho
1990,"Quiero diseño de sol en camiseta color rojo, estilo vintage, ubicado en centrado",rojo,vintage,sol,centrado
1991,"Diseñar camiseta: elemento gráfico árbol, color gris, estilo urbano, ubicación esquina",gris,urbano,árbol,esquina
1992,"Camiseta con imagen de calavera, color azul, estilo minimalista, posición pecho",azul,minimalista,calavera,pecho
1993,"Diseño de camiseta: gráfico de lobo, color gris, estilo vintage, posición espalda",gris,vintage,lobo,espalda
1994,"Diseño para camiseta: texto en posición centrado, color gris, estilo visual minimalista",gris,minimalista,texto,centrado
1995,"Quiero una camiseta con diseño de calavera en estilo deportivo, color blanco, posición espalda",blanco,deportivo,calavera,espalda
1996,"Diseñar camiseta: elemento gráfico automóvil, color verde, estilo deportivo, ubicación centrado",verde,deportivo,automóvil,centrado
1997,"Crear camiseta de estilo urbano con motivo de águila en color rojo, zona pecho",rojo,urbano,águila,pecho
1998,"Diseño de camiseta: gráfico de montaña, color gris, estilo deportivo, posición pecho",gris,deportivo,montaña,pecho
1999,"Camiseta de color azul, diseño de calavera, estilo minimalista, zona pecho",azul,minimalista,calavera,pecho
2000,"Quiero una camiseta con diseño de árbol en estilo retro, color verde, posición centrado",verde,retro,árbol,centrado
