prompt,color,estilo,elemento,posicion
"Diseño de camiseta: gráfico de montaña, color negro, estilo minimalista, posición centrado",negro,minimalista,montaña,centrado
"Quiero una camiseta con diseño de montaña en estilo minimalista, color negro, posición pecho",negro,minimalista,montaña,pecho
"Camiseta de color negro, diseño de montaña, estilo minimalista, zona esquina",negro,minimalista,montaña,esquina
"Crear camiseta de estilo minimalista con motivo de montaña en color negro, zona espalda",negro,minimalista,montaña,espalda
"Necesito una camiseta con gráfico de guitarra en zona centrado, color negro, estilo minimalista",negro,minimalista,guitarra,centrado
"Camiseta con estampado de guitarra, color principal negro, estilo visual minimalista, zona pecho",negro,minimalista,guitarra,pecho
"Camiseta con estampado de guitarra, color principal negro, estilo visual minimalista, zona esquina",negro,minimalista,guitarra,esquina
"Diseñar camiseta: elemento gráfico guitarra, color negro, estilo minimalista, ubicación espalda",negro,minimalista,guitarra,espalda
"Crear camiseta de estilo minimalista con motivo de calavera en color negro, zona centrado",negro,minimalista,calavera,centrado
"Quiero una camiseta con diseño de calavera en estilo minimalista, color negro, posición pecho",negro,minimalista,calavera,pecho
"Diseño de camiseta: gráfico de calavera, color negro, estilo minimalista, posición esquina",negro,minimalista,calavera,esquina
"Crear camiseta de estilo minimalista con motivo de calavera en color negro, zona espalda",negro,minimalista,calavera,espalda
"Quiero estampado de lobo en zona centrado, color negro, estilo minimalista",negro,minimalista,lobo,centrado
"Quiero una camiseta con diseño de lobo en estilo minimalista, color negro, posición pecho",negro,minimalista,lobo,pecho
"Camiseta con imagen de lobo, color negro, estilo minimalista, posición esquina",negro,minimalista,lobo,esquina
"Diseño para camiseta: lobo en posición espalda, color negro, estilo visual minimalista",negro,minimalista,lobo,espalda
"Camiseta de color negro, diseño de águila, estilo minimalista, zona centrado",negro,minimalista,águila,centrado
"Camiseta de color negro, diseño de águila, estilo minimalista, zona pecho",negro,minimalista,águila,pecho
"Quiero una camiseta con diseño de águila en estilo minimalista, color negro, posición esquina",negro,minimalista,águila,esquina
"Camiseta con estampado de águila, color principal negro, estilo visual minimalista, zona espalda",negro,minimalista,águila,espalda
"Camiseta con estampado de sol, color principal negro, estilo visual minimalista, zona centrado",negro,minimalista,sol,centrado
"Quiero estampado de sol en zona pecho, color negro, estilo minimalista",negro,minimalista,sol,pecho
"Camiseta con imagen de sol, color negro, estilo minimalista, posición esquina",negro,minimalista,sol,esquina
"Camiseta de color negro, diseño de sol, estilo minimalista, zona espalda",negro,minimalista,sol,espalda
"Quiero estampado de árbol en zona centrado, color negro, estilo minimalista",negro,minimalista,árbol,centrado
"Camiseta con estampado de árbol, color principal negro, estilo visual minimalista, zona pecho",negro,minimalista,árbol,pecho
"Crear camiseta de estilo minimalista con motivo de árbol en color negro, zona esquina",negro,minimalista,árbol,esquina
"Diseño de camiseta: gráfico de árbol, color negro, estilo minimalista, posición espalda",negro,minimalista,árbol,espalda
"Crear camiseta de estilo minimalista con motivo de automóvil en color negro, zona centrado",negro,minimalista,automóvil,centrado
"Quiero estampado de automóvil en zona pecho, color negro, estilo minimalista",negro,minimalista,automóvil,pecho
"Diseño para camiseta: automóvil en posición esquina, color negro, estilo visual minimalista",negro,minimalista,automóvil,esquina
"Camiseta con estampado de automóvil, color principal negro, estilo visual minimalista, zona espalda",negro,minimalista,automóvil,espalda
"Camiseta color negro, estilo minimalista, con estampado de dragón en zona centrado",negro,minimalista,dragón,centrado
"Camiseta con imagen de dragón, color negro, estilo minimalista, posición pecho",negro,minimalista,dragón,pecho
"Necesito una camiseta con gráfico de dragón en zona esquina, color negro, estilo minimalista",negro,minimalista,dragón,esquina
Camiseta de color negro con motivo minimalista de dragón en la zona espalda,negro,minimalista,dragón,espalda
"Quiero diseño de texto en camiseta color negro, estilo minimalista, ubicado en centrado",negro,minimalista,texto,centrado
"Camiseta de color negro, diseño de texto, estilo minimalista, zona pecho",negro,minimalista,texto,pecho
Camiseta de color negro con motivo minimalista de texto en la zona esquina,negro,minimalista,texto,esquina
Camiseta de color negro con motivo minimalista de texto en la zona espalda,negro,minimalista,texto,espalda
"Diseñar camiseta: elemento gráfico montaña, color negro, estilo vintage, ubicación centrado",negro,vintage,montaña,centrado
"Crear camiseta de estilo vintage con motivo de montaña en color negro, zona pecho",negro,vintage,montaña,pecho
"Diseño para camiseta: montaña en posición esquina, color negro, estilo visual vintage",negro,vintage,montaña,esquina
"Generar camiseta de estilo vintage, color negro, imagen de montaña en zona espalda",negro,vintage,montaña,espalda
"Necesito una camiseta con gráfico de guitarra en zona centrado, color negro, estilo vintage",negro,vintage,guitarra,centrado
"Diseñar camiseta: elemento gráfico guitarra, color negro, estilo vintage, ubicación pecho",negro,vintage,guitarra,pecho
"Camiseta con estampado de guitarra, color principal negro, estilo visual vintage, zona esquina",negro,vintage,guitarra,esquina
Camiseta de color negro con motivo vintage de guitarra en la zona espalda,negro,vintage,guitarra,espalda
"Generar camiseta de estilo vintage, color negro, imagen de calavera en zona centrado",negro,vintage,calavera,centrado
"Quiero una camiseta con diseño de calavera en estilo vintage, color negro, posición pecho",negro,vintage,calavera,pecho
"Quiero una camiseta con diseño de calavera en estilo vintage, color negro, posición esquina",negro,vintage,calavera,esquina
"Diseño para camiseta: calavera en posición espalda, color negro, estilo visual vintage",negro,vintage,calavera,espalda
"Quiero una camiseta con diseño de lobo en estilo vintage, color negro, posición centrado",negro,vintage,lobo,centrado
"Generar camiseta de estilo vintage, color negro, imagen de lobo en zona pecho",negro,vintage,lobo,pecho
"Quiero diseño de lobo en camiseta color negro, estilo vintage, ubicado en esquina",negro,vintage,lobo,esquina
"Generar camiseta de estilo vintage, color negro, imagen de lobo en zona espalda",negro,vintage,lobo,espalda
"Camiseta con imagen de águila, color negro, estilo vintage, posición centrado",negro,vintage,águila,centrado
"Necesito una camiseta con gráfico de águila en zona pecho, color negro, estilo vintage",negro,vintage,águila,pecho
Camiseta de color negro con motivo vintage de águila en la zona esquina,negro,vintage,águila,esquina
"Camiseta de color negro, diseño de águila, estilo vintage, zona espalda",negro,vintage,águila,espalda
"Crear camiseta de estilo vintage con motivo de sol en color negro, zona centrado",negro,vintage,sol,centrado
"Camiseta color negro, estilo vintage, con estampado de sol en zona pecho",negro,vintage,sol,pecho
"Quiero estampado de sol en zona esquina, color negro, estilo vintage",negro,vintage,sol,esquina
"Quiero una camiseta con diseño de sol en estilo vintage, color negro, posición espalda",negro,vintage,sol,espalda
"Diseño para camiseta: árbol en posición centrado, color negro, estilo visual vintage",negro,vintage,árbol,centrado
"Quiero una camiseta con diseño de árbol en estilo vintage, color negro, posición pecho",negro,vintage,árbol,pecho
"Quiero estampado de árbol en zona esquina, color negro, estilo vintage",negro,vintage,árbol,esquina
"Necesito una camiseta con gráfico de árbol en zona espalda, color negro, estilo vintage",negro,vintage,árbol,espalda
"Quiero diseño de automóvil en camiseta color negro, estilo vintage, ubicado en centrado",negro,vintage,automóvil,centrado
"Diseño de camiseta: gráfico de automóvil, color negro, estilo vintage, posición pecho",negro,vintage,automóvil,pecho
"Camiseta con imagen de automóvil, color negro, estilo vintage, posición esquina",negro,vintage,automóvil,esquina
"Quiero diseño de automóvil en camiseta color negro, estilo vintage, ubicado en espalda",negro,vintage,automóvil,espalda
"Generar camiseta de estilo vintage, color negro, imagen de dragón en zona centrado",negro,vintage,dragón,centrado
"Camiseta con imagen de dragón, color negro, estilo vintage, posición pecho",negro,vintage,dragón,pecho
"Camiseta con estampado de dragón, color principal negro, estilo visual vintage, zona esquina",negro,vintage,dragón,esquina
"Crear camiseta de estilo vintage con motivo de dragón en color negro, zona espalda",negro,vintage,dragón,espalda
"Quiero una camiseta con diseño de texto en estilo vintage, color negro, posición centrado",negro,vintage,texto,centrado
"Camiseta de color negro, diseño de texto, estilo vintage, zona pecho",negro,vintage,texto,pecho
"Diseño de camiseta: gráfico de texto, color negro, estilo vintage, posición esquina",negro,vintage,texto,esquina
"Camiseta con estampado de texto, color principal negro, estilo visual vintage, zona espalda",negro,vintage,texto,espalda
Camiseta de color negro con motivo urbano de montaña en la zona centrado,negro,urbano,montaña,centrado
"Necesito una camiseta con gráfico de montaña en zona pecho, color negro, estilo urbano",negro,urbano,montaña,pecho
"Quiero una camiseta con diseño de montaña en estilo urbano, color negro, posición esquina",negro,urbano,montaña,esquina
"Quiero diseño de montaña en camiseta color negro, estilo urbano, ubicado en espalda",negro,urbano,montaña,espalda
"Camiseta con estampado de guitarra, color principal negro, estilo visual urbano, zona centrado",negro,urbano,guitarra,centrado
"Quiero diseño de guitarra en camiseta color negro, estilo urbano, ubicado en pecho",negro,urbano,guitarra,pecho
"Quiero una camiseta con diseño de guitarra en estilo urbano, color negro, posición esquina",negro,urbano,guitarra,esquina
"Diseño para camiseta: guitarra en posición espalda, color negro, estilo visual urbano",negro,urbano,guitarra,espalda
"Necesito una camiseta con gráfico de calavera en zona centrado, color negro, estilo urbano",negro,urbano,calavera,centrado
"Camiseta color negro, estilo urbano, con estampado de calavera en zona pecho",negro,urbano,calavera,pecho
"Diseño de camiseta: gráfico de calavera, color negro, estilo urbano, posición esquina",negro,urbano,calavera,esquina
"Quiero diseño de calavera en camiseta color negro, estilo urbano, ubicado en espalda",negro,urbano,calavera,espalda
"Generar camiseta de estilo urbano, color negro, imagen de lobo en zona centrado",negro,urbano,lobo,centrado
"Diseñar camiseta: elemento gráfico lobo, color negro, estilo urbano, ubicación pecho",negro,urbano,lobo,pecho
"Generar camiseta de estilo urbano, color negro, imagen de lobo en zona esquina",negro,urbano,lobo,esquina
"Generar camiseta de estilo urbano, color negro, imagen de lobo en zona espalda",negro,urbano,lobo,espalda
"Camiseta con estampado de águila, color principal negro, estilo visual urbano, zona centrado",negro,urbano,águila,centrado
"Diseño de camiseta: gráfico de águila, color negro, estilo urbano, posición pecho",negro,urbano,águila,pecho
"Necesito una camiseta con gráfico de águila en zona esquina, color negro, estilo urbano",negro,urbano,águila,esquina
"Crear camiseta de estilo urbano con motivo de águila en color negro, zona espalda",negro,urbano,águila,espalda
"Diseño de camiseta: gráfico de sol, color negro, estilo urbano, posición centrado",negro,urbano,sol,centrado
"Diseño de camiseta: gráfico de sol, color negro, estilo urbano, posición pecho",negro,urbano,sol,pecho
"Quiero una camiseta con diseño de sol en estilo urbano, color negro, posición esquina",negro,urbano,sol,esquina
"Camiseta con imagen de sol, color negro, estilo urbano, posición espalda",negro,urbano,sol,espalda
"Diseño de camiseta: gráfico de árbol, color negro, estilo urbano, posición centrado",negro,urbano,árbol,centrado
"Diseñar camiseta: elemento gráfico árbol, color negro, estilo urbano, ubicación pecho",negro,urbano,árbol,pecho
"Quiero estampado de árbol en zona esquina, color negro, estilo urbano",negro,urbano,árbol,esquina
"Crear camiseta de estilo urbano con motivo de árbol en color negro, zona espalda",negro,urbano,árbol,espalda
"Camiseta con estampado de automóvil, color principal negro, estilo visual urbano, zona centrado",negro,urbano,automóvil,centrado
"Diseñar camiseta: elemento gráfico automóvil, color negro, estilo urbano, ubicación pecho",negro,urbano,automóvil,pecho
"Camiseta color negro, estilo urbano, con estampado de automóvil en zona esquina",negro,urbano,automóvil,esquina
"Diseño para camiseta: automóvil en posición espalda, color negro, estilo visual urbano",negro,urbano,automóvil,espalda
"Necesito una camiseta con gráfico de dragón en zona centrado, color negro, estilo urbano",negro,urbano,dragón,centrado
"Diseño de camiseta: gráfico de dragón, color negro, estilo urbano, posición pecho",negro,urbano,dragón,pecho
"Crear camiseta de estilo urbano con motivo de dragón en color negro, zona esquina",negro,urbano,dragón,esquina
"Quiero estampado de dragón en zona espalda, color negro, estilo urbano",negro,urbano,dragón,espalda
"Camiseta con estampado de texto, color principal negro, estilo visual urbano, zona centrado",negro,urbano,texto,centrado
"Diseño de camiseta: gráfico de texto, color negro, estilo urbano, posición pecho",negro,urbano,texto,pecho
"Generar camiseta de estilo urbano, color negro, imagen de texto en zona esquina",negro,urbano,texto,esquina
"Quiero diseño de texto en camiseta color negro, estilo urbano, ubicado en espalda",negro,urbano,texto,espalda
Camiseta de color negro con motivo deportivo de montaña en la zona centrado,negro,deportivo,montaña,centrado
Camiseta de color negro con motivo deportivo de montaña en la zona pecho,negro,deportivo,montaña,pecho
"Camiseta de color negro, diseño de montaña, estilo deportivo, zona esquina",negro,deportivo,montaña,esquina
"Camiseta con estampado de montaña, color principal negro, estilo visual deportivo, zona espalda",negro,deportivo,montaña,espalda
"Quiero diseño de guitarra en camiseta color negro, estilo deportivo, ubicado en centrado",negro,deportivo,guitarra,centrado
"Camiseta de color negro, diseño de guitarra, estilo deportivo, zona pecho",negro,deportivo,guitarra,pecho
Camiseta de color negro con motivo deportivo de guitarra en la zona esquina,negro,deportivo,guitarra,esquina
"Generar camiseta de estilo deportivo, color negro, imagen de guitarra en zona espalda",negro,deportivo,guitarra,espalda
"Diseño para camiseta: calavera en posición centrado, color negro, estilo visual deportivo",negro,deportivo,calavera,centrado
"Necesito una camiseta con gráfico de calavera en zona pecho, color negro, estilo deportivo",negro,deportivo,calavera,pecho
"Quiero una camiseta con diseño de calavera en estilo deportivo, color negro, posición esquina",negro,deportivo,calavera,esquina
"Camiseta con estampado de calavera, color principal negro, estilo visual deportivo, zona espalda",negro,deportivo,calavera,espalda
"Camiseta con imagen de lobo, color negro, estilo deportivo, posición centrado",negro,deportivo,lobo,centrado
"Crear camiseta de estilo deportivo con motivo de lobo en color negro, zona pecho",negro,deportivo,lobo,pecho
"Generar camiseta de estilo deportivo, color negro, imagen de lobo en zona esquina",negro,deportivo,lobo,esquina
"Camiseta con estampado de lobo, color principal negro, estilo visual deportivo, zona espalda",negro,deportivo,lobo,espalda
"Diseño de camiseta: gráfico de águila, color negro, estilo deportivo, posición centrado",negro,deportivo,águila,centrado
"Camiseta color negro, estilo deportivo, con estampado de águila en zona pecho",negro,deportivo,águila,pecho
"Diseño para camiseta: águila en posición esquina, color negro, estilo visual deportivo",negro,deportivo,águila,esquina
"Diseño de camiseta: gráfico de águila, color negro, estilo deportivo, posición espalda",negro,deportivo,águila,espalda
"Camiseta color negro, estilo deportivo, con estampado de sol en zona centrado",negro,deportivo,sol,centrado
"Diseñar camiseta: elemento gráfico sol, color negro, estilo deportivo, ubicación pecho",negro,deportivo,sol,pecho
"Necesito una camiseta con gráfico de sol en zona esquina, color negro, estilo deportivo",negro,deportivo,sol,esquina
"Diseñar camiseta: elemento gráfico sol, color negro, estilo deportivo, ubicación espalda",negro,deportivo,sol,espalda
"Camiseta con estampado de árbol, color principal negro, estilo visual deportivo, zona centrado",negro,deportivo,árbol,centrado
"Crear camiseta de estilo deportivo con motivo de árbol en color negro, zona pecho",negro,deportivo,árbol,pecho
"Quiero estampado de árbol en zona esquina, color negro, estilo deportivo",negro,deportivo,árbol,esquina
"Quiero estampado de árbol en zona espalda, color negro, estilo deportivo",negro,deportivo,árbol,espalda
"Necesito una camiseta con gráfico de automóvil en zona centrado, color negro, estilo deportivo",negro,deportivo,automóvil,centrado
"Crear camiseta de estilo deportivo con motivo de automóvil en color negro, zona pecho",negro,deportivo,automóvil,pecho
"Camiseta con imagen de automóvil, color negro, estilo deportivo, posición esquina",negro,deportivo,automóvil,esquina
"Diseño para camiseta: automóvil en posición espalda, color negro, estilo visual deportivo",negro,deportivo,automóvil,espalda
"Camiseta con imagen de dragón, color negro, estilo deportivo, posición centrado",negro,deportivo,dragón,centrado
"Diseño para camiseta: dragón en posición pecho, color negro, estilo visual deportivo",negro,deportivo,dragón,pecho
"Generar camiseta de estilo deportivo, color negro, imagen de dragón en zona esquina",negro,deportivo,dragón,esquina
"Camiseta con estampado de dragón, color principal negro, estilo visual deportivo, zona espalda",negro,deportivo,dragón,espalda
"Diseñar camiseta: elemento gráfico texto, color negro, estilo deportivo, ubicación centrado",negro,deportivo,texto,centrado
"Quiero estampado de texto en zona pecho, color negro, estilo deportivo",negro,deportivo,texto,pecho
"Camiseta color negro, estilo deportivo, con estampado de texto en zona esquina",negro,deportivo,texto,esquina
"Quiero una camiseta con diseño de texto en estilo deportivo, color negro, posición espalda",negro,deportivo,texto,espalda
Camiseta de color negro con motivo retro de montaña en la zona centrado,negro,retro,montaña,centrado
"Camiseta de color negro, diseño de montaña, estilo retro, zona pecho",negro,retro,montaña,pecho
"Quiero diseño de montaña en camiseta color negro, estilo retro, ubicado en esquina",negro,retro,montaña,esquina
"Quiero una camiseta con diseño de montaña en estilo retro, color negro, posición espalda",negro,retro,montaña,espalda
"Diseñar camiseta: elemento gráfico guitarra, color negro, estilo retro, ubicación centrado",negro,retro,guitarra,centrado
"Diseño de camiseta: gráfico de guitarra, color negro, estilo retro, posición pecho",negro,retro,guitarra,pecho
"Diseñar camiseta: elemento gráfico guitarra, color negro, estilo retro, ubicación esquina",negro,retro,guitarra,esquina
Camiseta de color negro con motivo retro de guitarra en la zona espalda,negro,retro,guitarra,espalda
"Diseño de camiseta: gráfico de calavera, color negro, estilo retro, posición centrado",negro,retro,calavera,centrado
"Diseño para camiseta: calavera en posición pecho, color negro, estilo visual retro",negro,retro,calavera,pecho
"Camiseta con imagen de calavera, color negro, estilo retro, posición esquina",negro,retro,calavera,esquina
"Quiero una camiseta con diseño de calavera en estilo retro, color negro, posición espalda",negro,retro,calavera,espalda
"Diseño para camiseta: lobo en posición centrado, color negro, estilo visual retro",negro,retro,lobo,centrado
"Diseño para camiseta: lobo en posición pecho, color negro, estilo visual retro",negro,retro,lobo,pecho
"Camiseta con imagen de lobo, color negro, estilo retro, posición esquina",negro,retro,lobo,esquina
"Camiseta color negro, estilo retro, con estampado de lobo en zona espalda",negro,retro,lobo,espalda
"Quiero estampado de águila en zona centrado, color negro, estilo retro",negro,retro,águila,centrado
"Necesito una camiseta con gráfico de águila en zona pecho, color negro, estilo retro",negro,retro,águila,pecho
"Quiero estampado de águila en zona esquina, color negro, estilo retro",negro,retro,águila,esquina
"Quiero diseño de águila en camiseta color negro, estilo retro, ubicado en espalda",negro,retro,águila,espalda
"Camiseta de color negro, diseño de sol, estilo retro, zona centrado",negro,retro,sol,centrado
"Diseño de camiseta: gráfico de sol, color negro, estilo retro, posición pecho",negro,retro,sol,pecho
"Crear camiseta de estilo retro con motivo de sol en color negro, zona esquina",negro,retro,sol,esquina
"Quiero una camiseta con diseño de sol en estilo retro, color negro, posición espalda",negro,retro,sol,espalda
"Diseño de camiseta: gráfico de árbol, color negro, estilo retro, posición centrado",negro,retro,árbol,centrado
"Quiero estampado de árbol en zona pecho, color negro, estilo retro",negro,retro,árbol,pecho
Camiseta de color negro con motivo retro de árbol en la zona esquina,negro,retro,árbol,esquina
"Necesito una camiseta con gráfico de árbol en zona espalda, color negro, estilo retro",negro,retro,árbol,espalda
Camiseta de color negro con motivo retro de automóvil en la zona centrado,negro,retro,automóvil,centrado
"Diseño de camiseta: gráfico de automóvil, color negro, estilo retro, posición pecho",negro,retro,automóvil,pecho
"Generar camiseta de estilo retro, color negro, imagen de automóvil en zona esquina",negro,retro,automóvil,esquina
"Quiero una camiseta con diseño de automóvil en estilo retro, color negro, posición espalda",negro,retro,automóvil,espalda
"Necesito una camiseta con gráfico de dragón en zona centrado, color negro, estilo retro",negro,retro,dragón,centrado
"Diseño para camiseta: dragón en posición pecho, color negro, estilo visual retro",negro,retro,dragón,pecho
"Diseñar camiseta: elemento gráfico dragón, color negro, estilo retro, ubicación esquina",negro,retro,dragón,esquina
"Camiseta color negro, estilo retro, con estampado de dragón en zona espalda",negro,retro,dragón,espalda
"Camiseta de color negro, diseño de texto, estilo retro, zona centrado",negro,retro,texto,centrado
"Crear camiseta de estilo retro con motivo de texto en color negro, zona pecho",negro,retro,texto,pecho
"Crear camiseta de estilo retro con motivo de texto en color negro, zona esquina",negro,retro,texto,esquina
"Necesito una camiseta con gráfico de texto en zona espalda, color negro, estilo retro",negro,retro,texto,espalda
"Quiero estampado de montaña en zona centrado, color blanco, estilo minimalista",blanco,minimalista,montaña,centrado
Camiseta de color blanco con motivo minimalista de montaña en la zona pecho,blanco,minimalista,montaña,pecho
"Diseñar camiseta: elemento gráfico montaña, color blanco, estilo minimalista, ubicación esquina",blanco,minimalista,montaña,esquina
"Quiero estampado de montaña en zona espalda, color blanco, estilo minimalista",blanco,minimalista,montaña,espalda
"Quiero una camiseta con diseño de guitarra en estilo minimalista, color blanco, posición centrado",blanco,minimalista,guitarra,centrado
"Quiero diseño de guitarra en camiseta color blanco, estilo minimalista, ubicado en pecho",blanco,minimalista,guitarra,pecho
"Diseño de camiseta: gráfico de guitarra, color blanco, estilo minimalista, posición esquina",blanco,minimalista,guitarra,esquina
"Necesito una camiseta con gráfico de guitarra en zona espalda, color blanco, estilo minimalista",blanco,minimalista,guitarra,espalda
"Quiero diseño de calavera en camiseta color blanco, estilo minimalista, ubicado en centrado",blanco,minimalista,calavera,centrado
"Diseño de camiseta: gráfico de calavera, color blanco, estilo minimalista, posición pecho",blanco,minimalista,calavera,pecho
"Quiero estampado de calavera en zona esquina, color blanco, estilo minimalista",blanco,minimalista,calavera,esquina
"Camiseta con imagen de calavera, color blanco, estilo minimalista, posición espalda",blanco,minimalista,calavera,espalda
"Camiseta con estampado de lobo, color principal blanco, estilo visual minimalista, zona centrado",blanco,minimalista,lobo,centrado
"Diseñar camiseta: elemento gráfico lobo, color blanco, estilo minimalista, ubicación pecho",blanco,minimalista,lobo,pecho
"Generar camiseta de estilo minimalista, color blanco, imagen de lobo en zona esquina",blanco,minimalista,lobo,esquina
Camiseta de color blanco con motivo minimalista de lobo en la zona espalda,blanco,minimalista,lobo,espalda
"Diseñar camiseta: elemento gráfico águila, color blanco, estilo minimalista, ubicación centrado",blanco,minimalista,águila,centrado
"Quiero estampado de águila en zona pecho, color blanco, estilo minimalista",blanco,minimalista,águila,pecho
Camiseta de color blanco con motivo minimalista de águila en la zona esquina,blanco,minimalista,águila,esquina
"Quiero estampado de águila en zona espalda, color blanco, estilo minimalista",blanco,minimalista,águila,espalda
"Camiseta de color blanco, diseño de sol, estilo minimalista, zona centrado",blanco,minimalista,sol,centrado
"Camiseta con imagen de sol, color blanco, estilo minimalista, posición pecho",blanco,minimalista,sol,pecho
"Generar camiseta de estilo minimalista, color blanco, imagen de sol en zona esquina",blanco,minimalista,sol,esquina
"Camiseta color blanco, estilo minimalista, con estampado de sol en zona espalda",blanco,minimalista,sol,espalda
"Camiseta de color blanco, diseño de árbol, estilo minimalista, zona centrado",blanco,minimalista,árbol,centrado
"Quiero una camiseta con diseño de árbol en estilo minimalista, color blanco, posición pecho",blanco,minimalista,árbol,pecho
"Generar camiseta de estilo minimalista, color blanco, imagen de árbol en zona esquina",blanco,minimalista,árbol,esquina
"Quiero diseño de árbol en camiseta color blanco, estilo minimalista, ubicado en espalda",blanco,minimalista,árbol,espalda
Camiseta de color blanco con motivo minimalista de automóvil en la zona centrado,blanco,minimalista,automóvil,centrado
"Necesito una camiseta con gráfico de automóvil en zona pecho, color blanco, estilo minimalista",blanco,minimalista,automóvil,pecho
"Camiseta con estampado de automóvil, color principal blanco, estilo visual minimalista, zona esquina",blanco,minimalista,automóvil,esquina
"Camiseta de color blanco, diseño de automóvil, estilo minimalista, zona espalda",blanco,minimalista,automóvil,espalda
"Camiseta con estampado de dragón, color principal blanco, estilo visual minimalista, zona centrado",blanco,minimalista,dragón,centrado
"Camiseta con imagen de dragón, color blanco, estilo minimalista, posición pecho",blanco,minimalista,dragón,pecho
"Quiero una camiseta con diseño de dragón en estilo minimalista, color blanco, posición esquina",blanco,minimalista,dragón,esquina
"Quiero una camiseta con diseño de dragón en estilo minimalista, color blanco, posición espalda",blanco,minimalista,dragón,espalda
"Crear camiseta de estilo minimalista con motivo de texto en color blanco, zona centrado",blanco,minimalista,texto,centrado
"Camiseta color blanco, estilo minimalista, con estampado de texto en zona pecho",blanco,minimalista,texto,pecho
"Quiero diseño de texto en camiseta color blanco, estilo minimalista, ubicado en esquina",blanco,minimalista,texto,esquina
"Quiero una camiseta con diseño de texto en estilo minimalista, color blanco, posición espalda",blanco,minimalista,texto,espalda
Camiseta de color blanco con motivo vintage de montaña en la zona centrado,blanco,vintage,montaña,centrado
"Quiero estampado de montaña en zona pecho, color blanco, estilo vintage",blanco,vintage,montaña,pecho
Camiseta de color blanco con motivo vintage de montaña en la zona esquina,blanco,vintage,montaña,esquina
"Diseñar camiseta: elemento gráfico montaña, color blanco, estilo vintage, ubicación espalda",blanco,vintage,montaña,espalda
"Diseñar camiseta: elemento gráfico guitarra, color blanco, estilo vintage, ubicación centrado",blanco,vintage,guitarra,centrado
"Diseño de camiseta: gráfico de guitarra, color blanco, estilo vintage, posición pecho",blanco,vintage,guitarra,pecho
"Camiseta color blanco, estilo vintage, con estampado de guitarra en zona esquina",blanco,vintage,guitarra,esquina
"Quiero estampado de guitarra en zona espalda, color blanco, estilo vintage",blanco,vintage,guitarra,espalda
"Diseñar camiseta: elemento gráfico calavera, color blanco, estilo vintage, ubicación centrado",blanco,vintage,calavera,centrado
"Necesito una camiseta con gráfico de calavera en zona pecho, color blanco, estilo vintage",blanco,vintage,calavera,pecho
"Quiero estampado de calavera en zona esquina, color blanco, estilo vintage",blanco,vintage,calavera,esquina
"Quiero diseño de calavera en camiseta color blanco, estilo vintage, ubicado en espalda",blanco,vintage,calavera,espalda
"Camiseta con imagen de lobo, color blanco, estilo vintage, posición centrado",blanco,vintage,lobo,centrado
"Diseño para camiseta: lobo en posición pecho, color blanco, estilo visual vintage",blanco,vintage,lobo,pecho
"Camiseta con estampado de lobo, color principal blanco, estilo visual vintage, zona esquina",blanco,vintage,lobo,esquina
"Quiero estampado de lobo en zona espalda, color blanco, estilo vintage",blanco,vintage,lobo,espalda
Camiseta de color blanco con motivo vintage de águila en la zona centrado,blanco,vintage,águila,centrado
"Crear camiseta de estilo vintage con motivo de águila en color blanco, zona pecho",blanco,vintage,águila,pecho
"Crear camiseta de estilo vintage con motivo de águila en color blanco, zona esquina",blanco,vintage,águila,esquina
"Camiseta con estampado de águila, color principal blanco, estilo visual vintage, zona espalda",blanco,vintage,águila,espalda
"Crear camiseta de estilo vintage con motivo de sol en color blanco, zona centrado",blanco,vintage,sol,centrado
"Necesito una camiseta con gráfico de sol en zona pecho, color blanco, estilo vintage",blanco,vintage,sol,pecho
"Diseño para camiseta: sol en posición esquina, color blanco, estilo visual vintage",blanco,vintage,sol,esquina
"Diseño de camiseta: gráfico de sol, color blanco, estilo vintage, posición espalda",blanco,vintage,sol,espalda
"Diseño de camiseta: gráfico de árbol, color blanco, estilo vintage, posición centrado",blanco,vintage,árbol,centrado
"Generar camiseta de estilo vintage, color blanco, imagen de árbol en zona pecho",blanco,vintage,árbol,pecho
"Camiseta color blanco, estilo vintage, con estampado de árbol en zona esquina",blanco,vintage,árbol,esquina
"Quiero estampado de árbol en zona espalda, color blanco, estilo vintage",blanco,vintage,árbol,espalda
"Camiseta color blanco, estilo vintage, con estampado de automóvil en zona centrado",blanco,vintage,automóvil,centrado
"Quiero una camiseta con diseño de automóvil en estilo vintage, color blanco, posición pecho",blanco,vintage,automóvil,pecho
"Camiseta con estampado de automóvil, color principal blanco, estilo visual vintage, zona esquina",blanco,vintage,automóvil,esquina
"Camiseta con estampado de automóvil, color principal blanco, estilo visual vintage, zona espalda",blanco,vintage,automóvil,espalda
"Quiero una camiseta con diseño de dragón en estilo vintage, color blanco, posición centrado",blanco,vintage,dragón,centrado
"Generar camiseta de estilo vintage, color blanco, imagen de dragón en zona pecho",blanco,vintage,dragón,pecho
"Camiseta de color blanco, diseño de dragón, estilo vintage, zona esquina",blanco,vintage,dragón,esquina
"Camiseta con imagen de dragón, color blanco, estilo vintage, posición espalda",blanco,vintage,dragón,espalda
"Quiero estampado de texto en zona centrado, color blanco, estilo vintage",blanco,vintage,texto,centrado
"Camiseta con estampado de texto, color principal blanco, estilo visual vintage, zona pecho",blanco,vintage,texto,pecho
"Camiseta con imagen de texto, color blanco, estilo vintage, posición esquina",blanco,vintage,texto,esquina
"Camiseta con estampado de texto, color principal blanco, estilo visual vintage, zona espalda",blanco,vintage,texto,espalda
"Camiseta de color blanco, diseño de montaña, estilo urbano, zona centrado",blanco,urbano,montaña,centrado
"Quiero una camiseta con diseño de montaña en estilo urbano, color blanco, posición pecho",blanco,urbano,montaña,pecho
"Crear camiseta de estilo urbano con motivo de montaña en color blanco, zona esquina",blanco,urbano,montaña,esquina
"Diseño de camiseta: gráfico de montaña, color blanco, estilo urbano, posición espalda",blanco,urbano,montaña,espalda
"Camiseta de color blanco, diseño de guitarra, estilo urbano, zona centrado",blanco,urbano,guitarra,centrado
"Camiseta con estampado de guitarra, color principal blanco, estilo visual urbano, zona pecho",blanco,urbano,guitarra,pecho
"Quiero una camiseta con diseño de guitarra en estilo urbano, color blanco, posición esquina",blanco,urbano,guitarra,esquina
"Camiseta de color blanco, diseño de guitarra, estilo urbano, zona espalda",blanco,urbano,guitarra,espalda
"Quiero diseño de calavera en camiseta color blanco, estilo urbano, ubicado en centrado",blanco,urbano,calavera,centrado
"Generar camiseta de estilo urbano, color blanco, imagen de calavera en zona pecho",blanco,urbano,calavera,pecho
"Quiero una camiseta con diseño de calavera en estilo urbano, color blanco, posición esquina",blanco,urbano,calavera,esquina
"Quiero estampado de calavera en zona espalda, color blanco, estilo urbano",blanco,urbano,calavera,espalda
"Camiseta con estampado de lobo, color principal blanco, estilo visual urbano, zona centrado",blanco,urbano,lobo,centrado
"Necesito una camiseta con gráfico de lobo en zona pecho, color blanco, estilo urbano",blanco,urbano,lobo,pecho
"Diseño de camiseta: gráfico de lobo, color blanco, estilo urbano, posición esquina",blanco,urbano,lobo,esquina
"Camiseta color blanco, estilo urbano, con estampado de lobo en zona espalda",blanco,urbano,lobo,espalda
"Camiseta con estampado de águila, color principal blanco, estilo visual urbano, zona centrado",blanco,urbano,águila,centrado
"Quiero estampado de águila en zona pecho, color blanco, estilo urbano",blanco,urbano,águila,pecho
"Diseñar camiseta: elemento gráfico águila, color blanco, estilo urbano, ubicación esquina",blanco,urbano,águila,esquina
"Crear camiseta de estilo urbano con motivo de águila en color blanco, zona espalda",blanco,urbano,águila,espalda
"Camiseta con imagen de sol, color blanco, estilo urbano, posición centrado",blanco,urbano,sol,centrado
"Camiseta con imagen de sol, color blanco, estilo urbano, posición pecho",blanco,urbano,sol,pecho
"Camiseta color blanco, estilo urbano, con estampado de sol en zona esquina",blanco,urbano,sol,esquina
"Camiseta con estampado de sol, color principal blanco, estilo visual urbano, zona espalda",blanco,urbano,sol,espalda
Camiseta de color blanco con motivo urbano de árbol en la zona centrado,blanco,urbano,árbol,centrado
"Camiseta color blanco, estilo urbano, con estampado de árbol en zona pecho",blanco,urbano,árbol,pecho
Camiseta de color blanco con motivo urbano de árbol en la zona esquina,blanco,urbano,árbol,esquina
"Diseño para camiseta: árbol en posición espalda, color blanco, estilo visual urbano",blanco,urbano,árbol,espalda
"Camiseta con estampado de automóvil, color principal blanco, estilo visual urbano, zona centrado",blanco,urbano,automóvil,centrado
"Quiero una camiseta con diseño de automóvil en estilo urbano, color blanco, posición pecho",blanco,urbano,automóvil,pecho
"Quiero una camiseta con diseño de automóvil en estilo urbano, color blanco, posición esquina",blanco,urbano,automóvil,esquina
"Diseño de camiseta: gráfico de automóvil, color blanco, estilo urbano, posición espalda",blanco,urbano,automóvil,espalda
"Diseño para camiseta: dragón en posición centrado, color blanco, estilo visual urbano",blanco,urbano,dragón,centrado
"Generar camiseta de estilo urbano, color blanco, imagen de dragón en zona pecho",blanco,urbano,dragón,pecho
"Diseño para camiseta: dragón en posición esquina, color blanco, estilo visual urbano",blanco,urbano,dragón,esquina
"Diseño para camiseta: dragón en posición espalda, color blanco, estilo visual urbano",blanco,urbano,dragón,espalda
"Camiseta color blanco, estilo urbano, con estampado de texto en zona centrado",blanco,urbano,texto,centrado
"Quiero diseño de texto en camiseta color blanco, estilo urbano, ubicado en pecho",blanco,urbano,texto,pecho
"Crear camiseta de estilo urbano con motivo de texto en color blanco, zona esquina",blanco,urbano,texto,esquina
"Camiseta de color blanco, diseño de texto, estilo urbano, zona espalda",blanco,urbano,texto,espalda
"Diseño de camiseta: gráfico de montaña, color blanco, estilo deportivo, posición centrado",blanco,deportivo,montaña,centrado
"Diseño de camiseta: gráfico de montaña, color blanco, estilo deportivo, posición pecho",blanco,deportivo,montaña,pecho
"Diseño de camiseta: gráfico de montaña, color blanco, estilo deportivo, posición esquina",blanco,deportivo,montaña,esquina
"Quiero una camiseta con diseño de montaña en estilo deportivo, color blanco, posición espalda",blanco,deportivo,montaña,espalda
"Camiseta de color blanco, diseño de guitarra, estilo deportivo, zona centrado",blanco,deportivo,guitarra,centrado
"Diseño para camiseta: guitarra en posición pecho, color blanco, estilo visual deportivo",blanco,deportivo,guitarra,pecho
"Crear camiseta de estilo deportivo con motivo de guitarra en color blanco, zona esquina",blanco,deportivo,guitarra,esquina
"Generar camiseta de estilo deportivo, color blanco, imagen de guitarra en zona espalda",blanco,deportivo,guitarra,espalda
Camiseta de color blanco con motivo deportivo de calavera en la zona centrado,blanco,deportivo,calavera,centrado
"Quiero diseño de calavera en camiseta color blanco, estilo deportivo, ubicado en pecho",blanco,deportivo,calavera,pecho
"Quiero una camiseta con diseño de calavera en estilo deportivo, color blanco, posición esquina",blanco,deportivo,calavera,esquina
"Camiseta con estampado de calavera, color principal blanco, estilo visual deportivo, zona espalda",blanco,deportivo,calavera,espalda
"Camiseta con estampado de lobo, color principal blanco, estilo visual deportivo, zona centrado",blanco,deportivo,lobo,centrado
"Camiseta con estampado de lobo, color principal blanco, estilo visual deportivo, zona pecho",blanco,deportivo,lobo,pecho
"Quiero estampado de lobo en zona esquina, color blanco, estilo deportivo",blanco,deportivo,lobo,esquina
"Camiseta color blanco, estilo deportivo, con estampado de lobo en zona espalda",blanco,deportivo,lobo,espalda
"Diseñar camiseta: elemento gráfico águila, color blanco, estilo deportivo, ubicación centrado",blanco,deportivo,águila,centrado
"Diseño para camiseta: águila en posición pecho, color blanco, estilo visual deportivo",blanco,deportivo,águila,pecho
"Diseñar camiseta: elemento gráfico águila, color blanco, estilo deportivo, ubicación esquina",blanco,deportivo,águila,esquina
"Necesito una camiseta con gráfico de águila en zona espalda, color blanco, estilo deportivo",blanco,deportivo,águila,espalda
"Camiseta color blanco, estilo deportivo, con estampado de sol en zona centrado",blanco,deportivo,sol,centrado
"Camiseta con estampado de sol, color principal blanco, estilo visual deportivo, zona pecho",blanco,deportivo,sol,pecho
"Quiero diseño de sol en camiseta color blanco, estilo deportivo, ubicado en esquina",blanco,deportivo,sol,esquina
"Quiero una camiseta con diseño de sol en estilo deportivo, color blanco, posición espalda",blanco,deportivo,sol,espalda
"Camiseta color blanco, estilo deportivo, con estampado de árbol en zona centrado",blanco,deportivo,árbol,centrado
Camiseta de color blanco con motivo deportivo de árbol en la zona pecho,blanco,deportivo,árbol,pecho
"Quiero diseño de árbol en camiseta color blanco, estilo deportivo, ubicado en esquina",blanco,deportivo,árbol,esquina
"Quiero diseño de árbol en camiseta color blanco, estilo deportivo, ubicado en espalda",blanco,deportivo,árbol,espalda
"Quiero estampado de automóvil en zona centrado, color blanco, estilo deportivo",blanco,deportivo,automóvil,centrado
"Quiero una camiseta con diseño de automóvil en estilo deportivo, color blanco, posición pecho",blanco,deportivo,automóvil,pecho
"Camiseta de color blanco, diseño de automóvil, estilo deportivo, zona esquina",blanco,deportivo,automóvil,esquina
"Diseño de camiseta: gráfico de automóvil, color blanco, estilo deportivo, posición espalda",blanco,deportivo,automóvil,espalda
"Quiero estampado de dragón en zona centrado, color blanco, estilo deportivo",blanco,deportivo,dragón,centrado
"Quiero diseño de dragón en camiseta color blanco, estilo deportivo, ubicado en pecho",blanco,deportivo,dragón,pecho
"Camiseta de color blanco, diseño de dragón, estilo deportivo, zona esquina",blanco,deportivo,dragón,esquina
"Quiero una camiseta con diseño de dragón en estilo deportivo, color blanco, posición espalda",blanco,deportivo,dragón,espalda
Camiseta de color blanco con motivo deportivo de texto en la zona centrado,blanco,deportivo,texto,centrado
"Quiero diseño de texto en camiseta color blanco, estilo deportivo, ubicado en pecho",blanco,deportivo,texto,pecho
"Camiseta con estampado de texto, color principal blanco, estilo visual deportivo, zona esquina",blanco,deportivo,texto,esquina
"Diseñar camiseta: elemento gráfico texto, color blanco, estilo deportivo, ubicación espalda",blanco,deportivo,texto,espalda
"Diseño para camiseta: montaña en posición centrado, color blanco, estilo visual retro",blanco,retro,montaña,centrado
"Camiseta color blanco, estilo retro, con estampado de montaña en zona pecho",blanco,retro,montaña,pecho
"Camiseta color blanco, estilo retro, con estampado de montaña en zona esquina",blanco,retro,montaña,esquina
"Camiseta con estampado de montaña, color principal blanco, estilo visual retro, zona espalda",blanco,retro,montaña,espalda
"Quiero diseño de guitarra en camiseta color blanco, estilo retro, ubicado en centrado",blanco,retro,guitarra,centrado
"Diseño para camiseta: guitarra en posición pecho, color blanco, estilo visual retro",blanco,retro,guitarra,pecho
"Camiseta de color blanco, diseño de guitarra, estilo retro, zona esquina",blanco,retro,guitarra,esquina
"Diseñar camiseta: elemento gráfico guitarra, color blanco, estilo retro, ubicación espalda",blanco,retro,guitarra,espalda
"Diseño para camiseta: calavera en posición centrado, color blanco, estilo visual retro",blanco,retro,calavera,centrado
"Camiseta de color blanco, diseño de calavera, estilo retro, zona pecho",blanco,retro,calavera,pecho
"Diseño para camiseta: calavera en posición esquina, color blanco, estilo visual retro",blanco,retro,calavera,esquina
"Necesito una camiseta con gráfico de calavera en zona espalda, color blanco, estilo retro",blanco,retro,calavera,espalda
Camiseta de color blanco con motivo retro de lobo en la zona centrado,blanco,retro,lobo,centrado
Camiseta de color blanco con motivo retro de lobo en la zona pecho,blanco,retro,lobo,pecho
"Camiseta color blanco, estilo retro, con estampado de lobo en zona esquina",blanco,retro,lobo,esquina
"Necesito una camiseta con gráfico de lobo en zona espalda, color blanco, estilo retro",blanco,retro,lobo,espalda
"Diseño para camiseta: águila en posición centrado, color blanco, estilo visual retro",blanco,retro,águila,centrado
"Crear camiseta de estilo retro con motivo de águila en color blanco, zona pecho",blanco,retro,águila,pecho
"Crear camiseta de estilo retro con motivo de águila en color blanco, zona esquina",blanco,retro,águila,esquina
Camiseta de color blanco con motivo retro de águila en la zona espalda,blanco,retro,águila,espalda
"Quiero estampado de sol en zona centrado, color blanco, estilo retro",blanco,retro,sol,centrado
"Diseño de camiseta: gráfico de sol, color blanco, estilo retro, posición pecho",blanco,retro,sol,pecho
"Crear camiseta de estilo retro con motivo de sol en color blanco, zona esquina",blanco,retro,sol,esquina
"Camiseta color blanco, estilo retro, con estampado de sol en zona espalda",blanco,retro,sol,espalda
"Diseñar camiseta: elemento gráfico árbol, color blanco, estilo retro, ubicación centrado",blanco,retro,árbol,centrado
"Camiseta con estampado de árbol, color principal blanco, estilo visual retro, zona pecho",blanco,retro,árbol,pecho
"Necesito una camiseta con gráfico de árbol en zona esquina, color blanco, estilo retro",blanco,retro,árbol,esquina
"Camiseta con estampado de árbol, color principal blanco, estilo visual retro, zona espalda",blanco,retro,árbol,espalda
"Camiseta de color blanco, diseño de automóvil, estilo retro, zona centrado",blanco,retro,automóvil,centrado
"Camiseta con imagen de automóvil, color blanco, estilo retro, posición pecho",blanco,retro,automóvil,pecho
"Crear camiseta de estilo retro con motivo de automóvil en color blanco, zona esquina",blanco,retro,automóvil,esquina
"Quiero estampado de automóvil en zona espalda, color blanco, estilo retro",blanco,retro,automóvil,espalda
"Camiseta de color blanco, diseño de dragón, estilo retro, zona centrado",blanco,retro,dragón,centrado
"Crear camiseta de estilo retro con motivo de dragón en color blanco, zona pecho",blanco,retro,dragón,pecho
"Generar camiseta de estilo retro, color blanco, imagen de dragón en zona esquina",blanco,retro,dragón,esquina
"Camiseta de color blanco, diseño de dragón, estilo retro, zona espalda",blanco,retro,dragón,espalda
"Camiseta de color blanco, diseño de texto, estilo retro, zona centrado",blanco,retro,texto,centrado
"Camiseta con imagen de texto, color blanco, estilo retro, posición pecho",blanco,retro,texto,pecho
"Camiseta color blanco, estilo retro, con estampado de texto en zona esquina",blanco,retro,texto,esquina
"Quiero estampado de texto en zona espalda, color blanco, estilo retro",blanco,retro,texto,espalda
"Quiero diseño de montaña en camiseta color rojo, estilo minimalista, ubicado en centrado",rojo,minimalista,montaña,centrado
"Quiero estampado de montaña en zona pecho, color rojo, estilo minimalista",rojo,minimalista,montaña,pecho
"Diseñar camiseta: elemento gráfico montaña, color rojo, estilo minimalista, ubicación esquina",rojo,minimalista,montaña,esquina
"Camiseta de color rojo, diseño de montaña, estilo minimalista, zona espalda",rojo,minimalista,montaña,espalda
"Quiero estampado de guitarra en zona centrado, color rojo, estilo minimalista",rojo,minimalista,guitarra,centrado
"Quiero una camiseta con diseño de guitarra en estilo minimalista, color rojo, posición pecho",rojo,minimalista,guitarra,pecho
"Quiero diseño de guitarra en camiseta color rojo, estilo minimalista, ubicado en esquina",rojo,minimalista,guitarra,esquina
"Diseñar camiseta: elemento gráfico guitarra, color rojo, estilo minimalista, ubicación espalda",rojo,minimalista,guitarra,espalda
"Quiero una camiseta con diseño de calavera en estilo minimalista, color rojo, posición centrado",rojo,minimalista,calavera,centrado
"Camiseta con imagen de calavera, color rojo, estilo minimalista, posición pecho",rojo,minimalista,calavera,pecho
"Quiero una camiseta con diseño de calavera en estilo minimalista, color rojo, posición esquina",rojo,minimalista,calavera,esquina
"Diseño de camiseta: gráfico de calavera, color rojo, estilo minimalista, posición espalda",rojo,minimalista,calavera,espalda
"Quiero diseño de lobo en camiseta color rojo, estilo minimalista, ubicado en centrado",rojo,minimalista,lobo,centrado
"Camiseta con estampado de lobo, color principal rojo, estilo visual minimalista, zona pecho",rojo,minimalista,lobo,pecho
"Diseño para camiseta: lobo en posición esquina, color rojo, estilo visual minimalista",rojo,minimalista,lobo,esquina
"Quiero una camiseta con diseño de lobo en estilo minimalista, color rojo, posición espalda",rojo,minimalista,lobo,espalda
"Camiseta con imagen de águila, color rojo, estilo minimalista, posición centrado",rojo,minimalista,águila,centrado
"Camiseta con estampado de águila, color principal rojo, estilo visual minimalista, zona pecho",rojo,minimalista,águila,pecho
"Camiseta con imagen de águila, color rojo, estilo minimalista, posición esquina",rojo,minimalista,águila,esquina
"Camiseta con imagen de águila, color rojo, estilo minimalista, posición espalda",rojo,minimalista,águila,espalda
"Camiseta de color rojo, diseño de sol, estilo minimalista, zona centrado",rojo,minimalista,sol,centrado
"Camiseta con imagen de sol, color rojo, estilo minimalista, posición pecho",rojo,minimalista,sol,pecho
"Quiero una camiseta con diseño de sol en estilo minimalista, color rojo, posición esquina",rojo,minimalista,sol,esquina
"Diseño para camiseta: sol en posición espalda, color rojo, estilo visual minimalista",rojo,minimalista,sol,espalda
"Diseño de camiseta: gráfico de árbol, color rojo, estilo minimalista, posición centrado",rojo,minimalista,árbol,centrado
"Camiseta con imagen de árbol, color rojo, estilo minimalista, posición pecho",rojo,minimalista,árbol,pecho
"Camiseta con imagen de árbol, color rojo, estilo minimalista, posición esquina",rojo,minimalista,árbol,esquina
"Quiero estampado de árbol en zona espalda, color rojo, estilo minimalista",rojo,minimalista,árbol,espalda
"Generar camiseta de estilo minimalista, color rojo, imagen de automóvil en zona centrado",rojo,minimalista,automóvil,centrado
"Necesito una camiseta con gráfico de automóvil en zona pecho, color rojo, estilo minimalista",rojo,minimalista,automóvil,pecho
"Camiseta con estampado de automóvil, color principal rojo, estilo visual minimalista, zona esquina",rojo,minimalista,automóvil,esquina
"Diseño de camiseta: gráfico de automóvil, color rojo, estilo minimalista, posición espalda",rojo,minimalista,automóvil,espalda
"Crear camiseta de estilo minimalista con motivo de dragón en color rojo, zona centrado",rojo,minimalista,dragón,centrado
"Generar camiseta de estilo minimalista, color rojo, imagen de dragón en zona pecho",rojo,minimalista,dragón,pecho
"Camiseta con estampado de dragón, color principal rojo, estilo visual minimalista, zona esquina",rojo,minimalista,dragón,esquina
"Necesito una camiseta con gráfico de dragón en zona espalda, color rojo, estilo minimalista",rojo,minimalista,dragón,espalda
"Diseño para camiseta: texto en posición centrado, color rojo, estilo visual minimalista",rojo,minimalista,texto,centrado
"Diseñar camiseta: elemento gráfico texto, color rojo, estilo minimalista, ubicación pecho",rojo,minimalista,texto,pecho
"Diseño de camiseta: gráfico de texto, color rojo, estilo minimalista, posición esquina",rojo,minimalista,texto,esquina
"Diseño de camiseta: gráfico de texto, color rojo, estilo minimalista, posición espalda",rojo,minimalista,texto,espalda
"Necesito una camiseta con gráfico de montaña en zona centrado, color rojo, estilo vintage",rojo,vintage,montaña,centrado
"Camiseta color rojo, estilo vintage, con estampado de montaña en zona pecho",rojo,vintage,montaña,pecho
"Generar camiseta de estilo vintage, color rojo, imagen de montaña en zona esquina",rojo,vintage,montaña,esquina
Camiseta de color rojo con motivo vintage de montaña en la zona espalda,rojo,vintage,montaña,espalda
"Quiero una camiseta con diseño de guitarra en estilo vintage, color rojo, posición centrado",rojo,vintage,guitarra,centrado
"Camiseta de color rojo, diseño de guitarra, estilo vintage, zona pecho",rojo,vintage,guitarra,pecho
"Camiseta color rojo, estilo vintage, con estampado de guitarra en zona esquina",rojo,vintage,guitarra,esquina
"Camiseta con imagen de guitarra, color rojo, estilo vintage, posición espalda",rojo,vintage,guitarra,espalda
"Camiseta con imagen de calavera, color rojo, estilo vintage, posición centrado",rojo,vintage,calavera,centrado
"Quiero una camiseta con diseño de calavera en estilo vintage, color rojo, posición pecho",rojo,vintage,calavera,pecho
"Quiero una camiseta con diseño de calavera en estilo vintage, color rojo, posición esquina",rojo,vintage,calavera,esquina
"Quiero estampado de calavera en zona espalda, color rojo, estilo vintage",rojo,vintage,calavera,espalda
"Camiseta con estampado de lobo, color principal rojo, estilo visual vintage, zona centrado",rojo,vintage,lobo,centrado
"Quiero estampado de lobo en zona pecho, color rojo, estilo vintage",rojo,vintage,lobo,pecho
"Necesito una camiseta con gráfico de lobo en zona esquina, color rojo, estilo vintage",rojo,vintage,lobo,esquina
"Diseñar camiseta: elemento gráfico lobo, color rojo, estilo vintage, ubicación espalda",rojo,vintage,lobo,espalda
"Generar camiseta de estilo vintage, color rojo, imagen de águila en zona centrado",rojo,vintage,águila,centrado
"Quiero una camiseta con diseño de águila en estilo vintage, color rojo, posición pecho",rojo,vintage,águila,pecho
"Camiseta con estampado de águila, color principal rojo, estilo visual vintage, zona esquina",rojo,vintage,águila,esquina
"Generar camiseta de estilo vintage, color rojo, imagen de águila en zona espalda",rojo,vintage,águila,espalda
"Necesito una camiseta con gráfico de sol en zona centrado, color rojo, estilo vintage",rojo,vintage,sol,centrado
"Diseñar camiseta: elemento gráfico sol, color rojo, estilo vintage, ubicación pecho",rojo,vintage,sol,pecho
"Camiseta color rojo, estilo vintage, con estampado de sol en zona esquina",rojo,vintage,sol,esquina
"Quiero diseño de sol en camiseta color rojo, estilo vintage, ubicado en espalda",rojo,vintage,sol,espalda
"Quiero estampado de árbol en zona centrado, color rojo, estilo vintage",rojo,vintage,árbol,centrado
"Crear camiseta de estilo vintage con motivo de árbol en color rojo, zona pecho",rojo,vintage,árbol,pecho
"Necesito una camiseta con gráfico de árbol en zona esquina, color rojo, estilo vintage",rojo,vintage,árbol,esquina
"Camiseta con imagen de árbol, color rojo, estilo vintage, posición espalda",rojo,vintage,árbol,espalda
Camiseta de color rojo con motivo vintage de automóvil en la zona centrado,rojo,vintage,automóvil,centrado
"Diseño de camiseta: gráfico de automóvil, color rojo, estilo vintage, posición pecho",rojo,vintage,automóvil,pecho
"Quiero estampado de automóvil en zona esquina, color rojo, estilo vintage",rojo,vintage,automóvil,esquina
"Camiseta de color rojo, diseño de automóvil, estilo vintage, zona espalda",rojo,vintage,automóvil,espalda
"Diseño de camiseta: gráfico de dragón, color rojo, estilo vintage, posición centrado",rojo,vintage,dragón,centrado
"Quiero diseño de dragón en camiseta color rojo, estilo vintage, ubicado en pecho",rojo,vintage,dragón,pecho
"Quiero estampado de dragón en zona esquina, color rojo, estilo vintage",rojo,vintage,dragón,esquina
"Necesito una camiseta con gráfico de dragón en zona espalda, color rojo, estilo vintage",rojo,vintage,dragón,espalda
"Diseño de camiseta: gráfico de texto, color rojo, estilo vintage, posición centrado",rojo,vintage,texto,centrado
"Quiero una camiseta con diseño de texto en estilo vintage, color rojo, posición pecho",rojo,vintage,texto,pecho
"Diseñar camiseta: elemento gráfico texto, color rojo, estilo vintage, ubicación esquina",rojo,vintage,texto,esquina
"Necesito una camiseta con gráfico de texto en zona espalda, color rojo, estilo vintage",rojo,vintage,texto,espalda
"Quiero una camiseta con diseño de montaña en estilo urbano, color rojo, posición centrado",rojo,urbano,montaña,centrado
"Quiero una camiseta con diseño de montaña en estilo urbano, color rojo, posición pecho",rojo,urbano,montaña,pecho
"Crear camiseta de estilo urbano con motivo de montaña en color rojo, zona esquina",rojo,urbano,montaña,esquina
"Quiero estampado de montaña en zona espalda, color rojo, estilo urbano",rojo,urbano,montaña,espalda
"Diseñar camiseta: elemento gráfico guitarra, color rojo, estilo urbano, ubicación centrado",rojo,urbano,guitarra,centrado
"Necesito una camiseta con gráfico de guitarra en zona pecho, color rojo, estilo urbano",rojo,urbano,guitarra,pecho
"Necesito una camiseta con gráfico de guitarra en zona esquina, color rojo, estilo urbano",rojo,urbano,guitarra,esquina
"Camiseta con imagen de guitarra, color rojo, estilo urbano, posición espalda",rojo,urbano,guitarra,espalda
"Camiseta con estampado de calavera, color principal rojo, estilo visual urbano, zona centrado",rojo,urbano,calavera,centrado
"Crear camiseta de estilo urbano con motivo de calavera en color rojo, zona pecho",rojo,urbano,calavera,pecho
"Generar camiseta de estilo urbano, color rojo, imagen de calavera en zona esquina",rojo,urbano,calavera,esquina
"Camiseta con estampado de calavera, color principal rojo, estilo visual urbano, zona espalda",rojo,urbano,calavera,espalda
"Diseño de camiseta: gráfico de lobo, color rojo, estilo urbano, posición centrado",rojo,urbano,lobo,centrado
"Diseño de camiseta: gráfico de lobo, color rojo, estilo urbano, posición pecho",rojo,urbano,lobo,pecho
"Quiero diseño de lobo en camiseta color rojo, estilo urbano, ubicado en esquina",rojo,urbano,lobo,esquina
"Necesito una camiseta con gráfico de lobo en zona espalda, color rojo, estilo urbano",rojo,urbano,lobo,espalda
"Quiero estampado de águila en zona centrado, color rojo, estilo urbano",rojo,urbano,águila,centrado
"Camiseta color rojo, estilo urbano, con estampado de águila en zona pecho",rojo,urbano,águila,pecho
"Necesito una camiseta con gráfico de águila en zona esquina, color rojo, estilo urbano",rojo,urbano,águila,esquina
"Quiero diseño de águila en camiseta color rojo, estilo urbano, ubicado en espalda",rojo,urbano,águila,espalda
"Camiseta de color rojo, diseño de sol, estilo urbano, zona centrado",rojo,urbano,sol,centrado
"Quiero una camiseta con diseño de sol en estilo urbano, color rojo, posición pecho",rojo,urbano,sol,pecho
"Diseño de camiseta: gráfico de sol, color rojo, estilo urbano, posición esquina",rojo,urbano,sol,esquina
"Diseño para camiseta: sol en posición espalda, color rojo, estilo visual urbano",rojo,urbano,sol,espalda
"Quiero diseño de árbol en camiseta color rojo, estilo urbano, ubicado en centrado",rojo,urbano,árbol,centrado
"Necesito una camiseta con gráfico de árbol en zona pecho, color rojo, estilo urbano",rojo,urbano,árbol,pecho
"Camiseta de color rojo, diseño de árbol, estilo urbano, zona esquina",rojo,urbano,árbol,esquina
"Camiseta de color rojo, diseño de árbol, estilo urbano, zona espalda",rojo,urbano,árbol,espalda
"Generar camiseta de estilo urbano, color rojo, imagen de automóvil en zona centrado",rojo,urbano,automóvil,centrado
Camiseta de color rojo con motivo urbano de automóvil en la zona pecho,rojo,urbano,automóvil,pecho
"Diseñar camiseta: elemento gráfico automóvil, color rojo, estilo urbano, ubicación esquina",rojo,urbano,automóvil,esquina
"Diseño de camiseta: gráfico de automóvil, color rojo, estilo urbano, posición espalda",rojo,urbano,automóvil,espalda
"Necesito una camiseta con gráfico de dragón en zona centrado, color rojo, estilo urbano",rojo,urbano,dragón,centrado
"Diseñar camiseta: elemento gráfico dragón, color rojo, estilo urbano, ubicación pecho",rojo,urbano,dragón,pecho
"Crear camiseta de estilo urbano con motivo de dragón en color rojo, zona esquina",rojo,urbano,dragón,esquina
"Camiseta color rojo, estilo urbano, con estampado de dragón en zona espalda",rojo,urbano,dragón,espalda
"Quiero estampado de texto en zona centrado, color rojo, estilo urbano",rojo,urbano,texto,centrado
"Crear camiseta de estilo urbano con motivo de texto en color rojo, zona pecho",rojo,urbano,texto,pecho
"Diseño para camiseta: texto en posición esquina, color rojo, estilo visual urbano",rojo,urbano,texto,esquina
"Quiero estampado de texto en zona espalda, color rojo, estilo urbano",rojo,urbano,texto,espalda
"Camiseta de color rojo, diseño de montaña, estilo deportivo, zona centrado",rojo,deportivo,montaña,centrado
"Quiero una camiseta con diseño de montaña en estilo deportivo, color rojo, posición pecho",rojo,deportivo,montaña,pecho
"Quiero una camiseta con diseño de montaña en estilo deportivo, color rojo, posición esquina",rojo,deportivo,montaña,esquina
"Crear camiseta de estilo deportivo con motivo de montaña en color rojo, zona espalda",rojo,deportivo,montaña,espalda
"Diseñar camiseta: elemento gráfico guitarra, color rojo, estilo deportivo, ubicación centrado",rojo,deportivo,guitarra,centrado
"Quiero estampado de guitarra en zona pecho, color rojo, estilo deportivo",rojo,deportivo,guitarra,pecho
"Camiseta de color rojo, diseño de guitarra, estilo deportivo, zona esquina",rojo,deportivo,guitarra,esquina
"Quiero diseño de guitarra en camiseta color rojo, estilo deportivo, ubicado en espalda",rojo,deportivo,guitarra,espalda
"Generar camiseta de estilo deportivo, color rojo, imagen de calavera en zona centrado",rojo,deportivo,calavera,centrado
"Camiseta con imagen de calavera, color rojo, estilo deportivo, posición pecho",rojo,deportivo,calavera,pecho
"Quiero estampado de calavera en zona esquina, color rojo, estilo deportivo",rojo,deportivo,calavera,esquina
"Diseñar camiseta: elemento gráfico calavera, color rojo, estilo deportivo, ubicación espalda",rojo,deportivo,calavera,espalda
"Diseño para camiseta: lobo en posición centrado, color rojo, estilo visual deportivo",rojo,deportivo,lobo,centrado
"Diseñar camiseta: elemento gráfico lobo, color rojo, estilo deportivo, ubicación pecho",rojo,deportivo,lobo,pecho
"Camiseta de color rojo, diseño de lobo, estilo deportivo, zona esquina",rojo,deportivo,lobo,esquina
"Necesito una camiseta con gráfico de lobo en zona espalda, color rojo, estilo deportivo",rojo,deportivo,lobo,espalda
"Generar camiseta de estilo deportivo, color rojo, imagen de águila en zona centrado",rojo,deportivo,águila,centrado
Camiseta de color rojo con motivo deportivo de águila en la zona pecho,rojo,deportivo,águila,pecho
"Quiero diseño de águila en camiseta color rojo, estilo deportivo, ubicado en esquina",rojo,deportivo,águila,esquina
"Camiseta de color rojo, diseño de águila, estilo deportivo, zona espalda",rojo,deportivo,águila,espalda
"Generar camiseta de estilo deportivo, color rojo, imagen de sol en zona centrado",rojo,deportivo,sol,centrado
"Camiseta con estampado de sol, color principal rojo, estilo visual deportivo, zona pecho",rojo,deportivo,sol,pecho
"Diseño de camiseta: gráfico de sol, color rojo, estilo deportivo, posición esquina",rojo,deportivo,sol,esquina
"Camiseta con estampado de sol, color principal rojo, estilo visual deportivo, zona espalda",rojo,deportivo,sol,espalda
"Diseño de camiseta: gráfico de árbol, color rojo, estilo deportivo, posición centrado",rojo,deportivo,árbol,centrado
"Quiero una camiseta con diseño de árbol en estilo deportivo, color rojo, posición pecho",rojo,deportivo,árbol,pecho
"Generar camiseta de estilo deportivo, color rojo, imagen de árbol en zona esquina",rojo,deportivo,árbol,esquina
Camiseta de color rojo con motivo deportivo de árbol en la zona espalda,rojo,deportivo,árbol,espalda
"Quiero estampado de automóvil en zona centrado, color rojo, estilo deportivo",rojo,deportivo,automóvil,centrado
"Quiero diseño de automóvil en camiseta color rojo, estilo deportivo, ubicado en pecho",rojo,deportivo,automóvil,pecho
"Diseño para camiseta: automóvil en posición esquina, color rojo, estilo visual deportivo",rojo,deportivo,automóvil,esquina
"Camiseta con imagen de automóvil, color rojo, estilo deportivo, posición espalda",rojo,deportivo,automóvil,espalda
"Crear camiseta de estilo deportivo con motivo de dragón en color rojo, zona centrado",rojo,deportivo,dragón,centrado
"Diseñar camiseta: elemento gráfico dragón, color rojo, estilo deportivo, ubicación pecho",rojo,deportivo,dragón,pecho
"Camiseta con estampado de dragón, color principal rojo, estilo visual deportivo, zona esquina",rojo,deportivo,dragón,esquina
"Quiero diseño de dragón en camiseta color rojo, estilo deportivo, ubicado en espalda",rojo,deportivo,dragón,espalda
"Diseñar camiseta: elemento gráfico texto, color rojo, estilo deportivo, ubicación centrado",rojo,deportivo,texto,centrado
Camiseta de color rojo con motivo deportivo de texto en la zona pecho,rojo,deportivo,texto,pecho
Camiseta de color rojo con motivo deportivo de texto en la zona esquina,rojo,deportivo,texto,esquina
"Diseñar camiseta: elemento gráfico texto, color rojo, estilo deportivo, ubicación espalda",rojo,deportivo,texto,espalda
"Diseño para camiseta: montaña en posición centrado, color rojo, estilo visual retro",rojo,retro,montaña,centrado
"Camiseta de color rojo, diseño de montaña, estilo retro, zona pecho",rojo,retro,montaña,pecho
"Diseñar camiseta: elemento gráfico montaña, color rojo, estilo retro, ubicación esquina",rojo,retro,montaña,esquina
"Crear camiseta de estilo retro con motivo de montaña en color rojo, zona espalda",rojo,retro,montaña,espalda
"Generar camiseta de estilo retro, color rojo, imagen de guitarra en zona centrado",rojo,retro,guitarra,centrado
Camiseta de color rojo con motivo retro de guitarra en la zona pecho,rojo,retro,guitarra,pecho
"Diseño para camiseta: guitarra en posición esquina, color rojo, estilo visual retro",rojo,retro,guitarra,esquina
Camiseta de color rojo con motivo retro de guitarra en la zona espalda,rojo,retro,guitarra,espalda
"Diseño de camiseta: gráfico de calavera, color rojo, estilo retro, posición centrado",rojo,retro,calavera,centrado
"Quiero diseño de calavera en camiseta color rojo, estilo retro, ubicado en pecho",rojo,retro,calavera,pecho
"Crear camiseta de estilo retro con motivo de calavera en color rojo, zona esquina",rojo,retro,calavera,esquina
Camiseta de color rojo con motivo retro de calavera en la zona espalda,rojo,retro,calavera,espalda
"Camiseta con estampado de lobo, color principal rojo, estilo visual retro, zona centrado",rojo,retro,lobo,centrado
"Necesito una camiseta con gráfico de lobo en zona pecho, color rojo, estilo retro",rojo,retro,lobo,pecho
"Diseñar camiseta: elemento gráfico lobo, color rojo, estilo retro, ubicación esquina",rojo,retro,lobo,esquina
Camiseta de color rojo con motivo retro de lobo en la zona espalda,rojo,retro,lobo,espalda
"Crear camiseta de estilo retro con motivo de águila en color rojo, zona centrado",rojo,retro,águila,centrado
"Quiero una camiseta con diseño de águila en estilo retro, color rojo, posición pecho",rojo,retro,águila,pecho
"Diseño para camiseta: águila en posición esquina, color rojo, estilo visual retro",rojo,retro,águila,esquina
"Quiero diseño de águila en camiseta color rojo, estilo retro, ubicado en espalda",rojo,retro,águila,espalda
"Camiseta de color rojo, diseño de sol, estilo retro, zona centrado",rojo,retro,sol,centrado
"Quiero diseño de sol en camiseta color rojo, estilo retro, ubicado en pecho",rojo,retro,sol,pecho
"Camiseta color rojo, estilo retro, con estampado de sol en zona esquina",rojo,retro,sol,esquina
"Camiseta con estampado de sol, color principal rojo, estilo visual retro, zona espalda",rojo,retro,sol,espalda
"Camiseta con estampado de árbol, color principal rojo, estilo visual retro, zona centrado",rojo,retro,árbol,centrado
"Quiero diseño de árbol en camiseta color rojo, estilo retro, ubicado en pecho",rojo,retro,árbol,pecho
"Camiseta color rojo, estilo retro, con estampado de árbol en zona esquina",rojo,retro,árbol,esquina
"Generar camiseta de estilo retro, color rojo, imagen de árbol en zona espalda",rojo,retro,árbol,espalda
"Necesito una camiseta con gráfico de automóvil en zona centrado, color rojo, estilo retro",rojo,retro,automóvil,centrado
"Quiero diseño de automóvil en camiseta color rojo, estilo retro, ubicado en pecho",rojo,retro,automóvil,pecho
Camiseta de color rojo con motivo retro de automóvil en la zona esquina,rojo,retro,automóvil,esquina
"Quiero diseño de automóvil en camiseta color rojo, estilo retro, ubicado en espalda",rojo,retro,automóvil,espalda
"Camiseta con estampado de dragón, color principal rojo, estilo visual retro, zona centrado",rojo,retro,dragón,centrado
"Camiseta con estampado de dragón, color principal rojo, estilo visual retro, zona pecho",rojo,retro,dragón,pecho
"Camiseta de color rojo, diseño de dragón, estilo retro, zona esquina",rojo,retro,dragón,esquina
"Diseño de camiseta: gráfico de dragón, color rojo, estilo retro, posición espalda",rojo,retro,dragón,espalda
"Camiseta con estampado de texto, color principal rojo, estilo visual retro, zona centrado",rojo,retro,texto,centrado
"Diseño para camiseta: texto en posición pecho, color rojo, estilo visual retro",rojo,retro,texto,pecho
"Generar camiseta de estilo retro, color rojo, imagen de texto en zona esquina",rojo,retro,texto,esquina
"Necesito una camiseta con gráfico de texto en zona espalda, color rojo, estilo retro",rojo,retro,texto,espalda
"Quiero diseño de montaña en camiseta color azul, estilo minimalista, ubicado en centrado",azul,minimalista,montaña,centrado
"Quiero una camiseta con diseño de montaña en estilo minimalista, color azul, posición pecho",azul,minimalista,montaña,pecho
Camiseta de color azul con motivo minimalista de montaña en la zona esquina,azul,minimalista,montaña,esquina
"Necesito una camiseta con gráfico de montaña en zona espalda, color azul, estilo minimalista",azul,minimalista,montaña,espalda
"Generar camiseta de estilo minimalista, color azul, imagen de guitarra en zona centrado",azul,minimalista,guitarra,centrado
"Diseño de camiseta: gráfico de guitarra, color azul, estilo minimalista, posición pecho",azul,minimalista,guitarra,pecho
"Quiero estampado de guitarra en zona esquina, color azul, estilo minimalista",azul,minimalista,guitarra,esquina
"Diseño para camiseta: guitarra en posición espalda, color azul, estilo visual minimalista",azul,minimalista,guitarra,espalda
"Diseño de camiseta: gráfico de calavera, color azul, estilo minimalista, posición centrado",azul,minimalista,calavera,centrado
"Quiero diseño de calavera en camiseta color azul, estilo minimalista, ubicado en pecho",azul,minimalista,calavera,pecho
"Quiero estampado de calavera en zona esquina, color azul, estilo minimalista",azul,minimalista,calavera,esquina
"Generar camiseta de estilo minimalista, color azul, imagen de calavera en zona espalda",azul,minimalista,calavera,espalda
"Camiseta de color azul, diseño de lobo, estilo minimalista, zona centrado",azul,minimalista,lobo,centrado
"Quiero una camiseta con diseño de lobo en estilo minimalista, color azul, posición pecho",azul,minimalista,lobo,pecho
"Necesito una camiseta con gráfico de lobo en zona esquina, color azul, estilo minimalista",azul,minimalista,lobo,esquina
"Diseñar camiseta: elemento gráfico lobo, color azul, estilo minimalista, ubicación espalda",azul,minimalista,lobo,espalda
"Camiseta con imagen de águila, color azul, estilo minimalista, posición centrado",azul,minimalista,águila,centrado
"Necesito una camiseta con gráfico de águila en zona pecho, color azul, estilo minimalista",azul,minimalista,águila,pecho
"Camiseta de color azul, diseño de águila, estilo minimalista, zona esquina",azul,minimalista,águila,esquina
"Quiero una camiseta con diseño de águila en estilo minimalista, color azul, posición espalda",azul,minimalista,águila,espalda
"Camiseta con imagen de sol, color azul, estilo minimalista, posición centrado",azul,minimalista,sol,centrado
"Diseño para camiseta: sol en posición pecho, color azul, estilo visual minimalista",azul,minimalista,sol,pecho
"Generar camiseta de estilo minimalista, color azul, imagen de sol en zona esquina",azul,minimalista,sol,esquina
"Crear camiseta de estilo minimalista con motivo de sol en color azul, zona espalda",azul,minimalista,sol,espalda
Camiseta de color azul con motivo minimalista de árbol en la zona centrado,azul,minimalista,árbol,centrado
"Generar camiseta de estilo minimalista, color azul, imagen de árbol en zona pecho",azul,minimalista,árbol,pecho
"Diseño para camiseta: árbol en posición esquina, color azul, estilo visual minimalista",azul,minimalista,árbol,esquina
"Camiseta con imagen de árbol, color azul, estilo minimalista, posición espalda",azul,minimalista,árbol,espalda
"Quiero estampado de automóvil en zona centrado, color azul, estilo minimalista",azul,minimalista,automóvil,centrado
"Quiero una camiseta con diseño de automóvil en estilo minimalista, color azul, posición pecho",azul,minimalista,automóvil,pecho
"Diseño para camiseta: automóvil en posición esquina, color azul, estilo visual minimalista",azul,minimalista,automóvil,esquina
"Camiseta con imagen de automóvil, color azul, estilo minimalista, posición espalda",azul,minimalista,automóvil,espalda
"Camiseta con estampado de dragón, color principal azul, estilo visual minimalista, zona centrado",azul,minimalista,dragón,centrado
"Necesito una camiseta con gráfico de dragón en zona pecho, color azul, estilo minimalista",azul,minimalista,dragón,pecho
"Camiseta de color azul, diseño de dragón, estilo minimalista, zona esquina",azul,minimalista,dragón,esquina
"Crear camiseta de estilo minimalista con motivo de dragón en color azul, zona espalda",azul,minimalista,dragón,espalda
"Diseño para camiseta: texto en posición centrado, color azul, estilo visual minimalista",azul,minimalista,texto,centrado
"Camiseta de color azul, diseño de texto, estilo minimalista, zona pecho",azul,minimalista,texto,pecho
"Quiero estampado de texto en zona esquina, color azul, estilo minimalista",azul,minimalista,texto,esquina
Camiseta de color azul con motivo minimalista de texto en la zona espalda,azul,minimalista,texto,espalda
"Quiero estampado de montaña en zona centrado, color azul, estilo vintage",azul,vintage,montaña,centrado
"Diseño de camiseta: gráfico de montaña, color azul, estilo vintage, posición pecho",azul,vintage,montaña,pecho
"Crear camiseta de estilo vintage con motivo de montaña en color azul, zona esquina",azul,vintage,montaña,esquina
"Crear camiseta de estilo vintage con motivo de montaña en color azul, zona espalda",azul,vintage,montaña,espalda
"Crear camiseta de estilo vintage con motivo de guitarra en color azul, zona centrado",azul,vintage,guitarra,centrado
"Diseño de camiseta: gráfico de guitarra, color azul, estilo vintage, posición pecho",azul,vintage,guitarra,pecho
"Camiseta con estampado de guitarra, color principal azul, estilo visual vintage, zona esquina",azul,vintage,guitarra,esquina
"Generar camiseta de estilo vintage, color azul, imagen de guitarra en zona espalda",azul,vintage,guitarra,espalda
"Diseño para camiseta: calavera en posición centrado, color azul, estilo visual vintage",azul,vintage,calavera,centrado
"Quiero una camiseta con diseño de calavera en estilo vintage, color azul, posición pecho",azul,vintage,calavera,pecho
"Diseño de camiseta: gráfico de calavera, color azul, estilo vintage, posición esquina",azul,vintage,calavera,esquina
"Generar camiseta de estilo vintage, color azul, imagen de calavera en zona espalda",azul,vintage,calavera,espalda
"Camiseta con imagen de lobo, color azul, estilo vintage, posición centrado",azul,vintage,lobo,centrado
"Generar camiseta de estilo vintage, color azul, imagen de lobo en zona pecho",azul,vintage,lobo,pecho
"Diseño de camiseta: gráfico de lobo, color azul, estilo vintage, posición esquina",azul,vintage,lobo,esquina
"Quiero diseño de lobo en camiseta color azul, estilo vintage, ubicado en espalda",azul,vintage,lobo,espalda
"Quiero una camiseta con diseño de águila en estilo vintage, color azul, posición centrado",azul,vintage,águila,centrado
"Crear camiseta de estilo vintage con motivo de águila en color azul, zona pecho",azul,vintage,águila,pecho
"Necesito una camiseta con gráfico de águila en zona esquina, color azul, estilo vintage",azul,vintage,águila,esquina
"Quiero estampado de águila en zona espalda, color azul, estilo vintage",azul,vintage,águila,espalda
"Necesito una camiseta con gráfico de sol en zona centrado, color azul, estilo vintage",azul,vintage,sol,centrado
"Diseño de camiseta: gráfico de sol, color azul, estilo vintage, posición pecho",azul,vintage,sol,pecho
"Diseño para camiseta: sol en posición esquina, color azul, estilo visual vintage",azul,vintage,sol,esquina
"Generar camiseta de estilo vintage, color azul, imagen de sol en zona espalda",azul,vintage,sol,espalda
"Diseño para camiseta: árbol en posición centrado, color azul, estilo visual vintage",azul,vintage,árbol,centrado
"Crear camiseta de estilo vintage con motivo de árbol en color azul, zona pecho",azul,vintage,árbol,pecho
"Necesito una camiseta con gráfico de árbol en zona esquina, color azul, estilo vintage",azul,vintage,árbol,esquina
"Quiero estampado de árbol en zona espalda, color azul, estilo vintage",azul,vintage,árbol,espalda
"Diseñar camiseta: elemento gráfico automóvil, color azul, estilo vintage, ubicación centrado",azul,vintage,automóvil,centrado
"Camiseta con estampado de automóvil, color principal azul, estilo visual vintage, zona pecho",azul,vintage,automóvil,pecho
"Diseño para camiseta: automóvil en posición esquina, color azul, estilo visual vintage",azul,vintage,automóvil,esquina
"Diseño de camiseta: gráfico de automóvil, color azul, estilo vintage, posición espalda",azul,vintage,automóvil,espalda
"Diseño para camiseta: dragón en posición centrado, color azul, estilo visual vintage",azul,vintage,dragón,centrado
"Diseño de camiseta: gráfico de dragón, color azul, estilo vintage, posición pecho",azul,vintage,dragón,pecho
"Crear camiseta de estilo vintage con motivo de dragón en color azul, zona esquina",azul,vintage,dragón,esquina
"Diseñar camiseta: elemento gráfico dragón, color azul, estilo vintage, ubicación espalda",azul,vintage,dragón,espalda
"Camiseta con imagen de texto, color azul, estilo vintage, posición centrado",azul,vintage,texto,centrado
"Camiseta con imagen de texto, color azul, estilo vintage, posición pecho",azul,vintage,texto,pecho
"Necesito una camiseta con gráfico de texto en zona esquina, color azul, estilo vintage",azul,vintage,texto,esquina
"Diseño para camiseta: texto en posición espalda, color azul, estilo visual vintage",azul,vintage,texto,espalda
"Quiero estampado de montaña en zona centrado, color azul, estilo urbano",azul,urbano,montaña,centrado
"Quiero diseño de montaña en camiseta color azul, estilo urbano, ubicado en pecho",azul,urbano,montaña,pecho
"Camiseta de color azul, diseño de montaña, estilo urbano, zona esquina",azul,urbano,montaña,esquina
"Necesito una camiseta con gráfico de montaña en zona espalda, color azul, estilo urbano",azul,urbano,montaña,espalda
"Necesito una camiseta con gráfico de guitarra en zona centrado, color azul, estilo urbano",azul,urbano,guitarra,centrado
"Camiseta con estampado de guitarra, color principal azul, estilo visual urbano, zona pecho",azul,urbano,guitarra,pecho
"Diseño para camiseta: guitarra en posición esquina, color azul, estilo visual urbano",azul,urbano,guitarra,esquina
Camiseta de color azul con motivo urbano de guitarra en la zona espalda,azul,urbano,guitarra,espalda
"Camiseta con imagen de calavera, color azul, estilo urbano, posición centrado",azul,urbano,calavera,centrado
"Camiseta con imagen de calavera, color azul, estilo urbano, posición pecho",azul,urbano,calavera,pecho
"Diseño de camiseta: gráfico de calavera, color azul, estilo urbano, posición esquina",azul,urbano,calavera,esquina
"Generar camiseta de estilo urbano, color azul, imagen de calavera en zona espalda",azul,urbano,calavera,espalda
"Camiseta color azul, estilo urbano, con estampado de lobo en zona centrado",azul,urbano,lobo,centrado
"Camiseta color azul, estilo urbano, con estampado de lobo en zona pecho",azul,urbano,lobo,pecho
"Camiseta color azul, estilo urbano, con estampado de lobo en zona esquina",azul,urbano,lobo,esquina
"Diseño de camiseta: gráfico de lobo, color azul, estilo urbano, posición espalda",azul,urbano,lobo,espalda
"Camiseta con estampado de águila, color principal azul, estilo visual urbano, zona centrado",azul,urbano,águila,centrado
"Quiero estampado de águila en zona pecho, color azul, estilo urbano",azul,urbano,águila,pecho
"Camiseta color azul, estilo urbano, con estampado de águila en zona esquina",azul,urbano,águila,esquina
Camiseta de color azul con motivo urbano de águila en la zona espalda,azul,urbano,águila,espalda
Camiseta de color azul con motivo urbano de sol en la zona centrado,azul,urbano,sol,centrado
"Crear camiseta de estilo urbano con motivo de sol en color azul, zona pecho",azul,urbano,sol,pecho
"Diseñar camiseta: elemento gráfico sol, color azul, estilo urbano, ubicación esquina",azul,urbano,sol,esquina
"Diseño de camiseta: gráfico de sol, color azul, estilo urbano, posición espalda",azul,urbano,sol,espalda
"Quiero una camiseta con diseño de árbol en estilo urbano, color azul, posición centrado",azul,urbano,árbol,centrado
"Necesito una camiseta con gráfico de árbol en zona pecho, color azul, estilo urbano",azul,urbano,árbol,pecho
"Quiero estampado de árbol en zona esquina, color azul, estilo urbano",azul,urbano,árbol,esquina
"Diseño de camiseta: gráfico de árbol, color azul, estilo urbano, posición espalda",azul,urbano,árbol,espalda
"Diseño de camiseta: gráfico de automóvil, color azul, estilo urbano, posición centrado",azul,urbano,automóvil,centrado
"Camiseta con imagen de automóvil, color azul, estilo urbano, posición pecho",azul,urbano,automóvil,pecho
"Generar camiseta de estilo urbano, color azul, imagen de automóvil en zona esquina",azul,urbano,automóvil,esquina
"Quiero una camiseta con diseño de automóvil en estilo urbano, color azul, posición espalda",azul,urbano,automóvil,espalda
"Quiero diseño de dragón en camiseta color azul, estilo urbano, ubicado en centrado",azul,urbano,dragón,centrado
Camiseta de color azul con motivo urbano de dragón en la zona pecho,azul,urbano,dragón,pecho
"Camiseta con estampado de dragón, color principal azul, estilo visual urbano, zona esquina",azul,urbano,dragón,esquina
"Diseño de camiseta: gráfico de dragón, color azul, estilo urbano, posición espalda",azul,urbano,dragón,espalda
"Necesito una camiseta con gráfico de texto en zona centrado, color azul, estilo urbano",azul,urbano,texto,centrado
"Camiseta con estampado de texto, color principal azul, estilo visual urbano, zona pecho",azul,urbano,texto,pecho
Camiseta de color azul con motivo urbano de texto en la zona esquina,azul,urbano,texto,esquina
"Camiseta con estampado de texto, color principal azul, estilo visual urbano, zona espalda",azul,urbano,texto,espalda
"Diseñar camiseta: elemento gráfico montaña, color azul, estilo deportivo, ubicación centrado",azul,deportivo,montaña,centrado
"Camiseta de color azul, diseño de montaña, estilo deportivo, zona pecho",azul,deportivo,montaña,pecho
"Camiseta de color azul, diseño de montaña, estilo deportivo, zona esquina",azul,deportivo,montaña,esquina
"Camiseta con estampado de montaña, color principal azul, estilo visual deportivo, zona espalda",azul,deportivo,montaña,espalda
"Camiseta color azul, estilo deportivo, con estampado de guitarra en zona centrado",azul,deportivo,guitarra,centrado
"Camiseta con imagen de guitarra, color azul, estilo deportivo, posición pecho",azul,deportivo,guitarra,pecho
"Quiero diseño de guitarra en camiseta color azul, estilo deportivo, ubicado en esquina",azul,deportivo,guitarra,esquina
Camiseta de color azul con motivo deportivo de guitarra en la zona espalda,azul,deportivo,guitarra,espalda
"Quiero una camiseta con diseño de calavera en estilo deportivo, color azul, posición centrado",azul,deportivo,calavera,centrado
"Camiseta color azul, estilo deportivo, con estampado de calavera en zona pecho",azul,deportivo,calavera,pecho
"Diseño para camiseta: calavera en posición esquina, color azul, estilo visual deportivo",azul,deportivo,calavera,esquina
"Diseño de camiseta: gráfico de calavera, color azul, estilo deportivo, posición espalda",azul,deportivo,calavera,espalda
"Camiseta con imagen de lobo, color azul, estilo deportivo, posición centrado",azul,deportivo,lobo,centrado
"Camiseta con estampado de lobo, color principal azul, estilo visual deportivo, zona pecho",azul,deportivo,lobo,pecho
"Crear camiseta de estilo deportivo con motivo de lobo en color azul, zona esquina",azul,deportivo,lobo,esquina
"Crear camiseta de estilo deportivo con motivo de lobo en color azul, zona espalda",azul,deportivo,lobo,espalda
"Diseño para camiseta: águila en posición centrado, color azul, estilo visual deportivo",azul,deportivo,águila,centrado
"Camiseta color azul, estilo deportivo, con estampado de águila en zona pecho",azul,deportivo,águila,pecho
"Diseño para camiseta: águila en posición esquina, color azul, estilo visual deportivo",azul,deportivo,águila,esquina
"Camiseta con estampado de águila, color principal azul, estilo visual deportivo, zona espalda",azul,deportivo,águila,espalda
"Diseñar camiseta: elemento gráfico sol, color azul, estilo deportivo, ubicación centrado",azul,deportivo,sol,centrado
"Diseño de camiseta: gráfico de sol, color azul, estilo deportivo, posición pecho",azul,deportivo,sol,pecho
"Crear camiseta de estilo deportivo con motivo de sol en color azul, zona esquina",azul,deportivo,sol,esquina
"Camiseta de color azul, diseño de sol, estilo deportivo, zona espalda",azul,deportivo,sol,espalda
Camiseta de color azul con motivo deportivo de árbol en la zona centrado,azul,deportivo,árbol,centrado
"Quiero diseño de árbol en camiseta color azul, estilo deportivo, ubicado en pecho",azul,deportivo,árbol,pecho
Camiseta de color azul con motivo deportivo de árbol en la zona esquina,azul,deportivo,árbol,esquina
"Quiero una camiseta con diseño de árbol en estilo deportivo, color azul, posición espalda",azul,deportivo,árbol,espalda
Camiseta de color azul con motivo deportivo de automóvil en la zona centrado,azul,deportivo,automóvil,centrado
"Diseño para camiseta: automóvil en posición pecho, color azul, estilo visual deportivo",azul,deportivo,automóvil,pecho
"Camiseta con estampado de automóvil, color principal azul, estilo visual deportivo, zona esquina",azul,deportivo,automóvil,esquina
"Diseñar camiseta: elemento gráfico automóvil, color azul, estilo deportivo, ubicación espalda",azul,deportivo,automóvil,espalda
Camiseta de color azul con motivo deportivo de dragón en la zona centrado,azul,deportivo,dragón,centrado
"Crear camiseta de estilo deportivo con motivo de dragón en color azul, zona pecho",azul,deportivo,dragón,pecho
"Quiero estampado de dragón en zona esquina, color azul, estilo deportivo",azul,deportivo,dragón,esquina
"Camiseta color azul, estilo deportivo, con estampado de dragón en zona espalda",azul,deportivo,dragón,espalda
"Camiseta de color azul, diseño de texto, estilo deportivo, zona centrado",azul,deportivo,texto,centrado
"Quiero estampado de texto en zona pecho, color azul, estilo deportivo",azul,deportivo,texto,pecho
"Camiseta con estampado de texto, color principal azul, estilo visual deportivo, zona esquina",azul,deportivo,texto,esquina
"Quiero diseño de texto en camiseta color azul, estilo deportivo, ubicado en espalda",azul,deportivo,texto,espalda
"Quiero una camiseta con diseño de montaña en estilo retro, color azul, posición centrado",azul,retro,montaña,centrado
"Camiseta color azul, estilo retro, con estampado de montaña en zona pecho",azul,retro,montaña,pecho
"Diseñar camiseta: elemento gráfico montaña, color azul, estilo retro, ubicación esquina",azul,retro,montaña,esquina
Camiseta de color azul con motivo retro de montaña en la zona espalda,azul,retro,montaña,espalda
"Camiseta color azul, estilo retro, con estampado de guitarra en zona centrado",azul,retro,guitarra,centrado
"Diseño de camiseta: gráfico de guitarra, color azul, estilo retro, posición pecho",azul,retro,guitarra,pecho
"Quiero estampado de guitarra en zona esquina, color azul, estilo retro",azul,retro,guitarra,esquina
"Quiero estampado de guitarra en zona espalda, color azul, estilo retro",azul,retro,guitarra,espalda
"Camiseta con imagen de calavera, color azul, estilo retro, posición centrado",azul,retro,calavera,centrado
"Generar camiseta de estilo retro, color azul, imagen de calavera en zona pecho",azul,retro,calavera,pecho
Camiseta de color azul con motivo retro de calavera en la zona esquina,azul,retro,calavera,esquina
"Camiseta color azul, estilo retro, con estampado de calavera en zona espalda",azul,retro,calavera,espalda
"Camiseta con imagen de lobo, color azul, estilo retro, posición centrado",azul,retro,lobo,centrado
"Quiero diseño de lobo en camiseta color azul, estilo retro, ubicado en pecho",azul,retro,lobo,pecho
"Crear camiseta de estilo retro con motivo de lobo en color azul, zona esquina",azul,retro,lobo,esquina
"Quiero estampado de lobo en zona espalda, color azul, estilo retro",azul,retro,lobo,espalda
"Diseño para camiseta: águila en posición centrado, color azul, estilo visual retro",azul,retro,águila,centrado
"Quiero diseño de águila en camiseta color azul, estilo retro, ubicado en pecho",azul,retro,águila,pecho
"Quiero estampado de águila en zona esquina, color azul, estilo retro",azul,retro,águila,esquina
"Camiseta color azul, estilo retro, con estampado de águila en zona espalda",azul,retro,águila,espalda
"Diseñar camiseta: elemento gráfico sol, color azul, estilo retro, ubicación centrado",azul,retro,sol,centrado
"Crear camiseta de estilo retro con motivo de sol en color azul, zona pecho",azul,retro,sol,pecho
"Quiero diseño de sol en camiseta color azul, estilo retro, ubicado en esquina",azul,retro,sol,esquina
"Camiseta color azul, estilo retro, con estampado de sol en zona espalda",azul,retro,sol,espalda
"Camiseta color azul, estilo retro, con estampado de árbol en zona centrado",azul,retro,árbol,centrado
"Necesito una camiseta con gráfico de árbol en zona pecho, color azul, estilo retro",azul,retro,árbol,pecho
Camiseta de color azul con motivo retro de árbol en la zona esquina,azul,retro,árbol,esquina
"Camiseta con estampado de árbol, color principal azul, estilo visual retro, zona espalda",azul,retro,árbol,espalda
"Quiero diseño de automóvil en camiseta color azul, estilo retro, ubicado en centrado",azul,retro,automóvil,centrado
"Diseño de camiseta: gráfico de automóvil, color azul, estilo retro, posición pecho",azul,retro,automóvil,pecho
"Necesito una camiseta con gráfico de automóvil en zona esquina, color azul, estilo retro",azul,retro,automóvil,esquina
Camiseta de color azul con motivo retro de automóvil en la zona espalda,azul,retro,automóvil,espalda
Camiseta de color azul con motivo retro de dragón en la zona centrado,azul,retro,dragón,centrado
"Quiero estampado de dragón en zona pecho, color azul, estilo retro",azul,retro,dragón,pecho
"Camiseta color azul, estilo retro, con estampado de dragón en zona esquina",azul,retro,dragón,esquina
"Diseño de camiseta: gráfico de dragón, color azul, estilo retro, posición espalda",azul,retro,dragón,espalda
"Camiseta con estampado de texto, color principal azul, estilo visual retro, zona centrado",azul,retro,texto,centrado
"Necesito una camiseta con gráfico de texto en zona pecho, color azul, estilo retro",azul,retro,texto,pecho
"Camiseta color azul, estilo retro, con estampado de texto en zona esquina",azul,retro,texto,esquina
"Quiero una camiseta con diseño de texto en estilo retro, color azul, posición espalda",azul,retro,texto,espalda
"Crear camiseta de estilo minimalista con motivo de montaña en color verde, zona centrado",verde,minimalista,montaña,centrado
"Necesito una camiseta con gráfico de montaña en zona pecho, color verde, estilo minimalista",verde,minimalista,montaña,pecho
"Camiseta con estampado de montaña, color principal verde, estilo visual minimalista, zona esquina",verde,minimalista,montaña,esquina
"Necesito una camiseta con gráfico de montaña en zona espalda, color verde, estilo minimalista",verde,minimalista,montaña,espalda
"Generar camiseta de estilo minimalista, color verde, imagen de guitarra en zona centrado",verde,minimalista,guitarra,centrado
"Generar camiseta de estilo minimalista, color verde, imagen de guitarra en zona pecho",verde,minimalista,guitarra,pecho
"Quiero estampado de guitarra en zona esquina, color verde, estilo minimalista",verde,minimalista,guitarra,esquina
"Quiero una camiseta con diseño de guitarra en estilo minimalista, color verde, posición espalda",verde,minimalista,guitarra,espalda
"Diseñar camiseta: elemento gráfico calavera, color verde, estilo minimalista, ubicación centrado",verde,minimalista,calavera,centrado
"Diseñar camiseta: elemento gráfico calavera, color verde, estilo minimalista, ubicación pecho",verde,minimalista,calavera,pecho
"Camiseta con estampado de calavera, color principal verde, estilo visual minimalista, zona esquina",verde,minimalista,calavera,esquina
"Diseño para camiseta: calavera en posición espalda, color verde, estilo visual minimalista",verde,minimalista,calavera,espalda
"Crear camiseta de estilo minimalista con motivo de lobo en color verde, zona centrado",verde,minimalista,lobo,centrado
"Diseñar camiseta: elemento gráfico lobo, color verde, estilo minimalista, ubicación pecho",verde,minimalista,lobo,pecho
"Crear camiseta de estilo minimalista con motivo de lobo en color verde, zona esquina",verde,minimalista,lobo,esquina
"Camiseta con estampado de lobo, color principal verde, estilo visual minimalista, zona espalda",verde,minimalista,lobo,espalda
"Quiero una camiseta con diseño de águila en estilo minimalista, color verde, posición centrado",verde,minimalista,águila,centrado
"Diseño para camiseta: águila en posición pecho, color verde, estilo visual minimalista",verde,minimalista,águila,pecho
"Diseño para camiseta: águila en posición esquina, color verde, estilo visual minimalista",verde,minimalista,águila,esquina
"Generar camiseta de estilo minimalista, color verde, imagen de águila en zona espalda",verde,minimalista,águila,espalda
"Quiero estampado de sol en zona centrado, color verde, estilo minimalista",verde,minimalista,sol,centrado
"Camiseta color verde, estilo minimalista, con estampado de sol en zona pecho",verde,minimalista,sol,pecho
"Diseño para camiseta: sol en posición esquina, color verde, estilo visual minimalista",verde,minimalista,sol,esquina
"Camiseta de color verde, diseño de sol, estilo minimalista, zona espalda",verde,minimalista,sol,espalda
"Camiseta con estampado de árbol, color principal verde, estilo visual minimalista, zona centrado",verde,minimalista,árbol,centrado
"Quiero diseño de árbol en camiseta color verde, estilo minimalista, ubicado en pecho",verde,minimalista,árbol,pecho
"Diseño para camiseta: árbol en posición esquina, color verde, estilo visual minimalista",verde,minimalista,árbol,esquina
"Diseño para camiseta: árbol en posición espalda, color verde, estilo visual minimalista",verde,minimalista,árbol,espalda
Camiseta de color verde con motivo minimalista de automóvil en la zona centrado,verde,minimalista,automóvil,centrado
"Camiseta con imagen de automóvil, color verde, estilo minimalista, posición pecho",verde,minimalista,automóvil,pecho
"Crear camiseta de estilo minimalista con motivo de automóvil en color verde, zona esquina",verde,minimalista,automóvil,esquina
"Camiseta de color verde, diseño de automóvil, estilo minimalista, zona espalda",verde,minimalista,automóvil,espalda
"Quiero diseño de dragón en camiseta color verde, estilo minimalista, ubicado en centrado",verde,minimalista,dragón,centrado
Camiseta de color verde con motivo minimalista de dragón en la zona pecho,verde,minimalista,dragón,pecho
"Camiseta con imagen de dragón, color verde, estilo minimalista, posición esquina",verde,minimalista,dragón,esquina
"Diseño para camiseta: dragón en posición espalda, color verde, estilo visual minimalista",verde,minimalista,dragón,espalda
"Camiseta color verde, estilo minimalista, con estampado de texto en zona centrado",verde,minimalista,texto,centrado
"Camiseta de color verde, diseño de texto, estilo minimalista, zona pecho",verde,minimalista,texto,pecho
"Generar camiseta de estilo minimalista, color verde, imagen de texto en zona esquina",verde,minimalista,texto,esquina
"Necesito una camiseta con gráfico de texto en zona espalda, color verde, estilo minimalista",verde,minimalista,texto,espalda
Camiseta de color verde con motivo vintage de montaña en la zona centrado,verde,vintage,montaña,centrado
"Diseño para camiseta: montaña en posición pecho, color verde, estilo visual vintage",verde,vintage,montaña,pecho
"Quiero diseño de montaña en camiseta color verde, estilo vintage, ubicado en esquina",verde,vintage,montaña,esquina
"Quiero diseño de montaña en camiseta color verde, estilo vintage, ubicado en espalda",verde,vintage,montaña,espalda
"Diseño para camiseta: guitarra en posición centrado, color verde, estilo visual vintage",verde,vintage,guitarra,centrado
"Quiero estampado de guitarra en zona pecho, color verde, estilo vintage",verde,vintage,guitarra,pecho
"Crear camiseta de estilo vintage con motivo de guitarra en color verde, zona esquina",verde,vintage,guitarra,esquina
"Crear camiseta de estilo vintage con motivo de guitarra en color verde, zona espalda",verde,vintage,guitarra,espalda
"Quiero estampado de calavera en zona centrado, color verde, estilo vintage",verde,vintage,calavera,centrado
Camiseta de color verde con motivo vintage de calavera en la zona pecho,verde,vintage,calavera,pecho
"Camiseta con imagen de calavera, color verde, estilo vintage, posición esquina",verde,vintage,calavera,esquina
"Camiseta con estampado de calavera, color principal verde, estilo visual vintage, zona espalda",verde,vintage,calavera,espalda
"Camiseta color verde, estilo vintage, con estampado de lobo en zona centrado",verde,vintage,lobo,centrado
"Camiseta con estampado de lobo, color principal verde, estilo visual vintage, zona pecho",verde,vintage,lobo,pecho
"Necesito una camiseta con gráfico de lobo en zona esquina, color verde, estilo vintage",verde,vintage,lobo,esquina
"Diseño para camiseta: lobo en posición espalda, color verde, estilo visual vintage",verde,vintage,lobo,espalda
"Camiseta color verde, estilo vintage, con estampado de águila en zona centrado",verde,vintage,águila,centrado
"Camiseta de color verde, diseño de águila, estilo vintage, zona pecho",verde,vintage,águila,pecho
"Diseño para camiseta: águila en posición esquina, color verde, estilo visual vintage",verde,vintage,águila,esquina
"Generar camiseta de estilo vintage, color verde, imagen de águila en zona espalda",verde,vintage,águila,espalda
"Diseño de camiseta: gráfico de sol, color verde, estilo vintage, posición centrado",verde,vintage,sol,centrado
"Diseño de camiseta: gráfico de sol, color verde, estilo vintage, posición pecho",verde,vintage,sol,pecho
Camiseta de color verde con motivo vintage de sol en la zona esquina,verde,vintage,sol,esquina
"Diseño para camiseta: sol en posición espalda, color verde, estilo visual vintage",verde,vintage,sol,espalda
"Crear camiseta de estilo vintage con motivo de árbol en color verde, zona centrado",verde,vintage,árbol,centrado
"Diseñar camiseta: elemento gráfico árbol, color verde, estilo vintage, ubicación pecho",verde,vintage,árbol,pecho
"Quiero diseño de árbol en camiseta color verde, estilo vintage, ubicado en esquina",verde,vintage,árbol,esquina
"Camiseta color verde, estilo vintage, con estampado de árbol en zona espalda",verde,vintage,árbol,espalda
"Diseñar camiseta: elemento gráfico automóvil, color verde, estilo vintage, ubicación centrado",verde,vintage,automóvil,centrado
"Camiseta con imagen de automóvil, color verde, estilo vintage, posición pecho",verde,vintage,automóvil,pecho
"Quiero estampado de automóvil en zona esquina, color verde, estilo vintage",verde,vintage,automóvil,esquina
"Camiseta de color verde, diseño de automóvil, estilo vintage, zona espalda",verde,vintage,automóvil,espalda
"Diseño para camiseta: dragón en posición centrado, color verde, estilo visual vintage",verde,vintage,dragón,centrado
"Camiseta con imagen de dragón, color verde, estilo vintage, posición pecho",verde,vintage,dragón,pecho
"Camiseta con imagen de dragón, color verde, estilo vintage, posición esquina",verde,vintage,dragón,esquina
"Diseño de camiseta: gráfico de dragón, color verde, estilo vintage, posición espalda",verde,vintage,dragón,espalda
"Camiseta de color verde, diseño de texto, estilo vintage, zona centrado",verde,vintage,texto,centrado
"Quiero una camiseta con diseño de texto en estilo vintage, color verde, posición pecho",verde,vintage,texto,pecho
"Diseño de camiseta: gráfico de texto, color verde, estilo vintage, posición esquina",verde,vintage,texto,esquina
"Diseño para camiseta: texto en posición espalda, color verde, estilo visual vintage",verde,vintage,texto,espalda
"Diseñar camiseta: elemento gráfico montaña, color verde, estilo urbano, ubicación centrado",verde,urbano,montaña,centrado
"Quiero diseño de montaña en camiseta color verde, estilo urbano, ubicado en pecho",verde,urbano,montaña,pecho
"Camiseta color verde, estilo urbano, con estampado de montaña en zona esquina",verde,urbano,montaña,esquina
"Diseñar camiseta: elemento gráfico montaña, color verde, estilo urbano, ubicación espalda",verde,urbano,montaña,espalda
"Camiseta de color verde, diseño de guitarra, estilo urbano, zona centrado",verde,urbano,guitarra,centrado
"Necesito una camiseta con gráfico de guitarra en zona pecho, color verde, estilo urbano",verde,urbano,guitarra,pecho
"Diseño para camiseta: guitarra en posición esquina, color verde, estilo visual urbano",verde,urbano,guitarra,esquina
"Generar camiseta de estilo urbano, color verde, imagen de guitarra en zona espalda",verde,urbano,guitarra,espalda
"Camiseta con estampado de calavera, color principal verde, estilo visual urbano, zona centrado",verde,urbano,calavera,centrado
"Camiseta color verde, estilo urbano, con estampado de calavera en zona pecho",verde,urbano,calavera,pecho
"Generar camiseta de estilo urbano, color verde, imagen de calavera en zona esquina",verde,urbano,calavera,esquina
"Generar camiseta de estilo urbano, color verde, imagen de calavera en zona espalda",verde,urbano,calavera,espalda
Camiseta de color verde con motivo urbano de lobo en la zona centrado,verde,urbano,lobo,centrado
"Diseño para camiseta: lobo en posición pecho, color verde, estilo visual urbano",verde,urbano,lobo,pecho
"Necesito una camiseta con gráfico de lobo en zona esquina, color verde, estilo urbano",verde,urbano,lobo,esquina
Camiseta de color verde con motivo urbano de lobo en la zona espalda,verde,urbano,lobo,espalda
"Quiero diseño de águila en camiseta color verde, estilo urbano, ubicado en centrado",verde,urbano,águila,centrado
"Diseño para camiseta: águila en posición pecho, color verde, estilo visual urbano",verde,urbano,águila,pecho
"Necesito una camiseta con gráfico de águila en zona esquina, color verde, estilo urbano",verde,urbano,águila,esquina
"Quiero diseño de águila en camiseta color verde, estilo urbano, ubicado en espalda",verde,urbano,águila,espalda
"Quiero una camiseta con diseño de sol en estilo urbano, color verde, posición centrado",verde,urbano,sol,centrado
"Camiseta color verde, estilo urbano, con estampado de sol en zona pecho",verde,urbano,sol,pecho
"Camiseta de color verde, diseño de sol, estilo urbano, zona esquina",verde,urbano,sol,esquina
"Crear camiseta de estilo urbano con motivo de sol en color verde, zona espalda",verde,urbano,sol,espalda
"Quiero estampado de árbol en zona centrado, color verde, estilo urbano",verde,urbano,árbol,centrado
"Camiseta de color verde, diseño de árbol, estilo urbano, zona pecho",verde,urbano,árbol,pecho
"Generar camiseta de estilo urbano, color verde, imagen de árbol en zona esquina",verde,urbano,árbol,esquina
"Camiseta con estampado de árbol, color principal verde, estilo visual urbano, zona espalda",verde,urbano,árbol,espalda
"Diseño de camiseta: gráfico de automóvil, color verde, estilo urbano, posición centrado",verde,urbano,automóvil,centrado
"Quiero una camiseta con diseño de automóvil en estilo urbano, color verde, posición pecho",verde,urbano,automóvil,pecho
Camiseta de color verde con motivo urbano de automóvil en la zona esquina,verde,urbano,automóvil,esquina
"Diseño de camiseta: gráfico de automóvil, color verde, estilo urbano, posición espalda",verde,urbano,automóvil,espalda
"Camiseta de color verde, diseño de dragón, estilo urbano, zona centrado",verde,urbano,dragón,centrado
Camiseta de color verde con motivo urbano de dragón en la zona pecho,verde,urbano,dragón,pecho
"Camiseta de color verde, diseño de dragón, estilo urbano, zona esquina",verde,urbano,dragón,esquina
"Camiseta con estampado de dragón, color principal verde, estilo visual urbano, zona espalda",verde,urbano,dragón,espalda
"Camiseta con estampado de texto, color principal verde, estilo visual urbano, zona centrado",verde,urbano,texto,centrado
"Quiero diseño de texto en camiseta color verde, estilo urbano, ubicado en pecho",verde,urbano,texto,pecho
"Camiseta de color verde, diseño de texto, estilo urbano, zona esquina",verde,urbano,texto,esquina
"Camiseta con imagen de texto, color verde, estilo urbano, posición espalda",verde,urbano,texto,espalda
"Diseñar camiseta: elemento gráfico montaña, color verde, estilo deportivo, ubicación centrado",verde,deportivo,montaña,centrado
"Camiseta con estampado de montaña, color principal verde, estilo visual deportivo, zona pecho",verde,deportivo,montaña,pecho
"Diseñar camiseta: elemento gráfico montaña, color verde, estilo deportivo, ubicación esquina",verde,deportivo,montaña,esquina
"Camiseta color verde, estilo deportivo, con estampado de montaña en zona espalda",verde,deportivo,montaña,espalda
"Diseño de camiseta: gráfico de guitarra, color verde, estilo deportivo, posición centrado",verde,deportivo,guitarra,centrado
"Quiero una camiseta con diseño de guitarra en estilo deportivo, color verde, posición pecho",verde,deportivo,guitarra,pecho
"Camiseta con imagen de guitarra, color verde, estilo deportivo, posición esquina",verde,deportivo,guitarra,esquina
"Camiseta con estampado de guitarra, color principal verde, estilo visual deportivo, zona espalda",verde,deportivo,guitarra,espalda
"Camiseta color verde, estilo deportivo, con estampado de calavera en zona centrado",verde,deportivo,calavera,centrado
"Crear camiseta de estilo deportivo con motivo de calavera en color verde, zona pecho",verde,deportivo,calavera,pecho
"Necesito una camiseta con gráfico de calavera en zona esquina, color verde, estilo deportivo",verde,deportivo,calavera,esquina
Camiseta de color verde con motivo deportivo de calavera en la zona espalda,verde,deportivo,calavera,espalda
"Generar camiseta de estilo deportivo, color verde, imagen de lobo en zona centrado",verde,deportivo,lobo,centrado
"Diseñar camiseta: elemento gráfico lobo, color verde, estilo deportivo, ubicación pecho",verde,deportivo,lobo,pecho
"Camiseta con imagen de lobo, color verde, estilo deportivo, posición esquina",verde,deportivo,lobo,esquina
"Camiseta con imagen de lobo, color verde, estilo deportivo, posición espalda",verde,deportivo,lobo,espalda
"Crear camiseta de estilo deportivo con motivo de águila en color verde, zona centrado",verde,deportivo,águila,centrado
"Crear camiseta de estilo deportivo con motivo de águila en color verde, zona pecho",verde,deportivo,águila,pecho
"Quiero una camiseta con diseño de águila en estilo deportivo, color verde, posición esquina",verde,deportivo,águila,esquina
Camiseta de color verde con motivo deportivo de águila en la zona espalda,verde,deportivo,águila,espalda
"Quiero diseño de sol en camiseta color verde, estilo deportivo, ubicado en centrado",verde,deportivo,sol,centrado
"Diseñar camiseta: elemento gráfico sol, color verde, estilo deportivo, ubicación pecho",verde,deportivo,sol,pecho
"Necesito una camiseta con gráfico de sol en zona esquina, color verde, estilo deportivo",verde,deportivo,sol,esquina
"Quiero una camiseta con diseño de sol en estilo deportivo, color verde, posición espalda",verde,deportivo,sol,espalda
"Camiseta con imagen de árbol, color verde, estilo deportivo, posición centrado",verde,deportivo,árbol,centrado
"Camiseta de color verde, diseño de árbol, estilo deportivo, zona pecho",verde,deportivo,árbol,pecho
"Necesito una camiseta con gráfico de árbol en zona esquina, color verde, estilo deportivo",verde,deportivo,árbol,esquina
"Camiseta con imagen de árbol, color verde, estilo deportivo, posición espalda",verde,deportivo,árbol,espalda
"Diseño de camiseta: gráfico de automóvil, color verde, estilo deportivo, posición centrado",verde,deportivo,automóvil,centrado
"Diseño para camiseta: automóvil en posición pecho, color verde, estilo visual deportivo",verde,deportivo,automóvil,pecho
"Diseño para camiseta: automóvil en posición esquina, color verde, estilo visual deportivo",verde,deportivo,automóvil,esquina
"Crear camiseta de estilo deportivo con motivo de automóvil en color verde, zona espalda",verde,deportivo,automóvil,espalda
"Camiseta con estampado de dragón, color principal verde, estilo visual deportivo, zona centrado",verde,deportivo,dragón,centrado
"Quiero una camiseta con diseño de dragón en estilo deportivo, color verde, posición pecho",verde,deportivo,dragón,pecho
"Camiseta con imagen de dragón, color verde, estilo deportivo, posición esquina",verde,deportivo,dragón,esquina
"Crear camiseta de estilo deportivo con motivo de dragón en color verde, zona espalda",verde,deportivo,dragón,espalda
"Quiero diseño de texto en camiseta color verde, estilo deportivo, ubicado en centrado",verde,deportivo,texto,centrado
"Diseño de camiseta: gráfico de texto, color verde, estilo deportivo, posición pecho",verde,deportivo,texto,pecho
"Camiseta con estampado de texto, color principal verde, estilo visual deportivo, zona esquina",verde,deportivo,texto,esquina
"Quiero una camiseta con diseño de texto en estilo deportivo, color verde, posición espalda",verde,deportivo,texto,espalda
"Crear camiseta de estilo retro con motivo de montaña en color verde, zona centrado",verde,retro,montaña,centrado
Camiseta de color verde con motivo retro de montaña en la zona pecho,verde,retro,montaña,pecho
"Necesito una camiseta con gráfico de montaña en zona esquina, color verde, estilo retro",verde,retro,montaña,esquina
"Quiero diseño de montaña en camiseta color verde, estilo retro, ubicado en espalda",verde,retro,montaña,espalda
"Diseño de camiseta: gráfico de guitarra, color verde, estilo retro, posición centrado",verde,retro,guitarra,centrado
"Camiseta con imagen de guitarra, color verde, estilo retro, posición pecho",verde,retro,guitarra,pecho
Camiseta de color verde con motivo retro de guitarra en la zona esquina,verde,retro,guitarra,esquina
"Quiero una camiseta con diseño de guitarra en estilo retro, color verde, posición espalda",verde,retro,guitarra,espalda
Camiseta de color verde con motivo retro de calavera en la zona centrado,verde,retro,calavera,centrado
"Camiseta con imagen de calavera, color verde, estilo retro, posición pecho",verde,retro,calavera,pecho
Camiseta de color verde con motivo retro de calavera en la zona esquina,verde,retro,calavera,esquina
"Camiseta de color verde, diseño de calavera, estilo retro, zona espalda",verde,retro,calavera,espalda
"Generar camiseta de estilo retro, color verde, imagen de lobo en zona centrado",verde,retro,lobo,centrado
"Quiero estampado de lobo en zona pecho, color verde, estilo retro",verde,retro,lobo,pecho
"Diseño para camiseta: lobo en posición esquina, color verde, estilo visual retro",verde,retro,lobo,esquina
"Diseño de camiseta: gráfico de lobo, color verde, estilo retro, posición espalda",verde,retro,lobo,espalda
"Generar camiseta de estilo retro, color verde, imagen de águila en zona centrado",verde,retro,águila,centrado
"Quiero una camiseta con diseño de águila en estilo retro, color verde, posición pecho",verde,retro,águila,pecho
"Quiero estampado de águila en zona esquina, color verde, estilo retro",verde,retro,águila,esquina
"Diseño de camiseta: gráfico de águila, color verde, estilo retro, posición espalda",verde,retro,águila,espalda
"Generar camiseta de estilo retro, color verde, imagen de sol en zona centrado",verde,retro,sol,centrado
"Camiseta de color verde, diseño de sol, estilo retro, zona pecho",verde,retro,sol,pecho
"Quiero diseño de sol en camiseta color verde, estilo retro, ubicado en esquina",verde,retro,sol,esquina
"Diseño para camiseta: sol en posición espalda, color verde, estilo visual retro",verde,retro,sol,espalda
"Quiero diseño de árbol en camiseta color verde, estilo retro, ubicado en centrado",verde,retro,árbol,centrado
"Camiseta color verde, estilo retro, con estampado de árbol en zona pecho",verde,retro,árbol,pecho
"Quiero una camiseta con diseño de árbol en estilo retro, color verde, posición esquina",verde,retro,árbol,esquina
"Diseño para camiseta: árbol en posición espalda, color verde, estilo visual retro",verde,retro,árbol,espalda
"Generar camiseta de estilo retro, color verde, imagen de automóvil en zona centrado",verde,retro,automóvil,centrado
"Diseño de camiseta: gráfico de automóvil, color verde, estilo retro, posición pecho",verde,retro,automóvil,pecho
"Quiero diseño de automóvil en camiseta color verde, estilo retro, ubicado en esquina",verde,retro,automóvil,esquina
"Camiseta color verde, estilo retro, con estampado de automóvil en zona espalda",verde,retro,automóvil,espalda
"Crear camiseta de estilo retro con motivo de dragón en color verde, zona centrado",verde,retro,dragón,centrado
"Diseñar camiseta: elemento gráfico dragón, color verde, estilo retro, ubicación pecho",verde,retro,dragón,pecho
"Diseño para camiseta: dragón en posición esquina, color verde, estilo visual retro",verde,retro,dragón,esquina
"Diseñar camiseta: elemento gráfico dragón, color verde, estilo retro, ubicación espalda",verde,retro,dragón,espalda
"Crear camiseta de estilo retro con motivo de texto en color verde, zona centrado",verde,retro,texto,centrado
"Quiero estampado de texto en zona pecho, color verde, estilo retro",verde,retro,texto,pecho
"Diseño de camiseta: gráfico de texto, color verde, estilo retro, posición esquina",verde,retro,texto,esquina
"Necesito una camiseta con gráfico de texto en zona espalda, color verde, estilo retro",verde,retro,texto,espalda
"Camiseta con imagen de montaña, color gris, estilo minimalista, posición centrado",gris,minimalista,montaña,centrado
Camiseta de color gris con motivo minimalista de montaña en la zona pecho,gris,minimalista,montaña,pecho
"Quiero estampado de montaña en zona esquina, color gris, estilo minimalista",gris,minimalista,montaña,esquina
Camiseta de color gris con motivo minimalista de montaña en la zona espalda,gris,minimalista,montaña,espalda
"Camiseta color gris, estilo minimalista, con estampado de guitarra en zona centrado",gris,minimalista,guitarra,centrado
"Camiseta color gris, estilo minimalista, con estampado de guitarra en zona pecho",gris,minimalista,guitarra,pecho
"Diseño para camiseta: guitarra en posición esquina, color gris, estilo visual minimalista",gris,minimalista,guitarra,esquina
"Quiero diseño de guitarra en camiseta color gris, estilo minimalista, ubicado en espalda",gris,minimalista,guitarra,espalda
"Crear camiseta de estilo minimalista con motivo de calavera en color gris, zona centrado",gris,minimalista,calavera,centrado
"Camiseta con imagen de calavera, color gris, estilo minimalista, posición pecho",gris,minimalista,calavera,pecho
"Necesito una camiseta con gráfico de calavera en zona esquina, color gris, estilo minimalista",gris,minimalista,calavera,esquina
"Generar camiseta de estilo minimalista, color gris, imagen de calavera en zona espalda",gris,minimalista,calavera,espalda
"Quiero diseño de lobo en camiseta color gris, estilo minimalista, ubicado en centrado",gris,minimalista,lobo,centrado
"Camiseta con estampado de lobo, color principal gris, estilo visual minimalista, zona pecho",gris,minimalista,lobo,pecho
"Quiero diseño de lobo en camiseta color gris, estilo minimalista, ubicado en esquina",gris,minimalista,lobo,esquina
"Quiero una camiseta con diseño de lobo en estilo minimalista, color gris, posición espalda",gris,minimalista,lobo,espalda
"Necesito una camiseta con gráfico de águila en zona centrado, color gris, estilo minimalista",gris,minimalista,águila,centrado
"Camiseta color gris, estilo minimalista, con estampado de águila en zona pecho",gris,minimalista,águila,pecho
"Camiseta con estampado de águila, color principal gris, estilo visual minimalista, zona esquina",gris,minimalista,águila,esquina
Camiseta de color gris con motivo minimalista de águila en la zona espalda,gris,minimalista,águila,espalda
"Camiseta color gris, estilo minimalista, con estampado de sol en zona centrado",gris,minimalista,sol,centrado
"Camiseta con imagen de sol, color gris, estilo minimalista, posición pecho",gris,minimalista,sol,pecho
"Camiseta con imagen de sol, color gris, estilo minimalista, posición esquina",gris,minimalista,sol,esquina
"Diseño de camiseta: gráfico de sol, color gris, estilo minimalista, posición espalda",gris,minimalista,sol,espalda
"Diseño para camiseta: árbol en posición centrado, color gris, estilo visual minimalista",gris,minimalista,árbol,centrado
"Generar camiseta de estilo minimalista, color gris, imagen de árbol en zona pecho",gris,minimalista,árbol,pecho
"Camiseta de color gris, diseño de árbol, estilo minimalista, zona esquina",gris,minimalista,árbol,esquina
"Camiseta color gris, estilo minimalista, con estampado de árbol en zona espalda",gris,minimalista,árbol,espalda
"Quiero diseño de automóvil en camiseta color gris, estilo minimalista, ubicado en centrado",gris,minimalista,automóvil,centrado
"Generar camiseta de estilo minimalista, color gris, imagen de automóvil en zona pecho",gris,minimalista,automóvil,pecho
"Diseñar camiseta: elemento gráfico automóvil, color gris, estilo minimalista, ubicación esquina",gris,minimalista,automóvil,esquina
"Camiseta color gris, estilo minimalista, con estampado de automóvil en zona espalda",gris,minimalista,automóvil,espalda
"Camiseta con estampado de dragón, color principal gris, estilo visual minimalista, zona centrado",gris,minimalista,dragón,centrado
"Generar camiseta de estilo minimalista, color gris, imagen de dragón en zona pecho",gris,minimalista,dragón,pecho
Camiseta de color gris con motivo minimalista de dragón en la zona esquina,gris,minimalista,dragón,esquina
"Necesito una camiseta con gráfico de dragón en zona espalda, color gris, estilo minimalista",gris,minimalista,dragón,espalda
"Generar camiseta de estilo minimalista, color gris, imagen de texto en zona centrado",gris,minimalista,texto,centrado
"Necesito una camiseta con gráfico de texto en zona pecho, color gris, estilo minimalista",gris,minimalista,texto,pecho
"Camiseta con imagen de texto, color gris, estilo minimalista, posición esquina",gris,minimalista,texto,esquina
"Crear camiseta de estilo minimalista con motivo de texto en color gris, zona espalda",gris,minimalista,texto,espalda
"Necesito una camiseta con gráfico de montaña en zona centrado, color gris, estilo vintage",gris,vintage,montaña,centrado
"Quiero estampado de montaña en zona pecho, color gris, estilo vintage",gris,vintage,montaña,pecho
"Camiseta de color gris, diseño de montaña, estilo vintage, zona esquina",gris,vintage,montaña,esquina
"Quiero estampado de montaña en zona espalda, color gris, estilo vintage",gris,vintage,montaña,espalda
"Camiseta con estampado de guitarra, color principal gris, estilo visual vintage, zona centrado",gris,vintage,guitarra,centrado
"Quiero una camiseta con diseño de guitarra en estilo vintage, color gris, posición pecho",gris,vintage,guitarra,pecho
"Camiseta con estampado de guitarra, color principal gris, estilo visual vintage, zona esquina",gris,vintage,guitarra,esquina
"Crear camiseta de estilo vintage con motivo de guitarra en color gris, zona espalda",gris,vintage,guitarra,espalda
"Diseño para camiseta: calavera en posición centrado, color gris, estilo visual vintage",gris,vintage,calavera,centrado
"Camiseta color gris, estilo vintage, con estampado de calavera en zona pecho",gris,vintage,calavera,pecho
"Quiero estampado de calavera en zona esquina, color gris, estilo vintage",gris,vintage,calavera,esquina
Camiseta de color gris con motivo vintage de calavera en la zona espalda,gris,vintage,calavera,espalda
"Camiseta con estampado de lobo, color principal gris, estilo visual vintage, zona centrado",gris,vintage,lobo,centrado
"Crear camiseta de estilo vintage con motivo de lobo en color gris, zona pecho",gris,vintage,lobo,pecho
"Camiseta color gris, estilo vintage, con estampado de lobo en zona esquina",gris,vintage,lobo,esquina
"Diseño de camiseta: gráfico de lobo, color gris, estilo vintage, posición espalda",gris,vintage,lobo,espalda
"Crear camiseta de estilo vintage con motivo de águila en color gris, zona centrado",gris,vintage,águila,centrado
"Camiseta color gris, estilo vintage, con estampado de águila en zona pecho",gris,vintage,águila,pecho
"Camiseta color gris, estilo vintage, con estampado de águila en zona esquina",gris,vintage,águila,esquina
Camiseta de color gris con motivo vintage de águila en la zona espalda,gris,vintage,águila,espalda
"Camiseta de color gris, diseño de sol, estilo vintage, zona centrado",gris,vintage,sol,centrado
"Quiero una camiseta con diseño de sol en estilo vintage, color gris, posición pecho",gris,vintage,sol,pecho
"Necesito una camiseta con gráfico de sol en zona esquina, color gris, estilo vintage",gris,vintage,sol,esquina
"Camiseta con estampado de sol, color principal gris, estilo visual vintage, zona espalda",gris,vintage,sol,espalda
"Diseño para camiseta: árbol en posición centrado, color gris, estilo visual vintage",gris,vintage,árbol,centrado
"Crear camiseta de estilo vintage con motivo de árbol en color gris, zona pecho",gris,vintage,árbol,pecho
"Camiseta con estampado de árbol, color principal gris, estilo visual vintage, zona esquina",gris,vintage,árbol,esquina
"Necesito una camiseta con gráfico de árbol en zona espalda, color gris, estilo vintage",gris,vintage,árbol,espalda
"Diseño de camiseta: gráfico de automóvil, color gris, estilo vintage, posición centrado",gris,vintage,automóvil,centrado
"Camiseta con imagen de automóvil, color gris, estilo vintage, posición pecho",gris,vintage,automóvil,pecho
"Generar camiseta de estilo vintage, color gris, imagen de automóvil en zona esquina",gris,vintage,automóvil,esquina
"Camiseta color gris, estilo vintage, con estampado de automóvil en zona espalda",gris,vintage,automóvil,espalda
"Quiero estampado de dragón en zona centrado, color gris, estilo vintage",gris,vintage,dragón,centrado
"Quiero estampado de dragón en zona pecho, color gris, estilo vintage",gris,vintage,dragón,pecho
"Generar camiseta de estilo vintage, color gris, imagen de dragón en zona esquina",gris,vintage,dragón,esquina
"Diseño para camiseta: dragón en posición espalda, color gris, estilo visual vintage",gris,vintage,dragón,espalda
"Crear camiseta de estilo vintage con motivo de texto en color gris, zona centrado",gris,vintage,texto,centrado
"Quiero estampado de texto en zona pecho, color gris, estilo vintage",gris,vintage,texto,pecho
"Generar camiseta de estilo vintage, color gris, imagen de texto en zona esquina",gris,vintage,texto,esquina
"Generar camiseta de estilo vintage, color gris, imagen de texto en zona espalda",gris,vintage,texto,espalda
"Crear camiseta de estilo urbano con motivo de montaña en color gris, zona centrado",gris,urbano,montaña,centrado
"Camiseta color gris, estilo urbano, con estampado de montaña en zona pecho",gris,urbano,montaña,pecho
"Necesito una camiseta con gráfico de montaña en zona esquina, color gris, estilo urbano",gris,urbano,montaña,esquina
"Necesito una camiseta con gráfico de montaña en zona espalda, color gris, estilo urbano",gris,urbano,montaña,espalda
"Necesito una camiseta con gráfico de guitarra en zona centrado, color gris, estilo urbano",gris,urbano,guitarra,centrado
"Camiseta con estampado de guitarra, color principal gris, estilo visual urbano, zona pecho",gris,urbano,guitarra,pecho
"Quiero una camiseta con diseño de guitarra en estilo urbano, color gris, posición esquina",gris,urbano,guitarra,esquina
"Crear camiseta de estilo urbano con motivo de guitarra en color gris, zona espalda",gris,urbano,guitarra,espalda
"Camiseta con estampado de calavera, color principal gris, estilo visual urbano, zona centrado",gris,urbano,calavera,centrado
"Generar camiseta de estilo urbano, color gris, imagen de calavera en zona pecho",gris,urbano,calavera,pecho
"Quiero una camiseta con diseño de calavera en estilo urbano, color gris, posición esquina",gris,urbano,calavera,esquina
"Crear camiseta de estilo urbano con motivo de calavera en color gris, zona espalda",gris,urbano,calavera,espalda
"Quiero estampado de lobo en zona centrado, color gris, estilo urbano",gris,urbano,lobo,centrado
Camiseta de color gris con motivo urbano de lobo en la zona pecho,gris,urbano,lobo,pecho
"Crear camiseta de estilo urbano con motivo de lobo en color gris, zona esquina",gris,urbano,lobo,esquina
"Diseñar camiseta: elemento gráfico lobo, color gris, estilo urbano, ubicación espalda",gris,urbano,lobo,espalda
"Camiseta con estampado de águila, color principal gris, estilo visual urbano, zona centrado",gris,urbano,águila,centrado
"Camiseta con estampado de águila, color principal gris, estilo visual urbano, zona pecho",gris,urbano,águila,pecho
"Crear camiseta de estilo urbano con motivo de águila en color gris, zona esquina",gris,urbano,águila,esquina
"Camiseta color gris, estilo urbano, con estampado de águila en zona espalda",gris,urbano,águila,espalda
"Necesito una camiseta con gráfico de sol en zona centrado, color gris, estilo urbano",gris,urbano,sol,centrado
"Crear camiseta de estilo urbano con motivo de sol en color gris, zona pecho",gris,urbano,sol,pecho
"Camiseta con imagen de sol, color gris, estilo urbano, posición esquina",gris,urbano,sol,esquina
Camiseta de color gris con motivo urbano de sol en la zona espalda,gris,urbano,sol,espalda
"Quiero estampado de árbol en zona centrado, color gris, estilo urbano",gris,urbano,árbol,centrado
"Camiseta con imagen de árbol, color gris, estilo urbano, posición pecho",gris,urbano,árbol,pecho
"Necesito una camiseta con gráfico de árbol en zona esquina, color gris, estilo urbano",gris,urbano,árbol,esquina
"Quiero una camiseta con diseño de árbol en estilo urbano, color gris, posición espalda",gris,urbano,árbol,espalda
"Quiero diseño de automóvil en camiseta color gris, estilo urbano, ubicado en centrado",gris,urbano,automóvil,centrado
"Camiseta con estampado de automóvil, color principal gris, estilo visual urbano, zona pecho",gris,urbano,automóvil,pecho
"Necesito una camiseta con gráfico de automóvil en zona esquina, color gris, estilo urbano",gris,urbano,automóvil,esquina
"Camiseta con estampado de automóvil, color principal gris, estilo visual urbano, zona espalda",gris,urbano,automóvil,espalda
"Generar camiseta de estilo urbano, color gris, imagen de dragón en zona centrado",gris,urbano,dragón,centrado
"Diseñar camiseta: elemento gráfico dragón, color gris, estilo urbano, ubicación pecho",gris,urbano,dragón,pecho
"Necesito una camiseta con gráfico de dragón en zona esquina, color gris, estilo urbano",gris,urbano,dragón,esquina
"Camiseta de color gris, diseño de dragón, estilo urbano, zona espalda",gris,urbano,dragón,espalda
"Crear camiseta de estilo urbano con motivo de texto en color gris, zona centrado",gris,urbano,texto,centrado
"Quiero estampado de texto en zona pecho, color gris, estilo urbano",gris,urbano,texto,pecho
"Diseñar camiseta: elemento gráfico texto, color gris, estilo urbano, ubicación esquina",gris,urbano,texto,esquina
"Necesito una camiseta con gráfico de texto en zona espalda, color gris, estilo urbano",gris,urbano,texto,espalda
"Camiseta de color gris, diseño de montaña, estilo deportivo, zona centrado",gris,deportivo,montaña,centrado
"Camiseta de color gris, diseño de montaña, estilo deportivo, zona pecho",gris,deportivo,montaña,pecho
"Quiero estampado de montaña en zona esquina, color gris, estilo deportivo",gris,deportivo,montaña,esquina
"Necesito una camiseta con gráfico de montaña en zona espalda, color gris, estilo deportivo",gris,deportivo,montaña,espalda
"Crear camiseta de estilo deportivo con motivo de guitarra en color gris, zona centrado",gris,deportivo,guitarra,centrado
"Diseñar camiseta: elemento gráfico guitarra, color gris, estilo deportivo, ubicación pecho",gris,deportivo,guitarra,pecho
"Diseño de camiseta: gráfico de guitarra, color gris, estilo deportivo, posición esquina",gris,deportivo,guitarra,esquina
"Quiero diseño de guitarra en camiseta color gris, estilo deportivo, ubicado en espalda",gris,deportivo,guitarra,espalda
Camiseta de color gris con motivo deportivo de calavera en la zona centrado,gris,deportivo,calavera,centrado
"Camiseta color gris, estilo deportivo, con estampado de calavera en zona pecho",gris,deportivo,calavera,pecho
"Quiero una camiseta con diseño de calavera en estilo deportivo, color gris, posición esquina",gris,deportivo,calavera,esquina
"Quiero diseño de calavera en camiseta color gris, estilo deportivo, ubicado en espalda",gris,deportivo,calavera,espalda
"Camiseta de color gris, diseño de lobo, estilo deportivo, zona centrado",gris,deportivo,lobo,centrado
"Camiseta con imagen de lobo, color gris, estilo deportivo, posición pecho",gris,deportivo,lobo,pecho
"Necesito una camiseta con gráfico de lobo en zona esquina, color gris, estilo deportivo",gris,deportivo,lobo,esquina
"Camiseta color gris, estilo deportivo, con estampado de lobo en zona espalda",gris,deportivo,lobo,espalda
"Camiseta color gris, estilo deportivo, con estampado de águila en zona centrado",gris,deportivo,águila,centrado
"Camiseta color gris, estilo deportivo, con estampado de águila en zona pecho",gris,deportivo,águila,pecho
"Generar camiseta de estilo deportivo, color gris, imagen de águila en zona esquina",gris,deportivo,águila,esquina
"Diseñar camiseta: elemento gráfico águila, color gris, estilo deportivo, ubicación espalda",gris,deportivo,águila,espalda
"Camiseta de color gris, diseño de sol, estilo deportivo, zona centrado",gris,deportivo,sol,centrado
"Necesito una camiseta con gráfico de sol en zona pecho, color gris, estilo deportivo",gris,deportivo,sol,pecho
"Quiero diseño de sol en camiseta color gris, estilo deportivo, ubicado en esquina",gris,deportivo,sol,esquina
"Camiseta color gris, estilo deportivo, con estampado de sol en zona espalda",gris,deportivo,sol,espalda
"Quiero una camiseta con diseño de árbol en estilo deportivo, color gris, posición centrado",gris,deportivo,árbol,centrado
"Quiero diseño de árbol en camiseta color gris, estilo deportivo, ubicado en pecho",gris,deportivo,árbol,pecho
"Quiero una camiseta con diseño de árbol en estilo deportivo, color gris, posición esquina",gris,deportivo,árbol,esquina
"Diseño para camiseta: árbol en posición espalda, color gris, estilo visual deportivo",gris,deportivo,árbol,espalda
"Camiseta color gris, estilo deportivo, con estampado de automóvil en zona centrado",gris,deportivo,automóvil,centrado
"Quiero una camiseta con diseño de automóvil en estilo deportivo, color gris, posición pecho",gris,deportivo,automóvil,pecho
"Camiseta con imagen de automóvil, color gris, estilo deportivo, posición esquina",gris,deportivo,automóvil,esquina
"Diseño de camiseta: gráfico de automóvil, color gris, estilo deportivo, posición espalda",gris,deportivo,automóvil,espalda
"Diseño de camiseta: gráfico de dragón, color gris, estilo deportivo, posición centrado",gris,deportivo,dragón,centrado
"Camiseta de color gris, diseño de dragón, estilo deportivo, zona pecho",gris,deportivo,dragón,pecho
"Diseñar camiseta: elemento gráfico dragón, color gris, estilo deportivo, ubicación esquina",gris,deportivo,dragón,esquina
"Diseñar camiseta: elemento gráfico dragón, color gris, estilo deportivo, ubicación espalda",gris,deportivo,dragón,espalda
Camiseta de color gris con motivo deportivo de texto en la zona centrado,gris,deportivo,texto,centrado
"Camiseta con imagen de texto, color gris, estilo deportivo, posición pecho",gris,deportivo,texto,pecho
"Necesito una camiseta con gráfico de texto en zona esquina, color gris, estilo deportivo",gris,deportivo,texto,esquina
"Quiero una camiseta con diseño de texto en estilo deportivo, color gris, posición espalda",gris,deportivo,texto,espalda
"Camiseta con estampado de montaña, color principal gris, estilo visual retro, zona centrado",gris,retro,montaña,centrado
"Quiero una camiseta con diseño de montaña en estilo retro, color gris, posición pecho",gris,retro,montaña,pecho
"Quiero estampado de montaña en zona esquina, color gris, estilo retro",gris,retro,montaña,esquina
Camiseta de color gris con motivo retro de montaña en la zona espalda,gris,retro,montaña,espalda
"Diseño para camiseta: guitarra en posición centrado, color gris, estilo visual retro",gris,retro,guitarra,centrado
"Camiseta con imagen de guitarra, color gris, estilo retro, posición pecho",gris,retro,guitarra,pecho
"Camiseta con imagen de guitarra, color gris, estilo retro, posición esquina",gris,retro,guitarra,esquina
Camiseta de color gris con motivo retro de guitarra en la zona espalda,gris,retro,guitarra,espalda
"Camiseta con imagen de calavera, color gris, estilo retro, posición centrado",gris,retro,calavera,centrado
"Camiseta con estampado de calavera, color principal gris, estilo visual retro, zona pecho",gris,retro,calavera,pecho
Camiseta de color gris con motivo retro de calavera en la zona esquina,gris,retro,calavera,esquina
"Quiero estampado de calavera en zona espalda, color gris, estilo retro",gris,retro,calavera,espalda
"Diseño para camiseta: lobo en posición centrado, color gris, estilo visual retro",gris,retro,lobo,centrado
"Camiseta color gris, estilo retro, con estampado de lobo en zona pecho",gris,retro,lobo,pecho
"Camiseta color gris, estilo retro, con estampado de lobo en zona esquina",gris,retro,lobo,esquina
"Necesito una camiseta con gráfico de lobo en zona espalda, color gris, estilo retro",gris,retro,lobo,espalda
"Quiero diseño de águila en camiseta color gris, estilo retro, ubicado en centrado",gris,retro,águila,centrado
"Camiseta con imagen de águila, color gris, estilo retro, posición pecho",gris,retro,águila,pecho
"Diseño para camiseta: águila en posición esquina, color gris, estilo visual retro",gris,retro,águila,esquina
"Necesito una camiseta con gráfico de águila en zona espalda, color gris, estilo retro",gris,retro,águila,espalda
"Camiseta con imagen de sol, color gris, estilo retro, posición centrado",gris,retro,sol,centrado
"Camiseta con imagen de sol, color gris, estilo retro, posición pecho",gris,retro,sol,pecho
"Camiseta de color gris, diseño de sol, estilo retro, zona esquina",gris,retro,sol,esquina
"Camiseta con imagen de sol, color gris, estilo retro, posición espalda",gris,retro,sol,espalda
"Crear camiseta de estilo retro con motivo de árbol en color gris, zona centrado",gris,retro,árbol,centrado
"Quiero una camiseta con diseño de árbol en estilo retro, color gris, posición pecho",gris,retro,árbol,pecho
Camiseta de color gris con motivo retro de árbol en la zona esquina,gris,retro,árbol,esquina
"Camiseta con estampado de árbol, color principal gris, estilo visual retro, zona espalda",gris,retro,árbol,espalda
"Diseño de camiseta: gráfico de automóvil, color gris, estilo retro, posición centrado",gris,retro,automóvil,centrado
"Camiseta con estampado de automóvil, color principal gris, estilo visual retro, zona pecho",gris,retro,automóvil,pecho
"Necesito una camiseta con gráfico de automóvil en zona esquina, color gris, estilo retro",gris,retro,automóvil,esquina
"Diseño de camiseta: gráfico de automóvil, color gris, estilo retro, posición espalda",gris,retro,automóvil,espalda
"Quiero una camiseta con diseño de dragón en estilo retro, color gris, posición centrado",gris,retro,dragón,centrado
"Diseñar camiseta: elemento gráfico dragón, color gris, estilo retro, ubicación pecho",gris,retro,dragón,pecho
"Camiseta con estampado de dragón, color principal gris, estilo visual retro, zona esquina",gris,retro,dragón,esquina
"Diseñar camiseta: elemento gráfico dragón, color gris, estilo retro, ubicación espalda",gris,retro,dragón,espalda
"Quiero estampado de texto en zona centrado, color gris, estilo retro",gris,retro,texto,centrado
"Quiero una camiseta con diseño de texto en estilo retro, color gris, posición pecho",gris,retro,texto,pecho
"Diseñar camiseta: elemento gráfico texto, color gris, estilo retro, ubicación esquina",gris,retro,texto,esquina
"Camiseta de color gris, diseño de texto, estilo retro, zona espalda",gris,retro,texto,espalda
"Diseño para camiseta: guitarra en posición espalda, color azul, estilo visual retro",azul,retro,guitarra,espalda
"Camiseta color negro, estilo minimalista, con estampado de automóvil en zona esquina",negro,minimalista,automóvil,esquina
"Crear camiseta de estilo deportivo con motivo de calavera en color blanco, zona esquina",blanco,deportivo,calavera,esquina
"Camiseta con imagen de árbol, color blanco, estilo vintage, posición espalda",blanco,vintage,árbol,espalda
"Camiseta color verde, estilo urbano, con estampado de montaña en zona espalda",verde,urbano,montaña,espalda
"Necesito una camiseta con gráfico de lobo en zona centrado, color verde, estilo minimalista",verde,minimalista,lobo,centrado
"Camiseta de color gris, diseño de automóvil, estilo vintage, zona esquina",gris,vintage,automóvil,esquina
"Camiseta con estampado de árbol, color principal negro, estilo visual urbano, zona centrado",negro,urbano,árbol,centrado
"Necesito una camiseta con gráfico de árbol en zona esquina, color rojo, estilo urbano",rojo,urbano,árbol,esquina
"Crear camiseta de estilo minimalista con motivo de dragón en color negro, zona espalda",negro,minimalista,dragón,espalda
"Necesito una camiseta con gráfico de sol en zona esquina, color blanco, estilo vintage",blanco,vintage,sol,esquina
"Crear camiseta de estilo minimalista con motivo de guitarra en color azul, zona esquina",azul,minimalista,guitarra,esquina
"Quiero diseño de automóvil en camiseta color negro, estilo minimalista, ubicado en espalda",negro,minimalista,automóvil,espalda
"Camiseta color blanco, estilo minimalista, con estampado de texto en zona esquina",blanco,minimalista,texto,esquina
"Quiero una camiseta con diseño de águila en estilo retro, color azul, posición espalda",azul,retro,águila,espalda
"Diseño de camiseta: gráfico de lobo, color azul, estilo vintage, posición pecho",azul,vintage,lobo,pecho
"Camiseta con estampado de árbol, color principal blanco, estilo visual vintage, zona centrado",blanco,vintage,árbol,centrado
"Necesito una camiseta con gráfico de árbol en zona espalda, color azul, estilo urbano",azul,urbano,árbol,espalda
Camiseta de color verde con motivo retro de calavera en la zona espalda,verde,retro,calavera,espalda
Camiseta de color negro con motivo minimalista de guitarra en la zona espalda,negro,minimalista,guitarra,espalda
"Diseño de camiseta: gráfico de guitarra, color verde, estilo retro, posición esquina",verde,retro,guitarra,esquina
"Camiseta con imagen de texto, color verde, estilo minimalista, posición pecho",verde,minimalista,texto,pecho
"Diseño de camiseta: gráfico de calavera, color rojo, estilo minimalista, posición centrado",rojo,minimalista,calavera,centrado
Camiseta de color negro con motivo retro de árbol en la zona esquina,negro,retro,árbol,esquina
"Camiseta con estampado de automóvil, color principal gris, estilo visual deportivo, zona centrado",gris,deportivo,automóvil,centrado
"Diseño para camiseta: montaña en posición espalda, color rojo, estilo visual minimalista",rojo,minimalista,montaña,espalda
"Quiero una camiseta con diseño de automóvil en estilo urbano, color negro, posición espalda",negro,urbano,automóvil,espalda
"Quiero estampado de texto en zona centrado, color negro, estilo urbano",negro,urbano,texto,centrado
"Camiseta con estampado de águila, color principal gris, estilo visual minimalista, zona centrado",gris,minimalista,águila,centrado
"Diseño de camiseta: gráfico de guitarra, color azul, estilo deportivo, posición centrado",azul,deportivo,guitarra,centrado
"Diseñar camiseta: elemento gráfico calavera, color verde, estilo retro, ubicación centrado",verde,retro,calavera,centrado
"Necesito una camiseta con gráfico de dragón en zona espalda, color verde, estilo vintage",verde,vintage,dragón,espalda
"Quiero diseño de montaña en camiseta color azul, estilo vintage, ubicado en espalda",azul,vintage,montaña,espalda
"Diseñar camiseta: elemento gráfico guitarra, color gris, estilo retro, ubicación espalda",gris,retro,guitarra,espalda
"Quiero una camiseta con diseño de lobo en estilo vintage, color rojo, posición esquina",rojo,vintage,lobo,esquina
"Camiseta de color azul, diseño de sol, estilo vintage, zona esquina",azul,vintage,sol,esquina
"Diseñar camiseta: elemento gráfico dragón, color verde, estilo retro, ubicación espalda",verde,retro,dragón,espalda
Camiseta de color azul con motivo deportivo de sol en la zona esquina,azul,deportivo,sol,esquina
"Necesito una camiseta con gráfico de dragón en zona esquina, color gris, estilo minimalista",gris,minimalista,dragón,esquina
"Camiseta con imagen de lobo, color azul, estilo urbano, posición centrado",azul,urbano,lobo,centrado
"Crear camiseta de estilo vintage con motivo de guitarra en color verde, zona pecho",verde,vintage,guitarra,pecho
"Quiero diseño de lobo en camiseta color negro, estilo vintage, ubicado en esquina",negro,vintage,lobo,esquina
"Camiseta con imagen de dragón, color blanco, estilo vintage, posición pecho",blanco,vintage,dragón,pecho
"Necesito una camiseta con gráfico de árbol en zona espalda, color blanco, estilo deportivo",blanco,deportivo,árbol,espalda
"Camiseta color negro, estilo urbano, con estampado de lobo en zona espalda",negro,urbano,lobo,espalda
"Quiero una camiseta con diseño de texto en estilo vintage, color blanco, posición espalda",blanco,vintage,texto,espalda
"Camiseta color negro, estilo deportivo, con estampado de montaña en zona pecho",negro,deportivo,montaña,pecho
"Crear camiseta de estilo deportivo con motivo de lobo en color blanco, zona pecho",blanco,deportivo,lobo,pecho
"Necesito una camiseta con gráfico de montaña en zona esquina, color azul, estilo retro",azul,retro,montaña,esquina
"Crear camiseta de estilo minimalista con motivo de texto en color rojo, zona pecho",rojo,minimalista,texto,pecho
"Diseño para camiseta: guitarra en posición centrado, color rojo, estilo visual vintage",rojo,vintage,guitarra,centrado
"Necesito una camiseta con gráfico de calavera en zona espalda, color blanco, estilo vintage",blanco,vintage,calavera,espalda
"Quiero estampado de montaña en zona centrado, color blanco, estilo deportivo",blanco,deportivo,montaña,centrado
"Quiero estampado de montaña en zona espalda, color gris, estilo deportivo",gris,deportivo,montaña,espalda
"Camiseta color azul, estilo retro, con estampado de águila en zona pecho",azul,retro,águila,pecho
"Camiseta color azul, estilo deportivo, con estampado de calavera en zona esquina",azul,deportivo,calavera,esquina
"Quiero una camiseta con diseño de guitarra en estilo minimalista, color blanco, posición pecho",blanco,minimalista,guitarra,pecho
"Camiseta con imagen de dragón, color verde, estilo vintage, posición esquina",verde,vintage,dragón,esquina
"Camiseta de color negro, diseño de texto, estilo retro, zona centrado",negro,retro,texto,centrado
"Diseño para camiseta: lobo en posición espalda, color rojo, estilo visual vintage",rojo,vintage,lobo,espalda
"Crear camiseta de estilo retro con motivo de árbol en color gris, zona espalda",gris,retro,árbol,espalda
"Generar camiseta de estilo retro, color azul, imagen de guitarra en zona espalda",azul,retro,guitarra,espalda
"Camiseta con imagen de automóvil, color azul, estilo vintage, posición centrado",azul,vintage,automóvil,centrado
"Necesito una camiseta con gráfico de sol en zona pecho, color verde, estilo minimalista",verde,minimalista,sol,pecho
"Camiseta de color gris, diseño de calavera, estilo minimalista, zona espalda",gris,minimalista,calavera,espalda
"Quiero una camiseta con diseño de calavera en estilo deportivo, color verde, posición espalda",verde,deportivo,calavera,espalda
"Camiseta con estampado de dragón, color principal blanco, estilo visual vintage, zona esquina",blanco,vintage,dragón,esquina
"Diseño de camiseta: gráfico de texto, color negro, estilo minimalista, posición esquina",negro,minimalista,texto,esquina
"Quiero diseño de águila en camiseta color blanco, estilo retro, ubicado en esquina",blanco,retro,águila,esquina
"Quiero diseño de montaña en camiseta color blanco, estilo deportivo, ubicado en pecho",blanco,deportivo,montaña,pecho
"Camiseta con imagen de lobo, color blanco, estilo vintage, posición pecho",blanco,vintage,lobo,pecho
"Camiseta con imagen de calavera, color gris, estilo deportivo, posición espalda",gris,deportivo,calavera,espalda
"Camiseta de color gris, diseño de calavera, estilo vintage, zona espalda",gris,vintage,calavera,espalda
Camiseta de color blanco con motivo retro de águila en la zona pecho,blanco,retro,águila,pecho
"Diseño de camiseta: gráfico de árbol, color azul, estilo retro, posición esquina",azul,retro,árbol,esquina
"Quiero diseño de dragón en camiseta color rojo, estilo vintage, ubicado en esquina",rojo,vintage,dragón,esquina
"Necesito una camiseta con gráfico de águila en zona pecho, color gris, estilo urbano",gris,urbano,águila,pecho
"Camiseta con imagen de automóvil, color rojo, estilo deportivo, posición esquina",rojo,deportivo,automóvil,esquina
"Camiseta de color blanco, diseño de texto, estilo urbano, zona pecho",blanco,urbano,texto,pecho
Camiseta de color blanco con motivo urbano de lobo en la zona espalda,blanco,urbano,lobo,espalda
Camiseta de color azul con motivo vintage de dragón en la zona pecho,azul,vintage,dragón,pecho
"Diseñar camiseta: elemento gráfico dragón, color blanco, estilo urbano, ubicación espalda",blanco,urbano,dragón,espalda
"Camiseta color azul, estilo urbano, con estampado de sol en zona pecho",azul,urbano,sol,pecho
"Quiero estampado de texto en zona pecho, color gris, estilo vintage",gris,vintage,texto,pecho
"Diseño de camiseta: gráfico de texto, color rojo, estilo vintage, posición espalda",rojo,vintage,texto,espalda
"Camiseta color blanco, estilo vintage, con estampado de sol en zona espalda",blanco,vintage,sol,espalda
"Necesito una camiseta con gráfico de texto en zona pecho, color gris, estilo retro",gris,retro,texto,pecho
"Diseñar camiseta: elemento gráfico calavera, color azul, estilo minimalista, ubicación espalda",azul,minimalista,calavera,espalda
"Camiseta con imagen de automóvil, color negro, estilo urbano, posición pecho",negro,urbano,automóvil,pecho
"Diseño para camiseta: águila en posición centrado, color negro, estilo visual vintage",negro,vintage,águila,centrado
"Diseño de camiseta: gráfico de calavera, color negro, estilo deportivo, posición espalda",negro,deportivo,calavera,espalda
"Quiero diseño de dragón en camiseta color azul, estilo deportivo, ubicado en centrado",azul,deportivo,dragón,centrado
"Camiseta color verde, estilo deportivo, con estampado de automóvil en zona esquina",verde,deportivo,automóvil,esquina
"Quiero una camiseta con diseño de árbol en estilo urbano, color rojo, posición esquina",rojo,urbano,árbol,esquina
"Camiseta color negro, estilo vintage, con estampado de texto en zona centrado",negro,vintage,texto,centrado
"Generar camiseta de estilo vintage, color rojo, imagen de águila en zona pecho",rojo,vintage,águila,pecho
"Diseño para camiseta: dragón en posición espalda, color gris, estilo visual retro",gris,retro,dragón,espalda
"Generar camiseta de estilo minimalista, color azul, imagen de dragón en zona esquina",azul,minimalista,dragón,esquina
"Generar camiseta de estilo retro, color gris, imagen de guitarra en zona pecho",gris,retro,guitarra,pecho
"Diseño de camiseta: gráfico de dragón, color gris, estilo minimalista, posición centrado",gris,minimalista,dragón,centrado
"Quiero una camiseta con diseño de lobo en estilo minimalista, color negro, posición pecho",negro,minimalista,lobo,pecho
"Quiero diseño de árbol en camiseta color verde, estilo vintage, ubicado en centrado",verde,vintage,árbol,centrado
"Diseñar camiseta: elemento gráfico águila, color verde, estilo minimalista, ubicación esquina",verde,minimalista,águila,esquina
"Generar camiseta de estilo vintage, color azul, imagen de guitarra en zona centrado",azul,vintage,guitarra,centrado
"Diseño para camiseta: montaña en posición centrado, color blanco, estilo visual deportivo",blanco,deportivo,montaña,centrado
"Crear camiseta de estilo retro con motivo de calavera en color azul, zona pecho",azul,retro,calavera,pecho
"Camiseta color negro, estilo deportivo, con estampado de lobo en zona pecho",negro,deportivo,lobo,pecho
"Necesito una camiseta con gráfico de montaña en zona pecho, color rojo, estilo deportivo",rojo,deportivo,montaña,pecho
"Diseño de camiseta: gráfico de árbol, color rojo, estilo deportivo, posición centrado",rojo,deportivo,árbol,centrado
"Diseño para camiseta: árbol en posición centrado, color gris, estilo visual deportivo",gris,deportivo,árbol,centrado
"Quiero diseño de calavera en camiseta color gris, estilo vintage, ubicado en espalda",gris,vintage,calavera,espalda
Camiseta de color blanco con motivo urbano de texto en la zona centrado,blanco,urbano,texto,centrado
"Quiero estampado de montaña en zona centrado, color azul, estilo minimalista",azul,minimalista,montaña,centrado
"Camiseta de color blanco, diseño de lobo, estilo minimalista, zona esquina",blanco,minimalista,lobo,esquina
"Camiseta color gris, estilo urbano, con estampado de lobo en zona espalda",gris,urbano,lobo,espalda
"Quiero una camiseta con diseño de guitarra en estilo vintage, color gris, posición centrado",gris,vintage,guitarra,centrado
"Generar camiseta de estilo deportivo, color blanco, imagen de texto en zona esquina",blanco,deportivo,texto,esquina
"Necesito una camiseta con gráfico de guitarra en zona esquina, color azul, estilo retro",azul,retro,guitarra,esquina
"Generar camiseta de estilo deportivo, color azul, imagen de calavera en zona esquina",azul,deportivo,calavera,esquina
"Quiero una camiseta con diseño de sol en estilo retro, color negro, posición espalda",negro,retro,sol,espalda
Camiseta de color verde con motivo urbano de dragón en la zona espalda,verde,urbano,dragón,espalda
"Diseño para camiseta: guitarra en posición espalda, color azul, estilo visual vintage",azul,vintage,guitarra,espalda
"Quiero diseño de lobo en camiseta color verde, estilo deportivo, ubicado en esquina",verde,deportivo,lobo,esquina
"Quiero estampado de texto en zona centrado, color azul, estilo minimalista",azul,minimalista,texto,centrado
"Quiero diseño de montaña en camiseta color negro, estilo minimalista, ubicado en centrado",negro,minimalista,montaña,centrado
"Camiseta de color blanco, diseño de automóvil, estilo retro, zona centrado",blanco,retro,automóvil,centrado
"Diseño de camiseta: gráfico de sol, color negro, estilo minimalista, posición espalda",negro,minimalista,sol,espalda
"Quiero diseño de dragón en camiseta color gris, estilo urbano, ubicado en esquina",gris,urbano,dragón,esquina
"Quiero estampado de lobo en zona esquina, color gris, estilo vintage",gris,vintage,lobo,esquina
"Camiseta color verde, estilo retro, con estampado de texto en zona pecho",verde,retro,texto,pecho
"Diseño para camiseta: calavera en posición pecho, color blanco, estilo visual retro",blanco,retro,calavera,pecho
"Camiseta de color negro, diseño de automóvil, estilo vintage, zona pecho",negro,vintage,automóvil,pecho
"Camiseta con estampado de lobo, color principal gris, estilo visual vintage, zona pecho",gris,vintage,lobo,pecho
"Quiero estampado de águila en zona centrado, color gris, estilo deportivo",gris,deportivo,águila,centrado
"Generar camiseta de estilo urbano, color negro, imagen de sol en zona esquina",negro,urbano,sol,esquina
"Camiseta con imagen de sol, color rojo, estilo retro, posición espalda",rojo,retro,sol,espalda
Camiseta de color negro con motivo urbano de montaña en la zona espalda,negro,urbano,montaña,espalda
"Camiseta color verde, estilo urbano, con estampado de dragón en zona centrado",verde,urbano,dragón,centrado
"Diseño de camiseta: gráfico de texto, color verde, estilo urbano, posición espalda",verde,urbano,texto,espalda
"Camiseta color negro, estilo deportivo, con estampado de dragón en zona esquina",negro,deportivo,dragón,esquina
Camiseta de color rojo con motivo retro de calavera en la zona esquina,rojo,retro,calavera,esquina
"Camiseta de color azul, diseño de águila, estilo vintage, zona espalda",azul,vintage,águila,espalda
"Camiseta con estampado de texto, color principal blanco, estilo visual urbano, zona esquina",blanco,urbano,texto,esquina
"Necesito una camiseta con gráfico de guitarra en zona esquina, color gris, estilo vintage",gris,vintage,guitarra,esquina
"Quiero estampado de árbol en zona espalda, color rojo, estilo urbano",rojo,urbano,árbol,espalda
"Diseñar camiseta: elemento gráfico lobo, color blanco, estilo vintage, ubicación esquina",blanco,vintage,lobo,esquina
"Necesito una camiseta con gráfico de guitarra en zona espalda, color azul, estilo vintage",azul,vintage,guitarra,espalda
"Camiseta color verde, estilo vintage, con estampado de dragón en zona espalda",verde,vintage,dragón,espalda
"Crear camiseta de estilo vintage con motivo de montaña en color blanco, zona pecho",blanco,vintage,montaña,pecho
"Camiseta color blanco, estilo retro, con estampado de lobo en zona esquina",blanco,retro,lobo,esquina
"Quiero una camiseta con diseño de dragón en estilo retro, color gris, posición esquina",gris,retro,dragón,esquina
"Camiseta de color azul, diseño de águila, estilo retro, zona espalda",azul,retro,águila,espalda
"Diseño de camiseta: gráfico de guitarra, color rojo, estilo deportivo, posición pecho",rojo,deportivo,guitarra,pecho
"Camiseta con imagen de sol, color azul, estilo minimalista, posición pecho",azul,minimalista,sol,pecho
Camiseta de color negro con motivo deportivo de árbol en la zona pecho,negro,deportivo,árbol,pecho
"Camiseta con estampado de automóvil, color principal blanco, estilo visual vintage, zona pecho",blanco,vintage,automóvil,pecho
"Crear camiseta de estilo minimalista con motivo de guitarra en color rojo, zona pecho",rojo,minimalista,guitarra,pecho
"Diseñar camiseta: elemento gráfico árbol, color azul, estilo urbano, ubicación pecho",azul,urbano,árbol,pecho
"Necesito una camiseta con gráfico de texto en zona centrado, color blanco, estilo vintage",blanco,vintage,texto,centrado
"Quiero estampado de árbol en zona centrado, color blanco, estilo vintage",blanco,vintage,árbol,centrado
"Camiseta de color negro, diseño de guitarra, estilo urbano, zona pecho",negro,urbano,guitarra,pecho
"Quiero estampado de texto en zona pecho, color azul, estilo deportivo",azul,deportivo,texto,pecho
"Diseño para camiseta: dragón en posición esquina, color blanco, estilo visual vintage",blanco,vintage,dragón,esquina
"Quiero una camiseta con diseño de guitarra en estilo urbano, color gris, posición esquina",gris,urbano,guitarra,esquina
"Camiseta con estampado de automóvil, color principal gris, estilo visual minimalista, zona espalda",gris,minimalista,automóvil,espalda
"Quiero diseño de guitarra en camiseta color negro, estilo urbano, ubicado en pecho",negro,urbano,guitarra,pecho
"Quiero una camiseta con diseño de guitarra en estilo urbano, color blanco, posición pecho",blanco,urbano,guitarra,pecho
"Camiseta color verde, estilo minimalista, con estampado de montaña en zona esquina",verde,minimalista,montaña,esquina
"Quiero una camiseta con diseño de águila en estilo vintage, color blanco, posición pecho",blanco,vintage,águila,pecho
"Diseño de camiseta: gráfico de texto, color negro, estilo deportivo, posición esquina",negro,deportivo,texto,esquina
"Quiero diseño de montaña en camiseta color gris, estilo deportivo, ubicado en esquina",gris,deportivo,montaña,esquina
"Diseñar camiseta: elemento gráfico guitarra, color azul, estilo urbano, ubicación pecho",azul,urbano,guitarra,pecho
"Camiseta color rojo, estilo retro, con estampado de guitarra en zona espalda",rojo,retro,guitarra,espalda
"Crear camiseta de estilo deportivo con motivo de sol en color verde, zona pecho",verde,deportivo,sol,pecho
"Necesito una camiseta con gráfico de calavera en zona centrado, color verde, estilo retro",verde,retro,calavera,centrado
"Quiero estampado de automóvil en zona centrado, color blanco, estilo minimalista",blanco,minimalista,automóvil,centrado
"Crear camiseta de estilo urbano con motivo de texto en color negro, zona centrado",negro,urbano,texto,centrado
"Necesito una camiseta con gráfico de texto en zona pecho, color rojo, estilo urbano",rojo,urbano,texto,pecho
"Diseño para camiseta: automóvil en posición centrado, color rojo, estilo visual urbano",rojo,urbano,automóvil,centrado
"Quiero diseño de montaña en camiseta color rojo, estilo retro, ubicado en centrado",rojo,retro,montaña,centrado
"Camiseta color verde, estilo vintage, con estampado de dragón en zona esquina",verde,vintage,dragón,esquina
"Camiseta color verde, estilo minimalista, con estampado de calavera en zona centrado",verde,minimalista,calavera,centrado
"Camiseta con estampado de sol, color principal gris, estilo visual retro, zona centrado",gris,retro,sol,centrado
"Camiseta color negro, estilo urbano, con estampado de texto en zona esquina",negro,urbano,texto,esquina
"Quiero estampado de montaña en zona espalda, color rojo, estilo urbano",rojo,urbano,montaña,espalda
"Diseñar camiseta: elemento gráfico guitarra, color rojo, estilo minimalista, ubicación espalda",rojo,minimalista,guitarra,espalda
"Diseño para camiseta: dragón en posición esquina, color gris, estilo visual minimalista",gris,minimalista,dragón,esquina
"Camiseta con estampado de águila, color principal blanco, estilo visual urbano, zona esquina",blanco,urbano,águila,esquina
"Camiseta con imagen de automóvil, color blanco, estilo minimalista, posición centrado",blanco,minimalista,automóvil,centrado
"Quiero estampado de águila en zona esquina, color rojo, estilo deportivo",rojo,deportivo,águila,esquina
"Crear camiseta de estilo urbano con motivo de árbol en color rojo, zona esquina",rojo,urbano,árbol,esquina
"Diseñar camiseta: elemento gráfico lobo, color blanco, estilo deportivo, ubicación esquina",blanco,deportivo,lobo,esquina
"Quiero diseño de águila en camiseta color blanco, estilo urbano, ubicado en espalda",blanco,urbano,águila,espalda
"Quiero una camiseta con diseño de árbol en estilo urbano, color gris, posición espalda",gris,urbano,árbol,espalda
"Necesito una camiseta con gráfico de calavera en zona espalda, color rojo, estilo deportivo",rojo,deportivo,calavera,espalda
Camiseta de color gris con motivo minimalista de dragón en la zona pecho,gris,minimalista,dragón,pecho
Camiseta de color azul con motivo vintage de sol en la zona centrado,azul,vintage,sol,centrado
"Quiero diseño de sol en camiseta color negro, estilo vintage, ubicado en centrado",negro,vintage,sol,centrado
"Diseño para camiseta: texto en posición espalda, color gris, estilo visual retro",gris,retro,texto,espalda
"Generar camiseta de estilo minimalista, color gris, imagen de montaña en zona espalda",gris,minimalista,montaña,espalda
Camiseta de color gris con motivo retro de montaña en la zona esquina,gris,retro,montaña,esquina
"Quiero estampado de automóvil en zona espalda, color gris, estilo urbano",gris,urbano,automóvil,espalda
"Necesito una camiseta con gráfico de águila en zona esquina, color gris, estilo minimalista",gris,minimalista,águila,esquina
"Quiero diseño de texto en camiseta color negro, estilo retro, ubicado en espalda",negro,retro,texto,espalda
"Camiseta de color rojo, diseño de sol, estilo retro, zona esquina",rojo,retro,sol,esquina
"Necesito una camiseta con gráfico de águila en zona centrado, color blanco, estilo vintage",blanco,vintage,águila,centrado
"Crear camiseta de estilo urbano con motivo de montaña en color rojo, zona pecho",rojo,urbano,montaña,pecho
"Necesito una camiseta con gráfico de automóvil en zona esquina, color negro, estilo vintage",negro,vintage,automóvil,esquina
"Quiero diseño de lobo en camiseta color rojo, estilo vintage, ubicado en esquina",rojo,vintage,lobo,esquina
"Camiseta con imagen de sol, color gris, estilo retro, posición esquina",gris,retro,sol,esquina
"Camiseta con imagen de texto, color blanco, estilo urbano, posición esquina",blanco,urbano,texto,esquina
"Diseño de camiseta: gráfico de sol, color verde, estilo deportivo, posición centrado",verde,deportivo,sol,centrado
"Camiseta color rojo, estilo deportivo, con estampado de árbol en zona esquina",rojo,deportivo,árbol,esquina
"Quiero diseño de árbol en camiseta color rojo, estilo urbano, ubicado en espalda",rojo,urbano,árbol,espalda
"Diseñar camiseta: elemento gráfico automóvil, color gris, estilo deportivo, ubicación centrado",gris,deportivo,automóvil,centrado
"Camiseta color gris, estilo retro, con estampado de dragón en zona esquina",gris,retro,dragón,esquina
"Quiero estampado de árbol en zona esquina, color azul, estilo vintage",azul,vintage,árbol,esquina
"Camiseta color verde, estilo vintage, con estampado de sol en zona esquina",verde,vintage,sol,esquina
"Generar camiseta de estilo retro, color negro, imagen de árbol en zona pecho",negro,retro,árbol,pecho
"Generar camiseta de estilo deportivo, color blanco, imagen de texto en zona centrado",blanco,deportivo,texto,centrado
"Quiero estampado de montaña en zona esquina, color gris, estilo retro",gris,retro,montaña,esquina
Camiseta de color azul con motivo urbano de lobo en la zona espalda,azul,urbano,lobo,espalda
"Quiero estampado de calavera en zona esquina, color azul, estilo vintage",azul,vintage,calavera,esquina
"Diseño para camiseta: águila en posición pecho, color verde, estilo visual urbano",verde,urbano,águila,pecho
"Camiseta color negro, estilo vintage, con estampado de automóvil en zona centrado",negro,vintage,automóvil,centrado
"Generar camiseta de estilo urbano, color azul, imagen de sol en zona pecho",azul,urbano,sol,pecho
"Quiero diseño de montaña en camiseta color azul, estilo minimalista, ubicado en espalda",azul,minimalista,montaña,espalda
"Camiseta con estampado de sol, color principal gris, estilo visual minimalista, zona espalda",gris,minimalista,sol,espalda
"Crear camiseta de estilo retro con motivo de automóvil en color negro, zona centrado",negro,retro,automóvil,centrado
"Camiseta con estampado de dragón, color principal gris, estilo visual deportivo, zona centrado",gris,deportivo,dragón,centrado
"Camiseta con imagen de águila, color negro, estilo urbano, posición centrado",negro,urbano,águila,centrado
"Diseño para camiseta: sol en posición esquina, color blanco, estilo visual minimalista",blanco,minimalista,sol,esquina
"Camiseta con estampado de dragón, color principal azul, estilo visual urbano, zona esquina",azul,urbano,dragón,esquina
"Quiero diseño de calavera en camiseta color verde, estilo minimalista, ubicado en esquina",verde,minimalista,calavera,esquina
Camiseta de color blanco con motivo urbano de montaña en la zona esquina,blanco,urbano,montaña,esquina
"Diseño para camiseta: sol en posición espalda, color negro, estilo visual deportivo",negro,deportivo,sol,espalda
"Camiseta de color gris, diseño de automóvil, estilo vintage, zona centrado",gris,vintage,automóvil,centrado
"Generar camiseta de estilo urbano, color blanco, imagen de lobo en zona espalda",blanco,urbano,lobo,espalda
"Crear camiseta de estilo urbano con motivo de dragón en color azul, zona pecho",azul,urbano,dragón,pecho
"Camiseta color azul, estilo deportivo, con estampado de sol en zona espalda",azul,deportivo,sol,espalda
"Crear camiseta de estilo urbano con motivo de sol en color rojo, zona espalda",rojo,urbano,sol,espalda
Camiseta de color azul con motivo urbano de sol en la zona centrado,azul,urbano,sol,centrado
"Diseño para camiseta: árbol en posición espalda, color azul, estilo visual minimalista",azul,minimalista,árbol,espalda
"Diseño para camiseta: montaña en posición pecho, color gris, estilo visual deportivo",gris,deportivo,montaña,pecho
"Diseño de camiseta: gráfico de guitarra, color blanco, estilo vintage, posición pecho",blanco,vintage,guitarra,pecho
Camiseta de color verde con motivo vintage de águila en la zona espalda,verde,vintage,águila,espalda
"Quiero diseño de guitarra en camiseta color blanco, estilo urbano, ubicado en esquina",blanco,urbano,guitarra,esquina
"Diseño de camiseta: gráfico de dragón, color rojo, estilo vintage, posición esquina",rojo,vintage,dragón,esquina
"Diseñar camiseta: elemento gráfico guitarra, color verde, estilo minimalista, ubicación esquina",verde,minimalista,guitarra,esquina
"Camiseta color blanco, estilo deportivo, con estampado de texto en zona espalda",blanco,deportivo,texto,espalda
"Camiseta de color blanco, diseño de águila, estilo retro, zona espalda",blanco,retro,águila,espalda
"Diseñar camiseta: elemento gráfico sol, color verde, estilo urbano, ubicación esquina",verde,urbano,sol,esquina
"Quiero estampado de guitarra en zona espalda, color negro, estilo urbano",negro,urbano,guitarra,espalda
"Camiseta con imagen de automóvil, color rojo, estilo deportivo, posición pecho",rojo,deportivo,automóvil,pecho
"Generar camiseta de estilo retro, color gris, imagen de texto en zona esquina",gris,retro,texto,esquina
"Quiero diseño de dragón en camiseta color gris, estilo retro, ubicado en espalda",gris,retro,dragón,espalda
"Quiero una camiseta con diseño de guitarra en estilo urbano, color negro, posición espalda",negro,urbano,guitarra,espalda
"Quiero diseño de lobo en camiseta color blanco, estilo vintage, ubicado en espalda",blanco,vintage,lobo,espalda
"Quiero diseño de texto en camiseta color blanco, estilo urbano, ubicado en esquina",blanco,urbano,texto,esquina
"Camiseta color gris, estilo urbano, con estampado de texto en zona espalda",gris,urbano,texto,espalda
"Quiero una camiseta con diseño de águila en estilo vintage, color gris, posición pecho",gris,vintage,águila,pecho
"Quiero estampado de lobo en zona espalda, color gris, estilo vintage",gris,vintage,lobo,espalda
"Camiseta color rojo, estilo vintage, con estampado de montaña en zona espalda",rojo,vintage,montaña,espalda
"Camiseta de color negro, diseño de automóvil, estilo retro, zona pecho",negro,retro,automóvil,pecho
"Crear camiseta de estilo minimalista con motivo de montaña en color gris, zona centrado",gris,minimalista,montaña,centrado
"Diseñar camiseta: elemento gráfico guitarra, color verde, estilo vintage, ubicación centrado",verde,vintage,guitarra,centrado
"Diseño para camiseta: lobo en posición esquina, color azul, estilo visual deportivo",azul,deportivo,lobo,esquina
"Quiero diseño de árbol en camiseta color gris, estilo retro, ubicado en centrado",gris,retro,árbol,centrado
"Diseño de camiseta: gráfico de árbol, color azul, estilo retro, posición centrado",azul,retro,árbol,centrado
"Diseñar camiseta: elemento gráfico calavera, color negro, estilo minimalista, ubicación pecho",negro,minimalista,calavera,pecho
"Quiero una camiseta con diseño de sol en estilo retro, color verde, posición centrado",verde,retro,sol,centrado
"Camiseta color blanco, estilo deportivo, con estampado de texto en zona espalda",blanco,deportivo,texto,espalda
Camiseta de color azul con motivo retro de texto en la zona centrado,azul,retro,texto,centrado
"Necesito una camiseta con gráfico de guitarra en zona esquina, color gris, estilo deportivo",gris,deportivo,guitarra,esquina
"Generar camiseta de estilo retro, color negro, imagen de montaña en zona pecho",negro,retro,montaña,pecho
"Camiseta con imagen de águila, color negro, estilo deportivo, posición esquina",negro,deportivo,águila,esquina
"Crear camiseta de estilo deportivo con motivo de calavera en color negro, zona centrado",negro,deportivo,calavera,centrado
"Diseño para camiseta: sol en posición espalda, color azul, estilo visual vintage",azul,vintage,sol,espalda
"Diseño de camiseta: gráfico de guitarra, color blanco, estilo deportivo, posición esquina",blanco,deportivo,guitarra,esquina
"Quiero una camiseta con diseño de guitarra en estilo deportivo, color azul, posición pecho",azul,deportivo,guitarra,pecho
"Quiero diseño de sol en camiseta color verde, estilo vintage, ubicado en pecho",verde,vintage,sol,pecho
"Generar camiseta de estilo vintage, color blanco, imagen de guitarra en zona centrado",blanco,vintage,guitarra,centrado
"Quiero diseño de montaña en camiseta color azul, estilo retro, ubicado en pecho",azul,retro,montaña,pecho
"Diseño de camiseta: gráfico de texto, color blanco, estilo urbano, posición centrado",blanco,urbano,texto,centrado
"Quiero diseño de árbol en camiseta color rojo, estilo retro, ubicado en esquina",rojo,retro,árbol,esquina
"Quiero estampado de guitarra en zona esquina, color gris, estilo urbano",gris,urbano,guitarra,esquina
"Diseño para camiseta: lobo en posición espalda, color gris, estilo visual minimalista",gris,minimalista,lobo,espalda
"Generar camiseta de estilo urbano, color negro, imagen de automóvil en zona esquina",negro,urbano,automóvil,esquina
"Diseño de camiseta: gráfico de automóvil, color rojo, estilo urbano, posición centrado",rojo,urbano,automóvil,centrado
"Crear camiseta de estilo deportivo con motivo de lobo en color blanco, zona centrado",blanco,deportivo,lobo,centrado
Camiseta de color negro con motivo minimalista de guitarra en la zona centrado,negro,minimalista,guitarra,centrado
"Camiseta color verde, estilo deportivo, con estampado de guitarra en zona pecho",verde,deportivo,guitarra,pecho
"Quiero diseño de guitarra en camiseta color azul, estilo retro, ubicado en centrado",azul,retro,guitarra,centrado
"Quiero estampado de dragón en zona esquina, color blanco, estilo urbano",blanco,urbano,dragón,esquina
"Camiseta de color verde, diseño de calavera, estilo urbano, zona pecho",verde,urbano,calavera,pecho
"Camiseta con imagen de sol, color azul, estilo vintage, posición esquina",azul,vintage,sol,esquina
"Quiero una camiseta con diseño de dragón en estilo urbano, color rojo, posición pecho",rojo,urbano,dragón,pecho
"Camiseta con estampado de calavera, color principal negro, estilo visual minimalista, zona espalda",negro,minimalista,calavera,espalda
"Diseño de camiseta: gráfico de calavera, color negro, estilo urbano, posición esquina",negro,urbano,calavera,esquina
"Diseño de camiseta: gráfico de águila, color gris, estilo vintage, posición espalda",gris,vintage,águila,espalda
"Necesito una camiseta con gráfico de guitarra en zona centrado, color gris, estilo urbano",gris,urbano,guitarra,centrado
"Camiseta con estampado de lobo, color principal azul, estilo visual vintage, zona esquina",azul,vintage,lobo,esquina
"Crear camiseta de estilo minimalista con motivo de montaña en color gris, zona pecho",gris,minimalista,montaña,pecho
"Quiero una camiseta con diseño de águila en estilo urbano, color azul, posición espalda",azul,urbano,águila,espalda
"Diseño para camiseta: águila en posición pecho, color negro, estilo visual retro",negro,retro,águila,pecho
"Quiero una camiseta con diseño de dragón en estilo deportivo, color negro, posición centrado",negro,deportivo,dragón,centrado
Camiseta de color blanco con motivo retro de calavera en la zona pecho,blanco,retro,calavera,pecho
"Diseño de camiseta: gráfico de texto, color gris, estilo vintage, posición esquina",gris,vintage,texto,esquina
"Crear camiseta de estilo deportivo con motivo de dragón en color verde, zona espalda",verde,deportivo,dragón,espalda
"Quiero diseño de dragón en camiseta color gris, estilo minimalista, ubicado en centrado",gris,minimalista,dragón,centrado
"Quiero una camiseta con diseño de texto en estilo vintage, color gris, posición esquina",gris,vintage,texto,esquina
"Camiseta color blanco, estilo vintage, con estampado de lobo en zona centrado",blanco,vintage,lobo,centrado
"Diseñar camiseta: elemento gráfico águila, color blanco, estilo urbano, ubicación espalda",blanco,urbano,águila,espalda
"Crear camiseta de estilo deportivo con motivo de montaña en color negro, zona espalda",negro,deportivo,montaña,espalda
"Necesito una camiseta con gráfico de águila en zona centrado, color verde, estilo deportivo",verde,deportivo,águila,centrado
"Camiseta de color gris, diseño de sol, estilo vintage, zona centrado",gris,vintage,sol,centrado
"Camiseta de color rojo, diseño de guitarra, estilo urbano, zona espalda",rojo,urbano,guitarra,espalda
"Generar camiseta de estilo deportivo, color azul, imagen de árbol en zona centrado",azul,deportivo,árbol,centrado
Camiseta de color negro con motivo retro de árbol en la zona pecho,negro,retro,árbol,pecho
"Camiseta de color gris, diseño de dragón, estilo urbano, zona espalda",gris,urbano,dragón,espalda
"Necesito una camiseta con gráfico de texto en zona pecho, color gris, estilo minimalista",gris,minimalista,texto,pecho
"Generar camiseta de estilo retro, color gris, imagen de calavera en zona espalda",gris,retro,calavera,espalda
"Generar camiseta de estilo retro, color verde, imagen de lobo en zona centrado",verde,retro,lobo,centrado
"Diseño para camiseta: águila en posición pecho, color gris, estilo visual vintage",gris,vintage,águila,pecho
"Diseñar camiseta: elemento gráfico automóvil, color negro, estilo minimalista, ubicación pecho",negro,minimalista,automóvil,pecho
"Camiseta con estampado de montaña, color principal verde, estilo visual urbano, zona espalda",verde,urbano,montaña,espalda
"Quiero estampado de texto en zona esquina, color blanco, estilo retro",blanco,retro,texto,esquina
"Diseño para camiseta: texto en posición centrado, color gris, estilo visual urbano",gris,urbano,texto,centrado
"Camiseta con imagen de montaña, color verde, estilo retro, posición esquina",verde,retro,montaña,esquina
"Diseño de camiseta: gráfico de texto, color gris, estilo minimalista, posición centrado",gris,minimalista,texto,centrado
Camiseta de color verde con motivo retro de lobo en la zona centrado,verde,retro,lobo,centrado
"Diseñar camiseta: elemento gráfico montaña, color blanco, estilo deportivo, ubicación centrado",blanco,deportivo,montaña,centrado
"Diseñar camiseta: elemento gráfico árbol, color verde, estilo deportivo, ubicación centrado",verde,deportivo,árbol,centrado
"Diseñar camiseta: elemento gráfico calavera, color negro, estilo deportivo, ubicación pecho",negro,deportivo,calavera,pecho
"Quiero una camiseta con diseño de guitarra en estilo vintage, color gris, posición esquina",gris,vintage,guitarra,esquina
"Camiseta con imagen de automóvil, color gris, estilo minimalista, posición esquina",gris,minimalista,automóvil,esquina
"Quiero diseño de árbol en camiseta color blanco, estilo vintage, ubicado en esquina",blanco,vintage,árbol,esquina
"Diseño para camiseta: águila en posición espalda, color verde, estilo visual retro",verde,retro,águila,espalda
"Camiseta con imagen de dragón, color rojo, estilo deportivo, posición centrado",rojo,deportivo,dragón,centrado
"Diseño de camiseta: gráfico de guitarra, color blanco, estilo retro, posición esquina",blanco,retro,guitarra,esquina
"Camiseta con estampado de dragón, color principal verde, estilo visual deportivo, zona esquina",verde,deportivo,dragón,esquina
"Camiseta color blanco, estilo vintage, con estampado de dragón en zona pecho",blanco,vintage,dragón,pecho
"Camiseta con imagen de automóvil, color negro, estilo minimalista, posición centrado",negro,minimalista,automóvil,centrado
"Diseñar camiseta: elemento gráfico automóvil, color blanco, estilo minimalista, ubicación espalda",blanco,minimalista,automóvil,espalda
"Camiseta con estampado de dragón, color principal blanco, estilo visual retro, zona pecho",blanco,retro,dragón,pecho
"Camiseta color gris, estilo minimalista, con estampado de texto en zona pecho",gris,minimalista,texto,pecho
"Diseño de camiseta: gráfico de montaña, color gris, estilo retro, posición centrado",gris,retro,montaña,centrado
"Necesito una camiseta con gráfico de lobo en zona esquina, color blanco, estilo deportivo",blanco,deportivo,lobo,esquina
"Camiseta color azul, estilo retro, con estampado de calavera en zona pecho",azul,retro,calavera,pecho
"Necesito una camiseta con gráfico de texto en zona espalda, color rojo, estilo vintage",rojo,vintage,texto,espalda
"Diseño de camiseta: gráfico de águila, color gris, estilo retro, posición pecho",gris,retro,águila,pecho
"Camiseta de color azul, diseño de montaña, estilo vintage, zona espalda",azul,vintage,montaña,espalda
Camiseta de color gris con motivo deportivo de guitarra en la zona espalda,gris,deportivo,guitarra,espalda
"Camiseta color negro, estilo deportivo, con estampado de águila en zona esquina",negro,deportivo,águila,esquina
"Necesito una camiseta con gráfico de guitarra en zona centrado, color gris, estilo retro",gris,retro,guitarra,centrado
"Diseño de camiseta: gráfico de lobo, color blanco, estilo minimalista, posición esquina",blanco,minimalista,lobo,esquina
"Quiero estampado de dragón en zona espalda, color gris, estilo deportivo",gris,deportivo,dragón,espalda
"Diseñar camiseta: elemento gráfico texto, color blanco, estilo urbano, ubicación esquina",blanco,urbano,texto,esquina
"Quiero una camiseta con diseño de calavera en estilo deportivo, color negro, posición esquina",negro,deportivo,calavera,esquina
"Camiseta color rojo, estilo deportivo, con estampado de montaña en zona pecho",rojo,deportivo,montaña,pecho
"Generar camiseta de estilo vintage, color verde, imagen de dragón en zona esquina",verde,vintage,dragón,esquina
"Camiseta con imagen de águila, color blanco, estilo retro, posición centrado",blanco,retro,águila,centrado
"Necesito una camiseta con gráfico de guitarra en zona espalda, color azul, estilo deportivo",azul,deportivo,guitarra,espalda
"Diseño de camiseta: gráfico de lobo, color azul, estilo minimalista, posición pecho",azul,minimalista,lobo,pecho
"Diseño para camiseta: sol en posición esquina, color rojo, estilo visual vintage",rojo,vintage,sol,esquina
"Crear camiseta de estilo urbano con motivo de calavera en color azul, zona espalda",azul,urbano,calavera,espalda
"Necesito una camiseta con gráfico de árbol en zona pecho, color blanco, estilo urbano",blanco,urbano,árbol,pecho
"Camiseta color verde, estilo vintage, con estampado de calavera en zona esquina",verde,vintage,calavera,esquina
"Quiero diseño de montaña en camiseta color negro, estilo minimalista, ubicado en esquina",negro,minimalista,montaña,esquina
"Necesito una camiseta con gráfico de automóvil en zona esquina, color gris, estilo urbano",gris,urbano,automóvil,esquina
"Camiseta con estampado de guitarra, color principal azul, estilo visual vintage, zona esquina",azul,vintage,guitarra,esquina
"Diseño para camiseta: sol en posición espalda, color verde, estilo visual vintage",verde,vintage,sol,espalda
"Quiero diseño de calavera en camiseta color verde, estilo urbano, ubicado en esquina",verde,urbano,calavera,esquina
"Camiseta color verde, estilo minimalista, con estampado de guitarra en zona centrado",verde,minimalista,guitarra,centrado
"Quiero una camiseta con diseño de texto en estilo minimalista, color rojo, posición pecho",rojo,minimalista,texto,pecho
"Camiseta con estampado de montaña, color principal negro, estilo visual urbano, zona espalda",negro,urbano,montaña,espalda
"Diseño para camiseta: texto en posición pecho, color azul, estilo visual retro",azul,retro,texto,pecho
"Camiseta con imagen de texto, color blanco, estilo retro, posición centrado",blanco,retro,texto,centrado
"Generar camiseta de estilo retro, color blanco, imagen de águila en zona centrado",blanco,retro,águila,centrado
"Camiseta con imagen de águila, color gris, estilo minimalista, posición pecho",gris,minimalista,águila,pecho
"Necesito una camiseta con gráfico de sol en zona espalda, color verde, estilo vintage",verde,vintage,sol,espalda
"Crear camiseta de estilo retro con motivo de montaña en color blanco, zona centrado",blanco,retro,montaña,centrado
"Necesito una camiseta con gráfico de calavera en zona espalda, color blanco, estilo retro",blanco,retro,calavera,espalda
"Camiseta de color rojo, diseño de calavera, estilo urbano, zona esquina",rojo,urbano,calavera,esquina
"Quiero diseño de montaña en camiseta color rojo, estilo urbano, ubicado en esquina",rojo,urbano,montaña,esquina
"Diseño de camiseta: gráfico de dragón, color blanco, estilo deportivo, posición esquina",blanco,deportivo,dragón,esquina
"Diseño para camiseta: dragón en posición centrado, color negro, estilo visual deportivo",negro,deportivo,dragón,centrado
"Necesito una camiseta con gráfico de árbol en zona centrado, color rojo, estilo urbano",rojo,urbano,árbol,centrado
"Camiseta de color gris, diseño de calavera, estilo deportivo, zona centrado",gris,deportivo,calavera,centrado
"Camiseta con imagen de lobo, color verde, estilo minimalista, posición centrado",verde,minimalista,lobo,centrado
"Quiero diseño de montaña en camiseta color gris, estilo urbano, ubicado en espalda",gris,urbano,montaña,espalda
"Diseño de camiseta: gráfico de águila, color azul, estilo deportivo, posición esquina",azul,deportivo,águila,esquina
Camiseta de color blanco con motivo retro de montaña en la zona pecho,blanco,retro,montaña,pecho
"Crear camiseta de estilo vintage con motivo de águila en color azul, zona pecho",azul,vintage,águila,pecho
"Camiseta de color negro, diseño de montaña, estilo minimalista, zona centrado",negro,minimalista,montaña,centrado
"Camiseta con imagen de árbol, color blanco, estilo deportivo, posición centrado",blanco,deportivo,árbol,centrado
"Crear camiseta de estilo urbano con motivo de dragón en color rojo, zona espalda",rojo,urbano,dragón,espalda
"Camiseta color azul, estilo urbano, con estampado de lobo en zona espalda",azul,urbano,lobo,espalda
"Quiero diseño de árbol en camiseta color azul, estilo retro, ubicado en pecho",azul,retro,árbol,pecho
"Necesito una camiseta con gráfico de texto en zona pecho, color rojo, estilo deportivo",rojo,deportivo,texto,pecho
Camiseta de color rojo con motivo deportivo de calavera en la zona esquina,rojo,deportivo,calavera,esquina
Camiseta de color blanco con motivo vintage de águila en la zona centrado,blanco,vintage,águila,centrado
"Camiseta con estampado de guitarra, color principal rojo, estilo visual retro, zona espalda",rojo,retro,guitarra,espalda
"Camiseta con imagen de montaña, color gris, estilo urbano, posición pecho",gris,urbano,montaña,pecho
Camiseta de color verde con motivo deportivo de dragón en la zona espalda,verde,deportivo,dragón,espalda
"Generar camiseta de estilo minimalista, color blanco, imagen de montaña en zona espalda",blanco,minimalista,montaña,espalda
"Camiseta con estampado de sol, color principal negro, estilo visual urbano, zona pecho",negro,urbano,sol,pecho
"Diseño de camiseta: gráfico de águila, color azul, estilo minimalista, posición esquina",azul,minimalista,águila,esquina
"Camiseta con estampado de texto, color principal azul, estilo visual deportivo, zona espalda",azul,deportivo,texto,espalda
"Camiseta con imagen de montaña, color rojo, estilo minimalista, posición esquina",rojo,minimalista,montaña,esquina
"Necesito una camiseta con gráfico de sol en zona esquina, color verde, estilo retro",verde,retro,sol,esquina
"Diseño de camiseta: gráfico de sol, color verde, estilo urbano, posición pecho",verde,urbano,sol,pecho
Camiseta de color verde con motivo minimalista de guitarra en la zona espalda,verde,minimalista,guitarra,espalda
"Crear camiseta de estilo vintage con motivo de automóvil en color blanco, zona pecho",blanco,vintage,automóvil,pecho
Camiseta de color blanco con motivo minimalista de texto en la zona esquina,blanco,minimalista,texto,esquina
"Diseño de camiseta: gráfico de automóvil, color negro, estilo minimalista, posición pecho",negro,minimalista,automóvil,pecho
"Diseño de camiseta: gráfico de lobo, color blanco, estilo urbano, posición pecho",blanco,urbano,lobo,pecho
"Quiero diseño de calavera en camiseta color rojo, estilo retro, ubicado en esquina",rojo,retro,calavera,esquina
"Diseñar camiseta: elemento gráfico águila, color gris, estilo minimalista, ubicación espalda",gris,minimalista,águila,espalda
"Diseño de camiseta: gráfico de guitarra, color negro, estilo urbano, posición espalda",negro,urbano,guitarra,espalda
"Quiero una camiseta con diseño de águila en estilo urbano, color rojo, posición pecho",rojo,urbano,águila,pecho
"Diseño de camiseta: gráfico de dragón, color azul, estilo deportivo, posición espalda",azul,deportivo,dragón,espalda
"Diseño de camiseta: gráfico de dragón, color blanco, estilo minimalista, posición pecho",blanco,minimalista,dragón,pecho
"Camiseta de color verde, diseño de dragón, estilo minimalista, zona espalda",verde,minimalista,dragón,espalda
"Necesito una camiseta con gráfico de dragón en zona pecho, color rojo, estilo retro",rojo,retro,dragón,pecho
Camiseta de color blanco con motivo urbano de lobo en la zona centrado,blanco,urbano,lobo,centrado
"Camiseta color azul, estilo retro, con estampado de árbol en zona espalda",azul,retro,árbol,espalda
"Camiseta de color negro, diseño de guitarra, estilo minimalista, zona esquina",negro,minimalista,guitarra,esquina
"Camiseta con imagen de sol, color verde, estilo urbano, posición pecho",verde,urbano,sol,pecho
"Generar camiseta de estilo deportivo, color verde, imagen de guitarra en zona centrado",verde,deportivo,guitarra,centrado
"Crear camiseta de estilo deportivo con motivo de guitarra en color negro, zona espalda",negro,deportivo,guitarra,espalda
"Diseñar camiseta: elemento gráfico automóvil, color rojo, estilo urbano, ubicación esquina",rojo,urbano,automóvil,esquina
"Quiero una camiseta con diseño de calavera en estilo minimalista, color blanco, posición espalda",blanco,minimalista,calavera,espalda
"Necesito una camiseta con gráfico de automóvil en zona pecho, color gris, estilo deportivo",gris,deportivo,automóvil,pecho
"Generar camiseta de estilo minimalista, color azul, imagen de sol en zona pecho",azul,minimalista,sol,pecho
"Crear camiseta de estilo vintage con motivo de sol en color negro, zona centrado",negro,vintage,sol,centrado
"Diseño para camiseta: águila en posición espalda, color blanco, estilo visual urbano",blanco,urbano,águila,espalda
"Diseñar camiseta: elemento gráfico águila, color gris, estilo minimalista, ubicación esquina",gris,minimalista,águila,esquina
"Camiseta con estampado de árbol, color principal rojo, estilo visual deportivo, zona espalda",rojo,deportivo,árbol,espalda
"Diseñar camiseta: elemento gráfico montaña, color verde, estilo retro, ubicación pecho",verde,retro,montaña,pecho
Camiseta de color verde con motivo minimalista de montaña en la zona pecho,verde,minimalista,montaña,pecho
"Quiero estampado de árbol en zona pecho, color gris, estilo retro",gris,retro,árbol,pecho
"Generar camiseta de estilo urbano, color azul, imagen de dragón en zona esquina",azul,urbano,dragón,esquina
"Quiero estampado de sol en zona centrado, color gris, estilo deportivo",gris,deportivo,sol,centrado
"Quiero estampado de automóvil en zona pecho, color gris, estilo vintage",gris,vintage,automóvil,pecho
"Necesito una camiseta con gráfico de lobo en zona espalda, color azul, estilo deportivo",azul,deportivo,lobo,espalda
"Quiero diseño de sol en camiseta color verde, estilo vintage, ubicado en espalda",verde,vintage,sol,espalda
"Diseñar camiseta: elemento gráfico guitarra, color azul, estilo minimalista, ubicación pecho",azul,minimalista,guitarra,pecho
"Necesito una camiseta con gráfico de texto en zona centrado, color verde, estilo retro",verde,retro,texto,centrado
"Quiero diseño de águila en camiseta color azul, estilo vintage, ubicado en pecho",azul,vintage,águila,pecho
"Camiseta color gris, estilo vintage, con estampado de texto en zona centrado",gris,vintage,texto,centrado
Camiseta de color verde con motivo urbano de lobo en la zona centrado,verde,urbano,lobo,centrado
"Necesito una camiseta con gráfico de calavera en zona pecho, color rojo, estilo retro",rojo,retro,calavera,pecho
"Crear camiseta de estilo urbano con motivo de automóvil en color blanco, zona espalda",blanco,urbano,automóvil,espalda
"Quiero diseño de águila en camiseta color blanco, estilo urbano, ubicado en centrado",blanco,urbano,águila,centrado
"Generar camiseta de estilo retro, color azul, imagen de guitarra en zona pecho",azul,retro,guitarra,pecho
Camiseta de color verde con motivo urbano de texto en la zona esquina,verde,urbano,texto,esquina
"Quiero una camiseta con diseño de árbol en estilo minimalista, color azul, posición pecho",azul,minimalista,árbol,pecho
"Camiseta color azul, estilo deportivo, con estampado de dragón en zona centrado",azul,deportivo,dragón,centrado
"Quiero una camiseta con diseño de calavera en estilo deportivo, color blanco, posición pecho",blanco,deportivo,calavera,pecho
"Diseñar camiseta: elemento gráfico lobo, color negro, estilo urbano, ubicación centrado",negro,urbano,lobo,centrado
Camiseta de color blanco con motivo deportivo de sol en la zona esquina,blanco,deportivo,sol,esquina
"Camiseta con estampado de guitarra, color principal blanco, estilo visual deportivo, zona esquina",blanco,deportivo,guitarra,esquina
"Quiero diseño de sol en camiseta color blanco, estilo retro, ubicado en espalda",blanco,retro,sol,espalda
"Diseño de camiseta: gráfico de calavera, color azul, estilo vintage, posición centrado",azul,vintage,calavera,centrado
"Crear camiseta de estilo retro con motivo de guitarra en color negro, zona esquina",negro,retro,guitarra,esquina
"Diseño de camiseta: gráfico de texto, color blanco, estilo vintage, posición pecho",blanco,vintage,texto,pecho
"Diseño para camiseta: dragón en posición centrado, color verde, estilo visual minimalista",verde,minimalista,dragón,centrado
"Quiero diseño de guitarra en camiseta color verde, estilo vintage, ubicado en espalda",verde,vintage,guitarra,espalda
Camiseta de color negro con motivo vintage de texto en la zona pecho,negro,vintage,texto,pecho
"Quiero estampado de calavera en zona pecho, color rojo, estilo urbano",rojo,urbano,calavera,pecho
"Generar camiseta de estilo vintage, color azul, imagen de calavera en zona espalda",azul,vintage,calavera,espalda
"Quiero una camiseta con diseño de águila en estilo urbano, color rojo, posición esquina",rojo,urbano,águila,esquina
Camiseta de color blanco con motivo vintage de calavera en la zona centrado,blanco,vintage,calavera,centrado
"Diseño para camiseta: árbol en posición centrado, color rojo, estilo visual urbano",rojo,urbano,árbol,centrado
"Camiseta de color gris, diseño de guitarra, estilo urbano, zona pecho",gris,urbano,guitarra,pecho
"Necesito una camiseta con gráfico de sol en zona centrado, color azul, estilo urbano",azul,urbano,sol,centrado
"Quiero estampado de dragón en zona esquina, color verde, estilo minimalista",verde,minimalista,dragón,esquina
"Quiero una camiseta con diseño de automóvil en estilo minimalista, color gris, posición centrado",gris,minimalista,automóvil,centrado
"Camiseta color verde, estilo urbano, con estampado de texto en zona esquina",verde,urbano,texto,esquina
"Generar camiseta de estilo vintage, color rojo, imagen de águila en zona centrado",rojo,vintage,águila,centrado
"Diseño de camiseta: gráfico de guitarra, color negro, estilo minimalista, posición espalda",negro,minimalista,guitarra,espalda
"Crear camiseta de estilo minimalista con motivo de sol en color rojo, zona esquina",rojo,minimalista,sol,esquina
"Diseño de camiseta: gráfico de árbol, color verde, estilo urbano, posición centrado",verde,urbano,árbol,centrado
"Necesito una camiseta con gráfico de árbol en zona centrado, color gris, estilo minimalista",gris,minimalista,árbol,centrado
"Camiseta con imagen de árbol, color gris, estilo deportivo, posición centrado",gris,deportivo,árbol,centrado
"Diseño para camiseta: sol en posición esquina, color rojo, estilo visual urbano",rojo,urbano,sol,esquina
"Quiero diseño de águila en camiseta color verde, estilo urbano, ubicado en pecho",verde,urbano,águila,pecho
"Diseño de camiseta: gráfico de lobo, color azul, estilo vintage, posición espalda",azul,vintage,lobo,espalda
"Generar camiseta de estilo deportivo, color azul, imagen de montaña en zona espalda",azul,deportivo,montaña,espalda
"Quiero una camiseta con diseño de árbol en estilo vintage, color blanco, posición centrado",blanco,vintage,árbol,centrado
"Diseño de camiseta: gráfico de sol, color blanco, estilo vintage, posición espalda",blanco,vintage,sol,espalda
"Camiseta con estampado de montaña, color principal rojo, estilo visual deportivo, zona espalda",rojo,deportivo,montaña,espalda
"Camiseta color negro, estilo minimalista, con estampado de dragón en zona esquina",negro,minimalista,dragón,esquina
"Camiseta de color rojo, diseño de montaña, estilo minimalista, zona espalda",rojo,minimalista,montaña,espalda
"Camiseta con imagen de lobo, color verde, estilo minimalista, posición esquina",verde,minimalista,lobo,esquina
"Quiero estampado de guitarra en zona pecho, color rojo, estilo urbano",rojo,urbano,guitarra,pecho
"Generar camiseta de estilo retro, color negro, imagen de texto en zona esquina",negro,retro,texto,esquina
"Camiseta con imagen de montaña, color rojo, estilo retro, posición centrado",rojo,retro,montaña,centrado
"Camiseta con estampado de dragón, color principal negro, estilo visual deportivo, zona pecho",negro,deportivo,dragón,pecho
"Diseño de camiseta: gráfico de árbol, color azul, estilo deportivo, posición esquina",azul,deportivo,árbol,esquina
"Quiero una camiseta con diseño de dragón en estilo minimalista, color negro, posición centrado",negro,minimalista,dragón,centrado
"Diseño de camiseta: gráfico de dragón, color rojo, estilo vintage, posición centrado",rojo,vintage,dragón,centrado
"Quiero diseño de texto en camiseta color azul, estilo vintage, ubicado en pecho",azul,vintage,texto,pecho
"Camiseta color negro, estilo minimalista, con estampado de dragón en zona centrado",negro,minimalista,dragón,centrado
"Crear camiseta de estilo retro con motivo de calavera en color azul, zona espalda",azul,retro,calavera,espalda
"Necesito una camiseta con gráfico de montaña en zona esquina, color negro, estilo retro",negro,retro,montaña,esquina
"Diseño de camiseta: gráfico de dragón, color rojo, estilo deportivo, posición esquina",rojo,deportivo,dragón,esquina
"Diseño para camiseta: sol en posición centrado, color negro, estilo visual vintage",negro,vintage,sol,centrado
"Quiero una camiseta con diseño de lobo en estilo vintage, color rojo, posición esquina",rojo,vintage,lobo,esquina
"Diseñar camiseta: elemento gráfico lobo, color blanco, estilo vintage, ubicación pecho",blanco,vintage,lobo,pecho
"Camiseta de color blanco, diseño de dragón, estilo retro, zona centrado",blanco,retro,dragón,centrado
"Camiseta de color verde, diseño de dragón, estilo urbano, zona pecho",verde,urbano,dragón,pecho
"Necesito una camiseta con gráfico de lobo en zona esquina, color rojo, estilo vintage",rojo,vintage,lobo,esquina
"Camiseta color verde, estilo urbano, con estampado de sol en zona esquina",verde,urbano,sol,esquina
"Quiero una camiseta con diseño de texto en estilo retro, color verde, posición esquina",verde,retro,texto,esquina
"Quiero una camiseta con diseño de sol en estilo urbano, color blanco, posición esquina",blanco,urbano,sol,esquina
"Camiseta con estampado de águila, color principal negro, estilo visual urbano, zona esquina",negro,urbano,águila,esquina
"Quiero estampado de sol en zona espalda, color negro, estilo minimalista",negro,minimalista,sol,espalda
"Diseñar camiseta: elemento gráfico guitarra, color azul, estilo vintage, ubicación espalda",azul,vintage,guitarra,espalda
"Diseño para camiseta: texto en posición espalda, color gris, estilo visual retro",gris,retro,texto,espalda
"Camiseta color rojo, estilo minimalista, con estampado de águila en zona espalda",rojo,minimalista,águila,espalda
"Generar camiseta de estilo retro, color azul, imagen de sol en zona centrado",azul,retro,sol,centrado
"Diseño de camiseta: gráfico de águila, color verde, estilo deportivo, posición pecho",verde,deportivo,águila,pecho
"Crear camiseta de estilo retro con motivo de sol en color azul, zona esquina",azul,retro,sol,esquina
"Crear camiseta de estilo urbano con motivo de árbol en color verde, zona pecho",verde,urbano,árbol,pecho
"Quiero estampado de águila en zona espalda, color gris, estilo deportivo",gris,deportivo,águila,espalda
"Diseño para camiseta: texto en posición espalda, color blanco, estilo visual minimalista",blanco,minimalista,texto,espalda
"Camiseta con imagen de árbol, color negro, estilo minimalista, posición centrado",negro,minimalista,árbol,centrado
"Crear camiseta de estilo retro con motivo de sol en color negro, zona esquina",negro,retro,sol,esquina
"Crear camiseta de estilo deportivo con motivo de automóvil en color negro, zona espalda",negro,deportivo,automóvil,espalda
"Diseñar camiseta: elemento gráfico montaña, color verde, estilo minimalista, ubicación espalda",verde,minimalista,montaña,espalda
"Diseño para camiseta: texto en posición centrado, color azul, estilo visual vintage",azul,vintage,texto,centrado
"Diseño de camiseta: gráfico de sol, color blanco, estilo vintage, posición pecho",blanco,vintage,sol,pecho
"Quiero una camiseta con diseño de texto en estilo minimalista, color verde, posición espalda",verde,minimalista,texto,espalda
"Quiero diseño de montaña en camiseta color verde, estilo deportivo, ubicado en centrado",verde,deportivo,montaña,centrado
"Camiseta color blanco, estilo minimalista, con estampado de montaña en zona pecho",blanco,minimalista,montaña,pecho
"Camiseta con imagen de calavera, color azul, estilo deportivo, posición centrado",azul,deportivo,calavera,centrado
"Diseño para camiseta: águila en posición pecho, color verde, estilo visual urbano",verde,urbano,águila,pecho
"Necesito una camiseta con gráfico de águila en zona pecho, color negro, estilo deportivo",negro,deportivo,águila,pecho
"Camiseta de color verde, diseño de sol, estilo retro, zona espalda",verde,retro,sol,espalda
"Crear camiseta de estilo deportivo con motivo de texto en color gris, zona pecho",gris,deportivo,texto,pecho
"Generar camiseta de estilo deportivo, color negro, imagen de calavera en zona pecho",negro,deportivo,calavera,pecho
"Camiseta con estampado de automóvil, color principal negro, estilo visual minimalista, zona esquina",negro,minimalista,automóvil,esquina
"Camiseta color blanco, estilo retro, con estampado de lobo en zona esquina",blanco,retro,lobo,esquina
"Camiseta color verde, estilo minimalista, con estampado de lobo en zona centrado",verde,minimalista,lobo,centrado
"Camiseta con estampado de automóvil, color principal gris, estilo visual deportivo, zona pecho",gris,deportivo,automóvil,pecho
"Quiero diseño de dragón en camiseta color rojo, estilo vintage, ubicado en espalda",rojo,vintage,dragón,espalda
"Generar camiseta de estilo vintage, color verde, imagen de águila en zona esquina",verde,vintage,águila,esquina
"Quiero una camiseta con diseño de calavera en estilo urbano, color negro, posición espalda",negro,urbano,calavera,espalda
"Diseño de camiseta: gráfico de automóvil, color verde, estilo minimalista, posición centrado",verde,minimalista,automóvil,centrado
"Generar camiseta de estilo deportivo, color azul, imagen de dragón en zona centrado",azul,deportivo,dragón,centrado
"Quiero estampado de montaña en zona esquina, color negro, estilo deportivo",negro,deportivo,montaña,esquina
"Diseño de camiseta: gráfico de guitarra, color verde, estilo deportivo, posición esquina",verde,deportivo,guitarra,esquina
"Generar camiseta de estilo minimalista, color gris, imagen de sol en zona centrado",gris,minimalista,sol,centrado
"Camiseta de color azul, diseño de montaña, estilo deportivo, zona centrado",azul,deportivo,montaña,centrado
"Diseño para camiseta: árbol en posición pecho, color negro, estilo visual deportivo",negro,deportivo,árbol,pecho
"Necesito una camiseta con gráfico de sol en zona centrado, color gris, estilo retro",gris,retro,sol,centrado
"Camiseta con estampado de águila, color principal verde, estilo visual deportivo, zona espalda",verde,deportivo,águila,espalda
"Quiero una camiseta con diseño de águila en estilo minimalista, color rojo, posición centrado",rojo,minimalista,águila,centrado
"Quiero diseño de dragón en camiseta color rojo, estilo urbano, ubicado en esquina",rojo,urbano,dragón,esquina
"Quiero diseño de guitarra en camiseta color rojo, estilo vintage, ubicado en centrado",rojo,vintage,guitarra,centrado
"Camiseta color azul, estilo minimalista, con estampado de guitarra en zona espalda",azul,minimalista,guitarra,espalda
"Quiero una camiseta con diseño de calavera en estilo minimalista, color rojo, posición pecho",rojo,minimalista,calavera,pecho
"Diseño de camiseta: gráfico de águila, color gris, estilo minimalista, posición espalda",gris,minimalista,águila,espalda
"Camiseta con estampado de árbol, color principal verde, estilo visual retro, zona esquina",verde,retro,árbol,esquina
"Diseño de camiseta: gráfico de guitarra, color negro, estilo deportivo, posición esquina",negro,deportivo,guitarra,esquina
"Diseño de camiseta: gráfico de dragón, color gris, estilo deportivo, posición centrado",gris,deportivo,dragón,centrado
"Camiseta con imagen de montaña, color azul, estilo retro, posición esquina",azul,retro,montaña,esquina
"Camiseta de color verde, diseño de dragón, estilo retro, zona esquina",verde,retro,dragón,esquina
"Camiseta de color verde, diseño de calavera, estilo vintage, zona centrado",verde,vintage,calavera,centrado
Camiseta de color rojo con motivo deportivo de montaña en la zona esquina,rojo,deportivo,montaña,esquina
"Generar camiseta de estilo urbano, color verde, imagen de montaña en zona centrado",verde,urbano,montaña,centrado
"Camiseta con estampado de texto, color principal gris, estilo visual deportivo, zona esquina",gris,deportivo,texto,esquina
"Diseñar camiseta: elemento gráfico guitarra, color blanco, estilo deportivo, ubicación centrado",blanco,deportivo,guitarra,centrado
Camiseta de color verde con motivo retro de calavera en la zona pecho,verde,retro,calavera,pecho
"Camiseta con imagen de guitarra, color azul, estilo vintage, posición pecho",azul,vintage,guitarra,pecho
"Camiseta con estampado de sol, color principal rojo, estilo visual retro, zona centrado",rojo,retro,sol,centrado
"Quiero una camiseta con diseño de montaña en estilo deportivo, color rojo, posición esquina",rojo,deportivo,montaña,esquina
"Quiero diseño de texto en camiseta color verde, estilo vintage, ubicado en pecho",verde,vintage,texto,pecho
Camiseta de color blanco con motivo deportivo de montaña en la zona esquina,blanco,deportivo,montaña,esquina
"Quiero estampado de sol en zona esquina, color gris, estilo minimalista",gris,minimalista,sol,esquina
"Camiseta con estampado de texto, color principal verde, estilo visual retro, zona centrado",verde,retro,texto,centrado
"Camiseta con imagen de sol, color negro, estilo urbano, posición espalda",negro,urbano,sol,espalda
"Camiseta con estampado de águila, color principal gris, estilo visual vintage, zona pecho",gris,vintage,águila,pecho
"Quiero diseño de lobo en camiseta color blanco, estilo urbano, ubicado en centrado",blanco,urbano,lobo,centrado
"Quiero diseño de texto en camiseta color rojo, estilo deportivo, ubicado en pecho",rojo,deportivo,texto,pecho
"Camiseta con estampado de lobo, color principal azul, estilo visual deportivo, zona centrado",azul,deportivo,lobo,centrado
"Generar camiseta de estilo vintage, color rojo, imagen de lobo en zona esquina",rojo,vintage,lobo,esquina
Camiseta de color negro con motivo minimalista de dragón en la zona esquina,negro,minimalista,dragón,esquina
"Diseñar camiseta: elemento gráfico sol, color gris, estilo minimalista, ubicación pecho",gris,minimalista,sol,pecho
Camiseta de color blanco con motivo minimalista de águila en la zona esquina,blanco,minimalista,águila,esquina
"Camiseta con imagen de lobo, color blanco, estilo vintage, posición esquina",blanco,vintage,lobo,esquina
"Camiseta de color verde, diseño de texto, estilo deportivo, zona pecho",verde,deportivo,texto,pecho
"Necesito una camiseta con gráfico de calavera en zona centrado, color rojo, estilo minimalista",rojo,minimalista,calavera,centrado
"Quiero diseño de águila en camiseta color gris, estilo vintage, ubicado en centrado",gris,vintage,águila,centrado
"Diseñar camiseta: elemento gráfico montaña, color verde, estilo vintage, ubicación pecho",verde,vintage,montaña,pecho
"Diseñar camiseta: elemento gráfico calavera, color blanco, estilo deportivo, ubicación espalda",blanco,deportivo,calavera,espalda
"Quiero estampado de lobo en zona centrado, color negro, estilo minimalista",negro,minimalista,lobo,centrado
"Necesito una camiseta con gráfico de águila en zona pecho, color gris, estilo deportivo",gris,deportivo,águila,pecho
Camiseta de color negro con motivo urbano de sol en la zona esquina,negro,urbano,sol,esquina
"Diseñar camiseta: elemento gráfico árbol, color verde, estilo vintage, ubicación centrado",verde,vintage,árbol,centrado
"Quiero una camiseta con diseño de árbol en estilo retro, color rojo, posición esquina",rojo,retro,árbol,esquina
"Diseño de camiseta: gráfico de automóvil, color verde, estilo urbano, posición pecho",verde,urbano,automóvil,pecho
"Quiero diseño de automóvil en camiseta color verde, estilo minimalista, ubicado en centrado",verde,minimalista,automóvil,centrado
"Camiseta de color azul, diseño de lobo, estilo retro, zona espalda",azul,retro,lobo,espalda
"Diseñar camiseta: elemento gráfico automóvil, color rojo, estilo retro, ubicación centrado",rojo,retro,automóvil,centrado
"Camiseta de color verde, diseño de automóvil, estilo deportivo, zona espalda",verde,deportivo,automóvil,espalda
"Generar camiseta de estilo urbano, color negro, imagen de automóvil en zona espalda",negro,urbano,automóvil,espalda
Camiseta de color blanco con motivo vintage de árbol en la zona pecho,blanco,vintage,árbol,pecho
Camiseta de color verde con motivo minimalista de automóvil en la zona esquina,verde,minimalista,automóvil,esquina
"Camiseta con estampado de guitarra, color principal blanco, estilo visual retro, zona espalda",blanco,retro,guitarra,espalda
"Camiseta con imagen de águila, color azul, estilo urbano, posición pecho",azul,urbano,águila,pecho
"Generar camiseta de estilo retro, color rojo, imagen de guitarra en zona espalda",rojo,retro,guitarra,espalda
"Camiseta de color azul, diseño de texto, estilo minimalista, zona pecho",azul,minimalista,texto,pecho
"Diseñar camiseta: elemento gráfico automóvil, color rojo, estilo urbano, ubicación esquina",rojo,urbano,automóvil,esquina
"Necesito una camiseta con gráfico de lobo en zona espalda, color verde, estilo urbano",verde,urbano,lobo,espalda
"Camiseta de color blanco, diseño de texto, estilo retro, zona centrado",blanco,retro,texto,centrado
"Diseñar camiseta: elemento gráfico montaña, color verde, estilo vintage, ubicación espalda",verde,vintage,montaña,espalda
"Crear camiseta de estilo deportivo con motivo de guitarra en color blanco, zona pecho",blanco,deportivo,guitarra,pecho
"Diseño para camiseta: sol en posición pecho, color blanco, estilo visual urbano",blanco,urbano,sol,pecho
"Quiero estampado de árbol en zona centrado, color negro, estilo deportivo",negro,deportivo,árbol,centrado
"Quiero una camiseta con diseño de automóvil en estilo minimalista, color blanco, posición espalda",blanco,minimalista,automóvil,espalda
"Crear camiseta de estilo deportivo con motivo de sol en color negro, zona espalda",negro,deportivo,sol,espalda
"Quiero una camiseta con diseño de montaña en estilo vintage, color azul, posición espalda",azul,vintage,montaña,espalda
"Camiseta color verde, estilo urbano, con estampado de dragón en zona esquina",verde,urbano,dragón,esquina
"Camiseta color blanco, estilo minimalista, con estampado de sol en zona esquina",blanco,minimalista,sol,esquina
Camiseta de color blanco con motivo vintage de águila en la zona espalda,blanco,vintage,águila,espalda
"Generar camiseta de estilo retro, color rojo, imagen de sol en zona pecho",rojo,retro,sol,pecho
"Quiero estampado de automóvil en zona pecho, color verde, estilo vintage",verde,vintage,automóvil,pecho
"Camiseta con imagen de calavera, color gris, estilo retro, posición espalda",gris,retro,calavera,espalda
"Quiero una camiseta con diseño de automóvil en estilo minimalista, color azul, posición pecho",azul,minimalista,automóvil,pecho
"Camiseta color blanco, estilo deportivo, con estampado de águila en zona espalda",blanco,deportivo,águila,espalda
"Quiero estampado de montaña en zona centrado, color negro, estilo deportivo",negro,deportivo,montaña,centrado
"Camiseta con estampado de dragón, color principal blanco, estilo visual minimalista, zona centrado",blanco,minimalista,dragón,centrado
"Camiseta con imagen de dragón, color blanco, estilo vintage, posición centrado",blanco,vintage,dragón,centrado
"Camiseta de color blanco, diseño de lobo, estilo minimalista, zona espalda",blanco,minimalista,lobo,espalda
"Crear camiseta de estilo minimalista con motivo de águila en color negro, zona centrado",negro,minimalista,águila,centrado
Camiseta de color azul con motivo vintage de montaña en la zona centrado,azul,vintage,montaña,centrado
"Quiero diseño de calavera en camiseta color blanco, estilo deportivo, ubicado en pecho",blanco,deportivo,calavera,pecho
"Diseño de camiseta: gráfico de calavera, color gris, estilo retro, posición pecho",gris,retro,calavera,pecho
"Quiero estampado de árbol en zona centrado, color azul, estilo vintage",azul,vintage,árbol,centrado
"Necesito una camiseta con gráfico de texto en zona centrado, color verde, estilo minimalista",verde,minimalista,texto,centrado
"Camiseta color negro, estilo deportivo, con estampado de automóvil en zona espalda",negro,deportivo,automóvil,espalda
"Diseño de camiseta: gráfico de montaña, color gris, estilo vintage, posición esquina",gris,vintage,montaña,esquina
"Camiseta de color rojo, diseño de automóvil, estilo retro, zona pecho",rojo,retro,automóvil,pecho
"Camiseta de color gris, diseño de guitarra, estilo vintage, zona espalda",gris,vintage,guitarra,espalda
"Camiseta color azul, estilo urbano, con estampado de calavera en zona centrado",azul,urbano,calavera,centrado
"Quiero diseño de montaña en camiseta color rojo, estilo retro, ubicado en espalda",rojo,retro,montaña,espalda
"Diseño para camiseta: calavera en posición centrado, color rojo, estilo visual deportivo",rojo,deportivo,calavera,centrado
"Diseño para camiseta: sol en posición pecho, color blanco, estilo visual minimalista",blanco,minimalista,sol,pecho
"Diseño de camiseta: gráfico de sol, color negro, estilo vintage, posición pecho",negro,vintage,sol,pecho
"Quiero una camiseta con diseño de calavera en estilo deportivo, color gris, posición pecho",gris,deportivo,calavera,pecho
"Camiseta color rojo, estilo retro, con estampado de lobo en zona pecho",rojo,retro,lobo,pecho
"Crear camiseta de estilo retro con motivo de árbol en color verde, zona esquina",verde,retro,árbol,esquina
"Camiseta color rojo, estilo urbano, con estampado de montaña en zona centrado",rojo,urbano,montaña,centrado
"Quiero una camiseta con diseño de calavera en estilo urbano, color negro, posición centrado",negro,urbano,calavera,centrado
"Quiero una camiseta con diseño de dragón en estilo deportivo, color azul, posición espalda",azul,deportivo,dragón,espalda
"Generar camiseta de estilo vintage, color negro, imagen de árbol en zona centrado",negro,vintage,árbol,centrado
"Camiseta con imagen de águila, color negro, estilo retro, posición espalda",negro,retro,águila,espalda
"Diseñar camiseta: elemento gráfico dragón, color azul, estilo vintage, ubicación espalda",azul,vintage,dragón,espalda
"Quiero una camiseta con diseño de guitarra en estilo retro, color blanco, posición centrado",blanco,retro,guitarra,centrado
"Diseñar camiseta: elemento gráfico dragón, color gris, estilo retro, ubicación centrado",gris,retro,dragón,centrado
"Necesito una camiseta con gráfico de sol en zona esquina, color negro, estilo deportivo",negro,deportivo,sol,esquina
"Camiseta con imagen de texto, color verde, estilo urbano, posición pecho",verde,urbano,texto,pecho
"Diseño de camiseta: gráfico de guitarra, color azul, estilo deportivo, posición espalda",azul,deportivo,guitarra,espalda
"Camiseta con imagen de automóvil, color verde, estilo deportivo, posición centrado",verde,deportivo,automóvil,centrado
"Quiero estampado de automóvil en zona esquina, color blanco, estilo vintage",blanco,vintage,automóvil,esquina
"Crear camiseta de estilo minimalista con motivo de árbol en color azul, zona espalda",azul,minimalista,árbol,espalda
"Generar camiseta de estilo deportivo, color rojo, imagen de sol en zona centrado",rojo,deportivo,sol,centrado
"Diseño para camiseta: calavera en posición espalda, color rojo, estilo visual deportivo",rojo,deportivo,calavera,espalda
"Camiseta con imagen de dragón, color gris, estilo minimalista, posición centrado",gris,minimalista,dragón,centrado
"Quiero estampado de automóvil en zona centrado, color gris, estilo retro",gris,retro,automóvil,centrado
"Necesito una camiseta con gráfico de guitarra en zona esquina, color blanco, estilo retro",blanco,retro,guitarra,esquina
"Camiseta color azul, estilo deportivo, con estampado de árbol en zona pecho",azul,deportivo,árbol,pecho
"Quiero estampado de calavera en zona espalda, color azul, estilo deportivo",azul,deportivo,calavera,espalda
"Camiseta con imagen de calavera, color verde, estilo urbano, posición centrado",verde,urbano,calavera,centrado
"Diseño para camiseta: águila en posición pecho, color gris, estilo visual deportivo",gris,deportivo,águila,pecho
"Quiero una camiseta con diseño de calavera en estilo vintage, color blanco, posición pecho",blanco,vintage,calavera,pecho
Camiseta de color blanco con motivo vintage de lobo en la zona pecho,blanco,vintage,lobo,pecho
"Crear camiseta de estilo retro con motivo de dragón en color azul, zona centrado",azul,retro,dragón,centrado
"Quiero una camiseta con diseño de automóvil en estilo retro, color negro, posición centrado",negro,retro,automóvil,centrado
"Quiero diseño de calavera en camiseta color blanco, estilo minimalista, ubicado en centrado",blanco,minimalista,calavera,centrado
"Diseño de camiseta: gráfico de calavera, color negro, estilo urbano, posición esquina",negro,urbano,calavera,esquina
"Diseño de camiseta: gráfico de montaña, color negro, estilo minimalista, posición espalda",negro,minimalista,montaña,espalda
Camiseta de color rojo con motivo deportivo de sol en la zona centrado,rojo,deportivo,sol,centrado
"Quiero estampado de dragón en zona centrado, color azul, estilo urbano",azul,urbano,dragón,centrado
"Crear camiseta de estilo deportivo con motivo de automóvil en color blanco, zona pecho",blanco,deportivo,automóvil,pecho
"Quiero diseño de texto en camiseta color blanco, estilo vintage, ubicado en pecho",blanco,vintage,texto,pecho
"Camiseta con estampado de calavera, color principal verde, estilo visual vintage, zona centrado",verde,vintage,calavera,centrado
"Diseño para camiseta: montaña en posición espalda, color verde, estilo visual vintage",verde,vintage,montaña,espalda
"Camiseta color rojo, estilo deportivo, con estampado de árbol en zona centrado",rojo,deportivo,árbol,centrado
"Camiseta con estampado de árbol, color principal verde, estilo visual minimalista, zona centrado",verde,minimalista,árbol,centrado
"Diseño para camiseta: automóvil en posición centrado, color gris, estilo visual urbano",gris,urbano,automóvil,centrado
"Generar camiseta de estilo deportivo, color verde, imagen de árbol en zona pecho",verde,deportivo,árbol,pecho
"Quiero diseño de automóvil en camiseta color azul, estilo deportivo, ubicado en esquina",azul,deportivo,automóvil,esquina
"Camiseta color azul, estilo retro, con estampado de dragón en zona pecho",azul,retro,dragón,pecho
"Diseño para camiseta: montaña en posición centrado, color gris, estilo visual deportivo",gris,deportivo,montaña,centrado
"Diseño para camiseta: automóvil en posición esquina, color rojo, estilo visual urbano",rojo,urbano,automóvil,esquina
"Crear camiseta de estilo vintage con motivo de lobo en color azul, zona pecho",azul,vintage,lobo,pecho
"Quiero una camiseta con diseño de águila en estilo retro, color azul, posición pecho",azul,retro,águila,pecho
"Generar camiseta de estilo urbano, color gris, imagen de calavera en zona esquina",gris,urbano,calavera,esquina
"Diseño para camiseta: automóvil en posición espalda, color verde, estilo visual retro",verde,retro,automóvil,espalda
"Generar camiseta de estilo urbano, color negro, imagen de guitarra en zona pecho",negro,urbano,guitarra,pecho
"Diseño de camiseta: gráfico de texto, color negro, estilo retro, posición espalda",negro,retro,texto,espalda
"Necesito una camiseta con gráfico de calavera en zona pecho, color blanco, estilo retro",blanco,retro,calavera,pecho
"Generar camiseta de estilo urbano, color verde, imagen de águila en zona esquina",verde,urbano,águila,esquina
"Diseñar camiseta: elemento gráfico montaña, color azul, estilo urbano, ubicación espalda",azul,urbano,montaña,espalda
"Diseño de camiseta: gráfico de árbol, color blanco, estilo deportivo, posición esquina",blanco,deportivo,árbol,esquina
"Camiseta color negro, estilo deportivo, con estampado de automóvil en zona pecho",negro,deportivo,automóvil,pecho
"Quiero una camiseta con diseño de árbol en estilo minimalista, color verde, posición esquina",verde,minimalista,árbol,esquina
"Quiero una camiseta con diseño de texto en estilo minimalista, color verde, posición espalda",verde,minimalista,texto,espalda
"Quiero diseño de calavera en camiseta color gris, estilo deportivo, ubicado en espalda",gris,deportivo,calavera,espalda
"Quiero una camiseta con diseño de montaña en estilo minimalista, color azul, posición centrado",azul,minimalista,montaña,centrado
"Quiero una camiseta con diseño de dragón en estilo retro, color rojo, posición centrado",rojo,retro,dragón,centrado
"Diseño para camiseta: águila en posición centrado, color negro, estilo visual urbano",negro,urbano,águila,centrado
"Quiero una camiseta con diseño de guitarra en estilo vintage, color negro, posición espalda",negro,vintage,guitarra,espalda
"Crear camiseta de estilo urbano con motivo de texto en color rojo, zona esquina",rojo,urbano,texto,esquina
"Crear camiseta de estilo retro con motivo de árbol en color blanco, zona esquina",blanco,retro,árbol,esquina
"Generar camiseta de estilo urbano, color blanco, imagen de sol en zona centrado",blanco,urbano,sol,centrado
Camiseta de color negro con motivo urbano de automóvil en la zona pecho,negro,urbano,automóvil,pecho
"Diseñar camiseta: elemento gráfico dragón, color gris, estilo deportivo, ubicación esquina",gris,deportivo,dragón,esquina
"Quiero estampado de montaña en zona espalda, color gris, estilo minimalista",gris,minimalista,montaña,espalda
"Camiseta de color azul, diseño de calavera, estilo urbano, zona esquina",azul,urbano,calavera,esquina
"Camiseta con imagen de sol, color gris, estilo deportivo, posición centrado",gris,deportivo,sol,centrado
"Quiero estampado de texto en zona espalda, color gris, estilo retro",gris,retro,texto,espalda
"Quiero estampado de guitarra en zona esquina, color verde, estilo minimalista",verde,minimalista,guitarra,esquina
"Generar camiseta de estilo deportivo, color blanco, imagen de montaña en zona espalda",blanco,deportivo,montaña,espalda
"Diseño de camiseta: gráfico de calavera, color negro, estilo vintage, posición centrado",negro,vintage,calavera,centrado
"Quiero una camiseta con diseño de árbol en estilo urbano, color verde, posición espalda",verde,urbano,árbol,espalda
"Diseño para camiseta: guitarra en posición centrado, color rojo, estilo visual retro",rojo,retro,guitarra,centrado
"Generar camiseta de estilo retro, color azul, imagen de sol en zona pecho",azul,retro,sol,pecho
"Quiero diseño de águila en camiseta color gris, estilo urbano, ubicado en espalda",gris,urbano,águila,espalda
"Diseño de camiseta: gráfico de águila, color blanco, estilo minimalista, posición pecho",blanco,minimalista,águila,pecho
Camiseta de color azul con motivo urbano de sol en la zona esquina,azul,urbano,sol,esquina
"Diseño para camiseta: montaña en posición pecho, color azul, estilo visual retro",azul,retro,montaña,pecho
"Quiero diseño de automóvil en camiseta color rojo, estilo retro, ubicado en esquina",rojo,retro,automóvil,esquina
"Crear camiseta de estilo urbano con motivo de automóvil en color negro, zona pecho",negro,urbano,automóvil,pecho
"Camiseta de color rojo, diseño de águila, estilo minimalista, zona pecho",rojo,minimalista,águila,pecho
"Necesito una camiseta con gráfico de texto en zona espalda, color blanco, estilo retro",blanco,retro,texto,espalda
"Camiseta con imagen de guitarra, color verde, estilo minimalista, posición centrado",verde,minimalista,guitarra,centrado
"Necesito una camiseta con gráfico de automóvil en zona pecho, color gris, estilo minimalista",gris,minimalista,automóvil,pecho
"Generar camiseta de estilo retro, color blanco, imagen de dragón en zona espalda",blanco,retro,dragón,espalda
"Quiero una camiseta con diseño de dragón en estilo minimalista, color verde, posición centrado",verde,minimalista,dragón,centrado
"Camiseta con imagen de árbol, color blanco, estilo deportivo, posición pecho",blanco,deportivo,árbol,pecho
"Quiero estampado de lobo en zona esquina, color gris, estilo deportivo",gris,deportivo,lobo,esquina
"Camiseta con estampado de águila, color principal verde, estilo visual retro, zona centrado",verde,retro,águila,centrado
"Diseñar camiseta: elemento gráfico sol, color azul, estilo vintage, ubicación centrado",azul,vintage,sol,centrado
"Diseño de camiseta: gráfico de árbol, color rojo, estilo deportivo, posición pecho",rojo,deportivo,árbol,pecho
"Camiseta color blanco, estilo retro, con estampado de águila en zona pecho",blanco,retro,águila,pecho
"Camiseta con estampado de árbol, color principal blanco, estilo visual retro, zona espalda",blanco,retro,árbol,espalda
"Quiero diseño de guitarra en camiseta color gris, estilo retro, ubicado en centrado",gris,retro,guitarra,centrado
"Quiero una camiseta con diseño de guitarra en estilo urbano, color rojo, posición pecho",rojo,urbano,guitarra,pecho
"Generar camiseta de estilo minimalista, color azul, imagen de águila en zona pecho",azul,minimalista,águila,pecho
"Quiero diseño de árbol en camiseta color gris, estilo retro, ubicado en pecho",gris,retro,árbol,pecho
"Quiero estampado de automóvil en zona pecho, color azul, estilo retro",azul,retro,automóvil,pecho
"Generar camiseta de estilo vintage, color azul, imagen de calavera en zona espalda",azul,vintage,calavera,espalda
"Quiero una camiseta con diseño de lobo en estilo urbano, color rojo, posición espalda",rojo,urbano,lobo,espalda
Camiseta de color blanco con motivo minimalista de árbol en la zona pecho,blanco,minimalista,árbol,pecho
"Necesito una camiseta con gráfico de dragón en zona esquina, color rojo, estilo minimalista",rojo,minimalista,dragón,esquina
"Camiseta con imagen de árbol, color verde, estilo urbano, posición espalda",verde,urbano,árbol,espalda
"Camiseta con estampado de automóvil, color principal azul, estilo visual deportivo, zona esquina",azul,deportivo,automóvil,esquina
Camiseta de color verde con motivo urbano de automóvil en la zona espalda,verde,urbano,automóvil,espalda
"Diseño para camiseta: guitarra en posición centrado, color blanco, estilo visual vintage",blanco,vintage,guitarra,centrado
"Quiero diseño de águila en camiseta color azul, estilo vintage, ubicado en espalda",azul,vintage,águila,espalda
"Quiero estampado de dragón en zona pecho, color gris, estilo urbano",gris,urbano,dragón,pecho
Camiseta de color rojo con motivo deportivo de guitarra en la zona pecho,rojo,deportivo,guitarra,pecho
"Quiero diseño de texto en camiseta color verde, estilo minimalista, ubicado en pecho",verde,minimalista,texto,pecho
"Camiseta con imagen de árbol, color negro, estilo deportivo, posición pecho",negro,deportivo,árbol,pecho
"Camiseta con imagen de guitarra, color gris, estilo retro, posición espalda",gris,retro,guitarra,espalda
"Diseño de camiseta: gráfico de calavera, color azul, estilo deportivo, posición esquina",azul,deportivo,calavera,esquina
"Diseño de camiseta: gráfico de guitarra, color blanco, estilo urbano, posición espalda",blanco,urbano,guitarra,espalda
"Quiero estampado de automóvil en zona esquina, color negro, estilo retro",negro,retro,automóvil,esquina
"Camiseta de color azul, diseño de sol, estilo vintage, zona pecho",azul,vintage,sol,pecho
"Camiseta con imagen de sol, color azul, estilo vintage, posición esquina",azul,vintage,sol,esquina
"Diseño de camiseta: gráfico de automóvil, color negro, estilo urbano, posición espalda",negro,urbano,automóvil,espalda
"Quiero diseño de automóvil en camiseta color gris, estilo retro, ubicado en esquina",gris,retro,automóvil,esquina
"Crear camiseta de estilo urbano con motivo de lobo en color gris, zona espalda",gris,urbano,lobo,espalda
"Necesito una camiseta con gráfico de dragón en zona pecho, color rojo, estilo deportivo",rojo,deportivo,dragón,pecho
"Camiseta de color negro, diseño de sol, estilo deportivo, zona centrado",negro,deportivo,sol,centrado
"Diseñar camiseta: elemento gráfico texto, color verde, estilo retro, ubicación esquina",verde,retro,texto,esquina
"Necesito una camiseta con gráfico de texto en zona esquina, color rojo, estilo retro",rojo,retro,texto,esquina
"Crear camiseta de estilo vintage con motivo de águila en color verde, zona espalda",verde,vintage,águila,espalda
Camiseta de color azul con motivo minimalista de calavera en la zona esquina,azul,minimalista,calavera,esquina
"Necesito una camiseta con gráfico de calavera en zona centrado, color blanco, estilo deportivo",blanco,deportivo,calavera,centrado
"Generar camiseta de estilo minimalista, color gris, imagen de montaña en zona pecho",gris,minimalista,montaña,pecho
"Generar camiseta de estilo retro, color gris, imagen de águila en zona centrado",gris,retro,águila,centrado
"Camiseta de color blanco, diseño de lobo, estilo urbano, zona centrado",blanco,urbano,lobo,centrado
"Diseñar camiseta: elemento gráfico sol, color azul, estilo vintage, ubicación pecho",azul,vintage,sol,pecho
"Quiero diseño de sol en camiseta color rojo, estilo vintage, ubicado en centrado",rojo,vintage,sol,centrado
"Diseñar camiseta: elemento gráfico árbol, color gris, estilo urbano, ubicación esquina",gris,urbano,árbol,esquina
"Camiseta con imagen de calavera, color azul, estilo minimalista, posición pecho",azul,minimalista,calavera,pecho
"Diseño de camiseta: gráfico de lobo, color gris, estilo vintage, posición espalda",gris,vintage,lobo,espalda
"Diseño para camiseta: texto en posición centrado, color gris, estilo visual minimalista",gris,minimalista,texto,centrado
"Quiero una camiseta con diseño de calavera en estilo deportivo, color blanco, posición espalda",blanco,deportivo,calavera,espalda
"Diseñar camiseta: elemento gráfico automóvil, color verde, estilo deportivo, ubicación centrado",verde,deportivo,automóvil,centrado
"Crear camiseta de estilo urbano con motivo de águila en color rojo, zona pecho",rojo,urbano,águila,pecho
"Diseño de camiseta: gráfico de montaña, color gris, estilo deportivo, posición pecho",gris,deportivo,montaña,pecho
"Camiseta de color azul, diseño de calavera, estilo minimalista, zona pecho",azul,minimalista,calavera,pecho
"Quiero una camiseta con diseño de árbol en estilo retro, color verde, posición centrado",verde,retro,árbol,centrado
