prompt,color,estilo,elemento,posicion,color_enc,estilo_enc,elemento_enc,posicion_enc
"Quiero una camiseta con diseño de guitarra en estilo minimalista, color blanco, posición pecho",blanco,minimalista,guitarra,pecho,1,1,3,3
"Camiseta de color blanco, diseño de dragón, estilo retro, zona espalda",blanco,retro,dragón,espalda,1,2,2,1
"Necesito una camiseta con gráfico de sol en zona centrado, color azul, estilo urbano",azul,urbano,sol,centrado,0,3,6,0
"Camiseta color blanco, estilo retro, con estampado de lobo en zona esquina",blanco,retro,lobo,esquina,1,2,4,2
"Diseñar camiseta: elemento gráfico dragón, color gris, estilo retro, ubicación centrado",gris,retro,dragón,centrado,2,2,2,0
"Diseño para camiseta: texto en posición centrado, color gris, estilo visual minimalista",gris,minimalista,texto,centrado,2,1,7,0
Camiseta de color negro con motivo minimalista de dragón en la zona esquina,negro,minimalista,dragón,esquina,3,1,2,2
"Camiseta color azul, estilo urbano, con estampado de águila en zona esquina",azul,urbano,águila,esquina,0,3,8,2
"Crear camiseta de estilo urbano con motivo de guitarra en color gris, zona espalda",gris,urbano,guitarra,espalda,2,3,3,1
"Generar camiseta de estilo retro, color negro, imagen de automóvil en zona esquina",negro,retro,automóvil,esquina,3,2,0,2
"Quiero estampado de árbol en zona centrado, color gris, estilo urbano",gris,urbano,árbol,centrado,2,3,9,0
"Diseño de camiseta: gráfico de guitarra, color azul, estilo vintage, posición pecho",azul,vintage,guitarra,pecho,0,4,3,3
"Camiseta con imagen de montaña, color rojo, estilo retro, posición centrado",rojo,retro,montaña,centrado,4,2,5,0
Camiseta de color negro con motivo minimalista de guitarra en la zona centrado,negro,minimalista,guitarra,centrado,3,1,3,0
"Camiseta de color verde, diseño de árbol, estilo deportivo, zona pecho",verde,deportivo,árbol,pecho,5,0,9,3
"Quiero una camiseta con diseño de águila en estilo vintage, color azul, posición centrado",azul,vintage,águila,centrado,0,4,8,0
Camiseta de color negro con motivo urbano de sol en la zona esquina,negro,urbano,sol,esquina,3,3,6,2
"Diseño para camiseta: árbol en posición esquina, color verde, estilo visual minimalista",verde,minimalista,árbol,esquina,5,1,9,2
"Diseño de camiseta: gráfico de automóvil, color verde, estilo urbano, posición pecho",verde,urbano,automóvil,pecho,5,3,0,3
"Quiero una camiseta con diseño de automóvil en estilo vintage, color blanco, posición pecho",blanco,vintage,automóvil,pecho,1,4,0,3
"Camiseta de color azul, diseño de sol, estilo deportivo, zona espalda",azul,deportivo,sol,espalda,0,0,6,1
"Quiero estampado de guitarra en zona pecho, color rojo, estilo urbano",rojo,urbano,guitarra,pecho,4,3,3,3
"Camiseta color gris, estilo retro, con estampado de dragón en zona esquina",gris,retro,dragón,esquina,2,2,2,2
"Diseño de camiseta: gráfico de guitarra, color rojo, estilo deportivo, posición pecho",rojo,deportivo,guitarra,pecho,4,0,3,3
Camiseta de color verde con motivo retro de montaña en la zona pecho,verde,retro,montaña,pecho,5,2,5,3
"Camiseta de color gris, diseño de lobo, estilo deportivo, zona centrado",gris,deportivo,lobo,centrado,2,0,4,0
"Diseño de camiseta: gráfico de texto, color gris, estilo minimalista, posición centrado",gris,minimalista,texto,centrado,2,1,7,0
"Diseño para camiseta: calavera en posición esquina, color azul, estilo visual deportivo",azul,deportivo,calavera,esquina,0,0,1,2
"Diseño de camiseta: gráfico de árbol, color azul, estilo retro, posición centrado",azul,retro,árbol,centrado,0,2,9,0
"Camiseta con estampado de calavera, color principal rojo, estilo visual urbano, zona centrado",rojo,urbano,calavera,centrado,4,3,1,0
"Generar camiseta de estilo retro, color gris, imagen de guitarra en zona pecho",gris,retro,guitarra,pecho,2,2,3,3
"Camiseta color verde, estilo urbano, con estampado de texto en zona esquina",verde,urbano,texto,esquina,5,3,7,2
"Quiero diseño de montaña en camiseta color negro, estilo minimalista, ubicado en esquina",negro,minimalista,montaña,esquina,3,1,5,2
"Camiseta de color negro, diseño de automóvil, estilo retro, zona pecho",negro,retro,automóvil,pecho,3,2,0,3
"Crear camiseta de estilo urbano con motivo de automóvil en color blanco, zona espalda",blanco,urbano,automóvil,espalda,1,3,0,1
"Generar camiseta de estilo urbano, color negro, imagen de lobo en zona centrado",negro,urbano,lobo,centrado,3,3,4,0
"Quiero una camiseta con diseño de texto en estilo deportivo, color verde, posición espalda",verde,deportivo,texto,espalda,5,0,7,1
"Necesito una camiseta con gráfico de águila en zona pecho, color negro, estilo deportivo",negro,deportivo,águila,pecho,3,0,8,3
"Quiero estampado de árbol en zona esquina, color negro, estilo urbano",negro,urbano,árbol,esquina,3,3,9,2
"Crear camiseta de estilo retro con motivo de dragón en color verde, zona centrado",verde,retro,dragón,centrado,5,2,2,0
"Camiseta color verde, estilo urbano, con estampado de sol en zona esquina",verde,urbano,sol,esquina,5,3,6,2
"Diseñar camiseta: elemento gráfico automóvil, color azul, estilo vintage, ubicación centrado",azul,vintage,automóvil,centrado,0,4,0,0
"Diseño de camiseta: gráfico de calavera, color rojo, estilo minimalista, posición espalda",rojo,minimalista,calavera,espalda,4,1,1,1
"Camiseta con estampado de águila, color principal rojo, estilo visual minimalista, zona pecho",rojo,minimalista,águila,pecho,4,1,8,3
"Camiseta de color gris, diseño de sol, estilo deportivo, zona centrado",gris,deportivo,sol,centrado,2,0,6,0
"Diseño para camiseta: sol en posición centrado, color negro, estilo visual vintage",negro,vintage,sol,centrado,3,4,6,0
"Diseño para camiseta: guitarra en posición centrado, color rojo, estilo visual retro",rojo,retro,guitarra,centrado,4,2,3,0
"Camiseta con imagen de dragón, color verde, estilo vintage, posición esquina",verde,vintage,dragón,esquina,5,4,2,2
"Camiseta de color azul, diseño de montaña, estilo deportivo, zona esquina",azul,deportivo,montaña,esquina,0,0,5,2
"Quiero estampado de árbol en zona esquina, color azul, estilo urbano",azul,urbano,árbol,esquina,0,3,9,2
"Camiseta color blanco, estilo deportivo, con estampado de árbol en zona centrado",blanco,deportivo,árbol,centrado,1,0,9,0
"Diseño de camiseta: gráfico de guitarra, color azul, estilo deportivo, posición centrado",azul,deportivo,guitarra,centrado,0,0,3,0
"Crear camiseta de estilo retro con motivo de árbol en color verde, zona esquina",verde,retro,árbol,esquina,5,2,9,2
"Generar camiseta de estilo urbano, color blanco, imagen de dragón en zona pecho",blanco,urbano,dragón,pecho,1,3,2,3
"Camiseta con imagen de águila, color rojo, estilo minimalista, posición espalda",rojo,minimalista,águila,espalda,4,1,8,1
"Camiseta con estampado de automóvil, color principal azul, estilo visual vintage, zona pecho",azul,vintage,automóvil,pecho,0,4,0,3
"Quiero una camiseta con diseño de automóvil en estilo retro, color negro, posición espalda",negro,retro,automóvil,espalda,3,2,0,1
"Crear camiseta de estilo retro con motivo de calavera en color rojo, zona esquina",rojo,retro,calavera,esquina,4,2,1,2
"Necesito una camiseta con gráfico de águila en zona pecho, color negro, estilo retro",negro,retro,águila,pecho,3,2,8,3
"Diseño de camiseta: gráfico de automóvil, color verde, estilo retro, posición pecho",verde,retro,automóvil,pecho,5,2,0,3
Camiseta de color verde con motivo deportivo de águila en la zona espalda,verde,deportivo,águila,espalda,5,0,8,1
"Diseño para camiseta: dragón en posición esquina, color blanco, estilo visual urbano",blanco,urbano,dragón,esquina,1,3,2,2
"Diseño de camiseta: gráfico de guitarra, color blanco, estilo retro, posición esquina",blanco,retro,guitarra,esquina,1,2,3,2
"Camiseta de color rojo, diseño de montaña, estilo retro, zona pecho",rojo,retro,montaña,pecho,4,2,5,3
Camiseta de color azul con motivo vintage de sol en la zona centrado,azul,vintage,sol,centrado,0,4,6,0
"Necesito una camiseta con gráfico de lobo en zona espalda, color gris, estilo retro",gris,retro,lobo,espalda,2,2,4,1
"Necesito una camiseta con gráfico de árbol en zona esquina, color gris, estilo urbano",gris,urbano,árbol,esquina,2,3,9,2
"Quiero una camiseta con diseño de montaña en estilo minimalista, color negro, posición pecho",negro,minimalista,montaña,pecho,3,1,5,3
Camiseta de color rojo con motivo retro de lobo en la zona espalda,rojo,retro,lobo,espalda,4,2,4,1
"Quiero estampado de árbol en zona esquina, color negro, estilo vintage",negro,vintage,árbol,esquina,3,4,9,2
Camiseta de color rojo con motivo vintage de montaña en la zona espalda,rojo,vintage,montaña,espalda,4,4,5,1
"Camiseta con estampado de dragón, color principal azul, estilo visual urbano, zona esquina",azul,urbano,dragón,esquina,0,3,2,2
"Generar camiseta de estilo urbano, color azul, imagen de automóvil en zona esquina",azul,urbano,automóvil,esquina,0,3,0,2
"Camiseta con imagen de lobo, color azul, estilo vintage, posición centrado",azul,vintage,lobo,centrado,0,4,4,0
"Camiseta color azul, estilo retro, con estampado de dragón en zona pecho",azul,retro,dragón,pecho,0,2,2,3
"Quiero una camiseta con diseño de sol en estilo deportivo, color verde, posición espalda",verde,deportivo,sol,espalda,5,0,6,1
"Camiseta con estampado de calavera, color principal verde, estilo visual minimalista, zona esquina",verde,minimalista,calavera,esquina,5,1,1,2
"Generar camiseta de estilo vintage, color negro, imagen de calavera en zona centrado",negro,vintage,calavera,centrado,3,4,1,0
"Camiseta con estampado de águila, color principal azul, estilo visual urbano, zona centrado",azul,urbano,águila,centrado,0,3,8,0
"Diseñar camiseta: elemento gráfico árbol, color verde, estilo vintage, ubicación pecho",verde,vintage,árbol,pecho,5,4,9,3
"Quiero una camiseta con diseño de árbol en estilo minimalista, color azul, posición pecho",azul,minimalista,árbol,pecho,0,1,9,3
"Necesito una camiseta con gráfico de sol en zona centrado, color rojo, estilo vintage",rojo,vintage,sol,centrado,4,4,6,0
"Quiero diseño de guitarra en camiseta color rojo, estilo minimalista, ubicado en esquina",rojo,minimalista,guitarra,esquina,4,1,3,2
"Diseño de camiseta: gráfico de automóvil, color negro, estilo vintage, posición pecho",negro,vintage,automóvil,pecho,3,4,0,3
"Diseñar camiseta: elemento gráfico dragón, color gris, estilo urbano, ubicación pecho",gris,urbano,dragón,pecho,2,3,2,3
"Camiseta de color azul, diseño de montaña, estilo deportivo, zona pecho",azul,deportivo,montaña,pecho,0,0,5,3
"Diseñar camiseta: elemento gráfico montaña, color blanco, estilo vintage, ubicación espalda",blanco,vintage,montaña,espalda,1,4,5,1
"Camiseta con imagen de guitarra, color verde, estilo minimalista, posición centrado",verde,minimalista,guitarra,centrado,5,1,3,0
"Generar camiseta de estilo minimalista, color verde, imagen de guitarra en zona pecho",verde,minimalista,guitarra,pecho,5,1,3,3
"Generar camiseta de estilo vintage, color blanco, imagen de guitarra en zona centrado",blanco,vintage,guitarra,centrado,1,4,3,0
"Quiero una camiseta con diseño de calavera en estilo urbano, color negro, posición centrado",negro,urbano,calavera,centrado,3,3,1,0
"Quiero diseño de automóvil en camiseta color gris, estilo urbano, ubicado en centrado",gris,urbano,automóvil,centrado,2,3,0,0
"Diseño de camiseta: gráfico de sol, color negro, estilo urbano, posición centrado",negro,urbano,sol,centrado,3,3,6,0
"Quiero estampado de montaña en zona esquina, color negro, estilo deportivo",negro,deportivo,montaña,esquina,3,0,5,2
"Diseño para camiseta: dragón en posición espalda, color gris, estilo visual retro",gris,retro,dragón,espalda,2,2,2,1
"Camiseta con estampado de dragón, color principal negro, estilo visual vintage, zona esquina",negro,vintage,dragón,esquina,3,4,2,2
"Camiseta color verde, estilo minimalista, con estampado de lobo en zona centrado",verde,minimalista,lobo,centrado,5,1,4,0
"Diseñar camiseta: elemento gráfico lobo, color blanco, estilo minimalista, ubicación pecho",blanco,minimalista,lobo,pecho,1,1,4,3
"Diseño de camiseta: gráfico de guitarra, color verde, estilo retro, posición esquina",verde,retro,guitarra,esquina,5,2,3,2
"Crear camiseta de estilo deportivo con motivo de dragón en color azul, zona pecho",azul,deportivo,dragón,pecho,0,0,2,3
"Camiseta de color gris, diseño de calavera, estilo deportivo, zona centrado",gris,deportivo,calavera,centrado,2,0,1,0
"Diseño para camiseta: guitarra en posición esquina, color gris, estilo visual minimalista",gris,minimalista,guitarra,esquina,2,1,3,2
"Camiseta con estampado de calavera, color principal verde, estilo visual urbano, zona centrado",verde,urbano,calavera,centrado,5,3,1,0
"Diseño para camiseta: lobo en posición espalda, color gris, estilo visual minimalista",gris,minimalista,lobo,espalda,2,1,4,1
Camiseta de color rojo con motivo deportivo de árbol en la zona espalda,rojo,deportivo,árbol,espalda,4,0,9,1
"Camiseta color rojo, estilo retro, con estampado de árbol en zona esquina",rojo,retro,árbol,esquina,4,2,9,2
"Crear camiseta de estilo urbano con motivo de sol en color verde, zona espalda",verde,urbano,sol,espalda,5,3,6,1
"Quiero estampado de calavera en zona pecho, color rojo, estilo urbano",rojo,urbano,calavera,pecho,4,3,1,3
"Camiseta color negro, estilo deportivo, con estampado de dragón en zona esquina",negro,deportivo,dragón,esquina,3,0,2,2
"Diseño de camiseta: gráfico de sol, color azul, estilo urbano, posición espalda",azul,urbano,sol,espalda,0,3,6,1
"Camiseta con estampado de dragón, color principal verde, estilo visual deportivo, zona centrado",verde,deportivo,dragón,centrado,5,0,2,0
"Generar camiseta de estilo urbano, color gris, imagen de calavera en zona pecho",gris,urbano,calavera,pecho,2,3,1,3
"Quiero una camiseta con diseño de calavera en estilo minimalista, color rojo, posición centrado",rojo,minimalista,calavera,centrado,4,1,1,0
"Generar camiseta de estilo retro, color rojo, imagen de sol en zona pecho",rojo,retro,sol,pecho,4,2,6,3
Camiseta de color negro con motivo minimalista de texto en la zona esquina,negro,minimalista,texto,esquina,3,1,7,2
"Diseño de camiseta: gráfico de calavera, color negro, estilo retro, posición centrado",negro,retro,calavera,centrado,3,2,1,0
"Generar camiseta de estilo minimalista, color verde, imagen de águila en zona espalda",verde,minimalista,águila,espalda,5,1,8,1
"Quiero diseño de texto en camiseta color verde, estilo urbano, ubicado en pecho",verde,urbano,texto,pecho,5,3,7,3
"Quiero estampado de árbol en zona espalda, color rojo, estilo minimalista",rojo,minimalista,árbol,espalda,4,1,9,1
"Necesito una camiseta con gráfico de texto en zona espalda, color rojo, estilo vintage",rojo,vintage,texto,espalda,4,4,7,1
"Generar camiseta de estilo urbano, color negro, imagen de automóvil en zona esquina",negro,urbano,automóvil,esquina,3,3,0,2
"Diseño para camiseta: calavera en posición centrado, color gris, estilo visual vintage",gris,vintage,calavera,centrado,2,4,1,0
"Diseño de camiseta: gráfico de lobo, color verde, estilo retro, posición espalda",verde,retro,lobo,espalda,5,2,4,1
"Camiseta con estampado de montaña, color principal negro, estilo visual urbano, zona espalda",negro,urbano,montaña,espalda,3,3,5,1
"Quiero estampado de árbol en zona espalda, color rojo, estilo urbano",rojo,urbano,árbol,espalda,4,3,9,1
"Camiseta con imagen de automóvil, color rojo, estilo deportivo, posición espalda",rojo,deportivo,automóvil,espalda,4,0,0,1
"Necesito una camiseta con gráfico de texto en zona esquina, color rojo, estilo retro",rojo,retro,texto,esquina,4,2,7,2
"Diseño para camiseta: lobo en posición centrado, color gris, estilo visual retro",gris,retro,lobo,centrado,2,2,4,0
"Camiseta color verde, estilo urbano, con estampado de montaña en zona espalda",verde,urbano,montaña,espalda,5,3,5,1
"Crear camiseta de estilo retro con motivo de dragón en color blanco, zona pecho",blanco,retro,dragón,pecho,1,2,2,3
"Camiseta con estampado de texto, color principal azul, estilo visual deportivo, zona esquina",azul,deportivo,texto,esquina,0,0,7,2
"Quiero una camiseta con diseño de automóvil en estilo urbano, color blanco, posición pecho",blanco,urbano,automóvil,pecho,1,3,0,3
"Camiseta con imagen de calavera, color azul, estilo retro, posición centrado",azul,retro,calavera,centrado,0,2,1,0
"Generar camiseta de estilo vintage, color azul, imagen de sol en zona espalda",azul,vintage,sol,espalda,0,4,6,1
"Quiero diseño de calavera en camiseta color blanco, estilo minimalista, ubicado en centrado",blanco,minimalista,calavera,centrado,1,1,1,0
"Diseño para camiseta: águila en posición centrado, color negro, estilo visual vintage",negro,vintage,águila,centrado,3,4,8,0
"Necesito una camiseta con gráfico de árbol en zona centrado, color rojo, estilo urbano",rojo,urbano,árbol,centrado,4,3,9,0
"Quiero diseño de texto en camiseta color negro, estilo minimalista, ubicado en centrado",negro,minimalista,texto,centrado,3,1,7,0
"Necesito una camiseta con gráfico de dragón en zona pecho, color rojo, estilo retro",rojo,retro,dragón,pecho,4,2,2,3
"Necesito una camiseta con gráfico de automóvil en zona centrado, color rojo, estilo retro",rojo,retro,automóvil,centrado,4,2,0,0
"Camiseta con estampado de guitarra, color principal blanco, estilo visual deportivo, zona esquina",blanco,deportivo,guitarra,esquina,1,0,3,2
"Quiero estampado de montaña en zona espalda, color gris, estilo minimalista",gris,minimalista,montaña,espalda,2,1,5,1
"Quiero una camiseta con diseño de calavera en estilo minimalista, color rojo, posición pecho",rojo,minimalista,calavera,pecho,4,1,1,3
"Quiero estampado de automóvil en zona centrado, color azul, estilo minimalista",azul,minimalista,automóvil,centrado,0,1,0,0
"Diseñar camiseta: elemento gráfico águila, color blanco, estilo deportivo, ubicación esquina",blanco,deportivo,águila,esquina,1,0,8,2
"Diseño de camiseta: gráfico de guitarra, color blanco, estilo vintage, posición pecho",blanco,vintage,guitarra,pecho,1,4,3,3
"Generar camiseta de estilo deportivo, color negro, imagen de calavera en zona pecho",negro,deportivo,calavera,pecho,3,0,1,3
Camiseta de color verde con motivo urbano de automóvil en la zona esquina,verde,urbano,automóvil,esquina,5,3,0,2
"Generar camiseta de estilo urbano, color verde, imagen de guitarra en zona espalda",verde,urbano,guitarra,espalda,5,3,3,1
"Diseño para camiseta: guitarra en posición pecho, color blanco, estilo visual deportivo",blanco,deportivo,guitarra,pecho,1,0,3,3
"Camiseta color negro, estilo deportivo, con estampado de montaña en zona pecho",negro,deportivo,montaña,pecho,3,0,5,3
"Quiero estampado de montaña en zona espalda, color gris, estilo vintage",gris,vintage,montaña,espalda,2,4,5,1
"Camiseta con imagen de sol, color gris, estilo deportivo, posición centrado",gris,deportivo,sol,centrado,2,0,6,0
"Quiero estampado de águila en zona pecho, color blanco, estilo urbano",blanco,urbano,águila,pecho,1,3,8,3
"Quiero diseño de sol en camiseta color rojo, estilo vintage, ubicado en espalda",rojo,vintage,sol,espalda,4,4,6,1
"Camiseta con imagen de lobo, color negro, estilo deportivo, posición centrado",negro,deportivo,lobo,centrado,3,0,4,0
"Diseño de camiseta: gráfico de dragón, color azul, estilo urbano, posición espalda",azul,urbano,dragón,espalda,0,3,2,1
"Quiero una camiseta con diseño de texto en estilo deportivo, color gris, posición espalda",gris,deportivo,texto,espalda,2,0,7,1
"Quiero estampado de calavera en zona espalda, color rojo, estilo vintage",rojo,vintage,calavera,espalda,4,4,1,1
"Camiseta color gris, estilo minimalista, con estampado de árbol en zona espalda",gris,minimalista,árbol,espalda,2,1,9,1
"Camiseta con imagen de automóvil, color rojo, estilo deportivo, posición esquina",rojo,deportivo,automóvil,esquina,4,0,0,2
"Quiero diseño de árbol en camiseta color verde, estilo vintage, ubicado en esquina",verde,vintage,árbol,esquina,5,4,9,2
"Diseñar camiseta: elemento gráfico guitarra, color negro, estilo retro, ubicación centrado",negro,retro,guitarra,centrado,3,2,3,0
"Quiero diseño de automóvil en camiseta color gris, estilo minimalista, ubicado en centrado",gris,minimalista,automóvil,centrado,2,1,0,0
"Quiero estampado de guitarra en zona esquina, color gris, estilo urbano",gris,urbano,guitarra,esquina,2,3,3,2
"Crear camiseta de estilo vintage con motivo de guitarra en color verde, zona esquina",verde,vintage,guitarra,esquina,5,4,3,2
"Diseño para camiseta: automóvil en posición espalda, color verde, estilo visual retro",verde,retro,automóvil,espalda,5,2,0,1
Camiseta de color negro con motivo retro de automóvil en la zona centrado,negro,retro,automóvil,centrado,3,2,0,0
"Camiseta de color gris, diseño de sol, estilo retro, zona esquina",gris,retro,sol,esquina,2,2,6,2
"Generar camiseta de estilo retro, color gris, imagen de texto en zona esquina",gris,retro,texto,esquina,2,2,7,2
Camiseta de color azul con motivo deportivo de dragón en la zona centrado,azul,deportivo,dragón,centrado,0,0,2,0
"Generar camiseta de estilo minimalista, color blanco, imagen de montaña en zona espalda",blanco,minimalista,montaña,espalda,1,1,5,1
"Quiero una camiseta con diseño de calavera en estilo minimalista, color rojo, posición esquina",rojo,minimalista,calavera,esquina,4,1,1,2
"Camiseta color azul, estilo retro, con estampado de calavera en zona espalda",azul,retro,calavera,espalda,0,2,1,1
"Crear camiseta de estilo deportivo con motivo de montaña en color negro, zona espalda",negro,deportivo,montaña,espalda,3,0,5,1
"Quiero estampado de calavera en zona espalda, color blanco, estilo urbano",blanco,urbano,calavera,espalda,1,3,1,1
"Quiero una camiseta con diseño de águila en estilo minimalista, color rojo, posición centrado",rojo,minimalista,águila,centrado,4,1,8,0
"Quiero una camiseta con diseño de automóvil en estilo deportivo, color blanco, posición pecho",blanco,deportivo,automóvil,pecho,1,0,0,3
Camiseta de color blanco con motivo minimalista de lobo en la zona espalda,blanco,minimalista,lobo,espalda,1,1,4,1
"Quiero diseño de águila en camiseta color blanco, estilo urbano, ubicado en espalda",blanco,urbano,águila,espalda,1,3,8,1
"Camiseta con imagen de texto, color blanco, estilo retro, posición pecho",blanco,retro,texto,pecho,1,2,7,3
"Diseño de camiseta: gráfico de lobo, color rojo, estilo urbano, posición centrado",rojo,urbano,lobo,centrado,4,3,4,0
"Camiseta con estampado de automóvil, color principal blanco, estilo visual minimalista, zona esquina",blanco,minimalista,automóvil,esquina,1,1,0,2
"Camiseta color verde, estilo deportivo, con estampado de montaña en zona espalda",verde,deportivo,montaña,espalda,5,0,5,1
"Quiero diseño de águila en camiseta color rojo, estilo retro, ubicado en espalda",rojo,retro,águila,espalda,4,2,8,1
"Camiseta color azul, estilo urbano, con estampado de lobo en zona esquina",azul,urbano,lobo,esquina,0,3,4,2
"Quiero estampado de calavera en zona esquina, color gris, estilo vintage",gris,vintage,calavera,esquina,2,4,1,2
"Generar camiseta de estilo urbano, color negro, imagen de lobo en zona esquina",negro,urbano,lobo,esquina,3,3,4,2
"Quiero una camiseta con diseño de calavera en estilo urbano, color blanco, posición esquina",blanco,urbano,calavera,esquina,1,3,1,2
"Diseñar camiseta: elemento gráfico sol, color azul, estilo vintage, ubicación centrado",azul,vintage,sol,centrado,0,4,6,0
"Camiseta con estampado de sol, color principal rojo, estilo visual retro, zona espalda",rojo,retro,sol,espalda,4,2,6,1
"Diseño de camiseta: gráfico de sol, color azul, estilo vintage, posición pecho",azul,vintage,sol,pecho,0,4,6,3
"Diseño para camiseta: lobo en posición esquina, color azul, estilo visual deportivo",azul,deportivo,lobo,esquina,0,0,4,2
"Camiseta con estampado de dragón, color principal rojo, estilo visual retro, zona centrado",rojo,retro,dragón,centrado,4,2,2,0
"Necesito una camiseta con gráfico de lobo en zona espalda, color rojo, estilo deportivo",rojo,deportivo,lobo,espalda,4,0,4,1
"Diseño de camiseta: gráfico de lobo, color azul, estilo urbano, posición espalda",azul,urbano,lobo,espalda,0,3,4,1
"Diseñar camiseta: elemento gráfico lobo, color verde, estilo deportivo, ubicación pecho",verde,deportivo,lobo,pecho,5,0,4,3
"Camiseta con imagen de calavera, color azul, estilo deportivo, posición centrado",azul,deportivo,calavera,centrado,0,0,1,0
Camiseta de color blanco con motivo minimalista de águila en la zona esquina,blanco,minimalista,águila,esquina,1,1,8,2
"Crear camiseta de estilo vintage con motivo de montaña en color negro, zona pecho",negro,vintage,montaña,pecho,3,4,5,3
"Diseño para camiseta: texto en posición pecho, color rojo, estilo visual retro",rojo,retro,texto,pecho,4,2,7,3
"Generar camiseta de estilo deportivo, color blanco, imagen de montaña en zona espalda",blanco,deportivo,montaña,espalda,1,0,5,1
"Camiseta con estampado de águila, color principal gris, estilo visual minimalista, zona esquina",gris,minimalista,águila,esquina,2,1,8,2
"Camiseta con estampado de calavera, color principal verde, estilo visual vintage, zona espalda",verde,vintage,calavera,espalda,5,4,1,1
"Camiseta de color verde, diseño de automóvil, estilo deportivo, zona espalda",verde,deportivo,automóvil,espalda,5,0,0,1
"Quiero diseño de dragón en camiseta color verde, estilo minimalista, ubicado en centrado",verde,minimalista,dragón,centrado,5,1,2,0
"Generar camiseta de estilo minimalista, color azul, imagen de dragón en zona esquina",azul,minimalista,dragón,esquina,0,1,2,2
"Necesito una camiseta con gráfico de árbol en zona espalda, color negro, estilo retro",negro,retro,árbol,espalda,3,2,9,1
"Quiero estampado de texto en zona centrado, color rojo, estilo urbano",rojo,urbano,texto,centrado,4,3,7,0
"Quiero estampado de lobo en zona centrado, color negro, estilo minimalista",negro,minimalista,lobo,centrado,3,1,4,0
"Camiseta de color blanco, diseño de sol, estilo minimalista, zona centrado",blanco,minimalista,sol,centrado,1,1,6,0
"Crear camiseta de estilo deportivo con motivo de guitarra en color blanco, zona esquina",blanco,deportivo,guitarra,esquina,1,0,3,2
"Camiseta con estampado de dragón, color principal gris, estilo visual retro, zona esquina",gris,retro,dragón,esquina,2,2,2,2
"Crear camiseta de estilo minimalista con motivo de automóvil en color negro, zona centrado",negro,minimalista,automóvil,centrado,3,1,0,0
"Quiero una camiseta con diseño de calavera en estilo vintage, color negro, posición pecho",negro,vintage,calavera,pecho,3,4,1,3
"Camiseta color blanco, estilo urbano, con estampado de árbol en zona pecho",blanco,urbano,árbol,pecho,1,3,9,3
"Camiseta con imagen de águila, color gris, estilo minimalista, posición pecho",gris,minimalista,águila,pecho,2,1,8,3
"Camiseta de color rojo, diseño de automóvil, estilo vintage, zona espalda",rojo,vintage,automóvil,espalda,4,4,0,1
"Camiseta con estampado de guitarra, color principal verde, estilo visual deportivo, zona espalda",verde,deportivo,guitarra,espalda,5,0,3,1
"Quiero una camiseta con diseño de calavera en estilo urbano, color gris, posición esquina",gris,urbano,calavera,esquina,2,3,1,2
"Quiero una camiseta con diseño de automóvil en estilo retro, color negro, posición centrado",negro,retro,automóvil,centrado,3,2,0,0
"Diseño de camiseta: gráfico de guitarra, color negro, estilo minimalista, posición espalda",negro,minimalista,guitarra,espalda,3,1,3,1
"Diseño de camiseta: gráfico de dragón, color azul, estilo deportivo, posición espalda",azul,deportivo,dragón,espalda,0,0,2,1
"Necesito una camiseta con gráfico de montaña en zona esquina, color verde, estilo retro",verde,retro,montaña,esquina,5,2,5,2
"Quiero diseño de calavera en camiseta color blanco, estilo deportivo, ubicado en pecho",blanco,deportivo,calavera,pecho,1,0,1,3
"Quiero diseño de calavera en camiseta color blanco, estilo vintage, ubicado en espalda",blanco,vintage,calavera,espalda,1,4,1,1
"Camiseta con imagen de sol, color negro, estilo minimalista, posición esquina",negro,minimalista,sol,esquina,3,1,6,2
"Camiseta con imagen de automóvil, color negro, estilo urbano, posición pecho",negro,urbano,automóvil,pecho,3,3,0,3
"Quiero estampado de calavera en zona esquina, color azul, estilo minimalista",azul,minimalista,calavera,esquina,0,1,1,2
"Camiseta de color rojo, diseño de águila, estilo minimalista, zona pecho",rojo,minimalista,águila,pecho,4,1,8,3
Camiseta de color gris con motivo urbano de sol en la zona espalda,gris,urbano,sol,espalda,2,3,6,1
"Quiero estampado de texto en zona esquina, color azul, estilo minimalista",azul,minimalista,texto,esquina,0,1,7,2
"Camiseta color azul, estilo retro, con estampado de dragón en zona esquina",azul,retro,dragón,esquina,0,2,2,2
"Camiseta de color rojo, diseño de montaña, estilo deportivo, zona centrado",rojo,deportivo,montaña,centrado,4,0,5,0
"Diseño para camiseta: guitarra en posición espalda, color azul, estilo visual minimalista",azul,minimalista,guitarra,espalda,0,1,3,1
"Necesito una camiseta con gráfico de sol en zona esquina, color verde, estilo retro",verde,retro,sol,esquina,5,2,6,2
Camiseta de color blanco con motivo deportivo de calavera en la zona centrado,blanco,deportivo,calavera,centrado,1,0,1,0
"Camiseta con estampado de calavera, color principal negro, estilo visual deportivo, zona espalda",negro,deportivo,calavera,espalda,3,0,1,1
"Camiseta de color negro, diseño de águila, estilo minimalista, zona pecho",negro,minimalista,águila,pecho,3,1,8,3
"Diseño para camiseta: automóvil en posición espalda, color negro, estilo visual deportivo",negro,deportivo,automóvil,espalda,3,0,0,1
"Camiseta de color negro, diseño de águila, estilo minimalista, zona centrado",negro,minimalista,águila,centrado,3,1,8,0
"Quiero una camiseta con diseño de calavera en estilo deportivo, color azul, posición centrado",azul,deportivo,calavera,centrado,0,0,1,0
"Diseñar camiseta: elemento gráfico dragón, color verde, estilo retro, ubicación espalda",verde,retro,dragón,espalda,5,2,2,1
"Camiseta con estampado de águila, color principal negro, estilo visual urbano, zona esquina",negro,urbano,águila,esquina,3,3,8,2
"Quiero estampado de águila en zona centrado, color rojo, estilo urbano",rojo,urbano,águila,centrado,4,3,8,0
Camiseta de color verde con motivo urbano de automóvil en la zona espalda,verde,urbano,automóvil,espalda,5,3,0,1
"Quiero estampado de guitarra en zona espalda, color azul, estilo retro",azul,retro,guitarra,espalda,0,2,3,1
"Camiseta con estampado de árbol, color principal blanco, estilo visual retro, zona pecho",blanco,retro,árbol,pecho,1,2,9,3
Camiseta de color gris con motivo vintage de calavera en la zona espalda,gris,vintage,calavera,espalda,2,4,1,1
"Quiero una camiseta con diseño de guitarra en estilo vintage, color gris, posición esquina",gris,vintage,guitarra,esquina,2,4,3,2
"Necesito una camiseta con gráfico de sol en zona centrado, color gris, estilo retro",gris,retro,sol,centrado,2,2,6,0
"Necesito una camiseta con gráfico de montaña en zona espalda, color gris, estilo deportivo",gris,deportivo,montaña,espalda,2,0,5,1
"Quiero una camiseta con diseño de dragón en estilo minimalista, color negro, posición centrado",negro,minimalista,dragón,centrado,3,1,2,0
"Crear camiseta de estilo urbano con motivo de dragón en color rojo, zona espalda",rojo,urbano,dragón,espalda,4,3,2,1
Camiseta de color negro con motivo deportivo de guitarra en la zona esquina,negro,deportivo,guitarra,esquina,3,0,3,2
"Quiero diseño de árbol en camiseta color rojo, estilo retro, ubicado en esquina",rojo,retro,árbol,esquina,4,2,9,2
"Diseño para camiseta: águila en posición pecho, color gris, estilo visual deportivo",gris,deportivo,águila,pecho,2,0,8,3
"Camiseta con estampado de calavera, color principal gris, estilo visual retro, zona pecho",gris,retro,calavera,pecho,2,2,1,3
"Quiero estampado de calavera en zona esquina, color rojo, estilo deportivo",rojo,deportivo,calavera,esquina,4,0,1,2
"Crear camiseta de estilo retro con motivo de texto en color negro, zona pecho",negro,retro,texto,pecho,3,2,7,3
"Camiseta color gris, estilo deportivo, con estampado de calavera en zona pecho",gris,deportivo,calavera,pecho,2,0,1,3
"Necesito una camiseta con gráfico de texto en zona espalda, color gris, estilo urbano",gris,urbano,texto,espalda,2,3,7,1
"Camiseta con imagen de guitarra, color gris, estilo retro, posición pecho",gris,retro,guitarra,pecho,2,2,3,3
"Diseño de camiseta: gráfico de automóvil, color gris, estilo vintage, posición centrado",gris,vintage,automóvil,centrado,2,4,0,0
"Necesito una camiseta con gráfico de automóvil en zona esquina, color azul, estilo retro",azul,retro,automóvil,esquina,0,2,0,2
"Camiseta con imagen de texto, color gris, estilo minimalista, posición esquina",gris,minimalista,texto,esquina,2,1,7,2
"Diseñar camiseta: elemento gráfico lobo, color rojo, estilo deportivo, ubicación pecho",rojo,deportivo,lobo,pecho,4,0,4,3
"Diseñar camiseta: elemento gráfico montaña, color verde, estilo vintage, ubicación pecho",verde,vintage,montaña,pecho,5,4,5,3
"Camiseta con estampado de texto, color principal azul, estilo visual urbano, zona espalda",azul,urbano,texto,espalda,0,3,7,1
"Camiseta con estampado de sol, color principal rojo, estilo visual deportivo, zona pecho",rojo,deportivo,sol,pecho,4,0,6,3
"Crear camiseta de estilo vintage con motivo de sol en color negro, zona centrado",negro,vintage,sol,centrado,3,4,6,0
Camiseta de color blanco con motivo retro de lobo en la zona centrado,blanco,retro,lobo,centrado,1,2,4,0
Camiseta de color azul con motivo deportivo de árbol en la zona centrado,azul,deportivo,árbol,centrado,0,0,9,0
"Camiseta de color rojo, diseño de árbol, estilo urbano, zona espalda",rojo,urbano,árbol,espalda,4,3,9,1
"Camiseta de color blanco, diseño de texto, estilo urbano, zona pecho",blanco,urbano,texto,pecho,1,3,7,3
"Diseño para camiseta: árbol en posición centrado, color gris, estilo visual vintage",gris,vintage,árbol,centrado,2,4,9,0
Camiseta de color gris con motivo urbano de lobo en la zona pecho,gris,urbano,lobo,pecho,2,3,4,3
"Camiseta con imagen de lobo, color gris, estilo deportivo, posición pecho",gris,deportivo,lobo,pecho,2,0,4,3
"Camiseta con imagen de texto, color blanco, estilo vintage, posición esquina",blanco,vintage,texto,esquina,1,4,7,2
"Diseñar camiseta: elemento gráfico calavera, color negro, estilo minimalista, ubicación pecho",negro,minimalista,calavera,pecho,3,1,1,3
"Quiero una camiseta con diseño de calavera en estilo vintage, color rojo, posición pecho",rojo,vintage,calavera,pecho,4,4,1,3
"Quiero una camiseta con diseño de dragón en estilo minimalista, color verde, posición centrado",verde,minimalista,dragón,centrado,5,1,2,0
Camiseta de color azul con motivo minimalista de árbol en la zona centrado,azul,minimalista,árbol,centrado,0,1,9,0
"Diseño para camiseta: árbol en posición centrado, color negro, estilo visual vintage",negro,vintage,árbol,centrado,3,4,9,0
"Camiseta color blanco, estilo deportivo, con estampado de sol en zona centrado",blanco,deportivo,sol,centrado,1,0,6,0
Camiseta de color verde con motivo minimalista de montaña en la zona pecho,verde,minimalista,montaña,pecho,5,1,5,3
"Camiseta con estampado de guitarra, color principal azul, estilo visual vintage, zona esquina",azul,vintage,guitarra,esquina,0,4,3,2
"Generar camiseta de estilo retro, color verde, imagen de sol en zona centrado",verde,retro,sol,centrado,5,2,6,0
"Quiero diseño de montaña en camiseta color blanco, estilo deportivo, ubicado en pecho",blanco,deportivo,montaña,pecho,1,0,5,3
"Crear camiseta de estilo minimalista con motivo de montaña en color gris, zona pecho",gris,minimalista,montaña,pecho,2,1,5,3
"Generar camiseta de estilo urbano, color azul, imagen de calavera en zona espalda",azul,urbano,calavera,espalda,0,3,1,1
"Quiero diseño de texto en camiseta color blanco, estilo deportivo, ubicado en pecho",blanco,deportivo,texto,pecho,1,0,7,3
"Camiseta con estampado de águila, color principal gris, estilo visual urbano, zona centrado",gris,urbano,águila,centrado,2,3,8,0
"Diseño para camiseta: árbol en posición centrado, color azul, estilo visual vintage",azul,vintage,árbol,centrado,0,4,9,0
"Crear camiseta de estilo minimalista con motivo de dragón en color rojo, zona centrado",rojo,minimalista,dragón,centrado,4,1,2,0
"Crear camiseta de estilo retro con motivo de montaña en color blanco, zona centrado",blanco,retro,montaña,centrado,1,2,5,0
"Necesito una camiseta con gráfico de dragón en zona esquina, color rojo, estilo minimalista",rojo,minimalista,dragón,esquina,4,1,2,2
Camiseta de color azul con motivo deportivo de árbol en la zona esquina,azul,deportivo,árbol,esquina,0,0,9,2
"Camiseta color verde, estilo deportivo, con estampado de guitarra en zona pecho",verde,deportivo,guitarra,pecho,5,0,3,3
"Camiseta con estampado de árbol, color principal azul, estilo visual retro, zona espalda",azul,retro,árbol,espalda,0,2,9,1
"Quiero diseño de sol en camiseta color rojo, estilo retro, ubicado en pecho",rojo,retro,sol,pecho,4,2,6,3
"Quiero estampado de águila en zona centrado, color negro, estilo retro",negro,retro,águila,centrado,3,2,8,0
"Diseño para camiseta: automóvil en posición esquina, color azul, estilo visual vintage",azul,vintage,automóvil,esquina,0,4,0,2
"Quiero una camiseta con diseño de árbol en estilo deportivo, color gris, posición centrado",gris,deportivo,árbol,centrado,2,0,9,0
"Quiero diseño de lobo en camiseta color rojo, estilo minimalista, ubicado en centrado",rojo,minimalista,lobo,centrado,4,1,4,0
"Diseño para camiseta: guitarra en posición centrado, color verde, estilo visual vintage",verde,vintage,guitarra,centrado,5,4,3,0
"Camiseta de color gris, diseño de guitarra, estilo vintage, zona espalda",gris,vintage,guitarra,espalda,2,4,3,1
"Diseño de camiseta: gráfico de dragón, color verde, estilo vintage, posición espalda",verde,vintage,dragón,espalda,5,4,2,1
"Quiero diseño de sol en camiseta color negro, estilo vintage, ubicado en centrado",negro,vintage,sol,centrado,3,4,6,0
"Diseño de camiseta: gráfico de árbol, color rojo, estilo deportivo, posición pecho",rojo,deportivo,árbol,pecho,4,0,9,3
"Diseño de camiseta: gráfico de guitarra, color negro, estilo deportivo, posición esquina",negro,deportivo,guitarra,esquina,3,0,3,2
"Camiseta con estampado de lobo, color principal verde, estilo visual vintage, zona pecho",verde,vintage,lobo,pecho,5,4,4,3
"Camiseta color azul, estilo deportivo, con estampado de calavera en zona pecho",azul,deportivo,calavera,pecho,0,0,1,3
"Necesito una camiseta con gráfico de árbol en zona pecho, color azul, estilo retro",azul,retro,árbol,pecho,0,2,9,3
"Camiseta con imagen de dragón, color rojo, estilo deportivo, posición centrado",rojo,deportivo,dragón,centrado,4,0,2,0
"Camiseta color rojo, estilo retro, con estampado de guitarra en zona espalda",rojo,retro,guitarra,espalda,4,2,3,1
"Quiero diseño de guitarra en camiseta color negro, estilo deportivo, ubicado en centrado",negro,deportivo,guitarra,centrado,3,0,3,0
"Quiero diseño de automóvil en camiseta color verde, estilo retro, ubicado en esquina",verde,retro,automóvil,esquina,5,2,0,2
"Necesito una camiseta con gráfico de texto en zona esquina, color azul, estilo vintage",azul,vintage,texto,esquina,0,4,7,2
"Diseño para camiseta: águila en posición esquina, color verde, estilo visual vintage",verde,vintage,águila,esquina,5,4,8,2
"Diseño de camiseta: gráfico de calavera, color negro, estilo deportivo, posición espalda",negro,deportivo,calavera,espalda,3,0,1,1
"Camiseta con imagen de sol, color rojo, estilo minimalista, posición pecho",rojo,minimalista,sol,pecho,4,1,6,3
"Quiero diseño de montaña en camiseta color rojo, estilo retro, ubicado en espalda",rojo,retro,montaña,espalda,4,2,5,1
"Diseño para camiseta: texto en posición espalda, color gris, estilo visual retro",gris,retro,texto,espalda,2,2,7,1
"Camiseta con imagen de dragón, color negro, estilo minimalista, posición pecho",negro,minimalista,dragón,pecho,3,1,2,3
"Camiseta con imagen de calavera, color gris, estilo minimalista, posición pecho",gris,minimalista,calavera,pecho,2,1,1,3
"Generar camiseta de estilo deportivo, color negro, imagen de lobo en zona esquina",negro,deportivo,lobo,esquina,3,0,4,2
"Camiseta color blanco, estilo vintage, con estampado de sol en zona espalda",blanco,vintage,sol,espalda,1,4,6,1
"Camiseta con imagen de árbol, color rojo, estilo minimalista, posición esquina",rojo,minimalista,árbol,esquina,4,1,9,2
"Diseño para camiseta: águila en posición espalda, color verde, estilo visual retro",verde,retro,águila,espalda,5,2,8,1
"Camiseta con imagen de automóvil, color gris, estilo deportivo, posición esquina",gris,deportivo,automóvil,esquina,2,0,0,2
"Generar camiseta de estilo deportivo, color rojo, imagen de águila en zona centrado",rojo,deportivo,águila,centrado,4,0,8,0
"Diseño de camiseta: gráfico de sol, color negro, estilo vintage, posición pecho",negro,vintage,sol,pecho,3,4,6,3
"Camiseta con estampado de guitarra, color principal gris, estilo visual vintage, zona esquina",gris,vintage,guitarra,esquina,2,4,3,2
Camiseta de color blanco con motivo vintage de montaña en la zona esquina,blanco,vintage,montaña,esquina,1,4,5,2
"Diseño de camiseta: gráfico de lobo, color azul, estilo vintage, posición espalda",azul,vintage,lobo,espalda,0,4,4,1
"Quiero diseño de dragón en camiseta color rojo, estilo deportivo, ubicado en espalda",rojo,deportivo,dragón,espalda,4,0,2,1
"Quiero una camiseta con diseño de calavera en estilo vintage, color blanco, posición pecho",blanco,vintage,calavera,pecho,1,4,1,3
"Crear camiseta de estilo urbano con motivo de dragón en color negro, zona esquina",negro,urbano,dragón,esquina,3,3,2,2
"Camiseta de color azul, diseño de calavera, estilo minimalista, zona pecho",azul,minimalista,calavera,pecho,0,1,1,3
"Necesito una camiseta con gráfico de árbol en zona pecho, color blanco, estilo urbano",blanco,urbano,árbol,pecho,1,3,9,3
"Camiseta color negro, estilo vintage, con estampado de automóvil en zona centrado",negro,vintage,automóvil,centrado,3,4,0,0
"Camiseta color negro, estilo retro, con estampado de dragón en zona espalda",negro,retro,dragón,espalda,3,2,2,1
"Diseño de camiseta: gráfico de guitarra, color azul, estilo deportivo, posición espalda",azul,deportivo,guitarra,espalda,0,0,3,1
Camiseta de color gris con motivo minimalista de águila en la zona espalda,gris,minimalista,águila,espalda,2,1,8,1
"Camiseta con estampado de lobo, color principal azul, estilo visual vintage, zona esquina",azul,vintage,lobo,esquina,0,4,4,2
"Quiero diseño de águila en camiseta color azul, estilo vintage, ubicado en pecho",azul,vintage,águila,pecho,0,4,8,3
"Diseño de camiseta: gráfico de montaña, color azul, estilo vintage, posición pecho",azul,vintage,montaña,pecho,0,4,5,3
"Camiseta con estampado de guitarra, color principal rojo, estilo visual retro, zona espalda",rojo,retro,guitarra,espalda,4,2,3,1
"Diseño para camiseta: águila en posición pecho, color verde, estilo visual urbano",verde,urbano,águila,pecho,5,3,8,3
"Necesito una camiseta con gráfico de guitarra en zona espalda, color azul, estilo deportivo",azul,deportivo,guitarra,espalda,0,0,3,1
"Camiseta con imagen de dragón, color blanco, estilo minimalista, posición pecho",blanco,minimalista,dragón,pecho,1,1,2,3
"Quiero diseño de automóvil en camiseta color gris, estilo retro, ubicado en esquina",gris,retro,automóvil,esquina,2,2,0,2
"Quiero estampado de montaña en zona esquina, color gris, estilo deportivo",gris,deportivo,montaña,esquina,2,0,5,2
"Diseño para camiseta: texto en posición centrado, color azul, estilo visual vintage",azul,vintage,texto,centrado,0,4,7,0
"Necesito una camiseta con gráfico de calavera en zona espalda, color blanco, estilo retro",blanco,retro,calavera,espalda,1,2,1,1
"Quiero una camiseta con diseño de árbol en estilo urbano, color rojo, posición esquina",rojo,urbano,árbol,esquina,4,3,9,2
"Camiseta con imagen de sol, color gris, estilo minimalista, posición pecho",gris,minimalista,sol,pecho,2,1,6,3
"Quiero una camiseta con diseño de texto en estilo deportivo, color negro, posición espalda",negro,deportivo,texto,espalda,3,0,7,1
"Diseño para camiseta: dragón en posición centrado, color verde, estilo visual vintage",verde,vintage,dragón,centrado,5,4,2,0
"Diseño para camiseta: montaña en posición esquina, color negro, estilo visual vintage",negro,vintage,montaña,esquina,3,4,5,2
"Crear camiseta de estilo retro con motivo de texto en color verde, zona centrado",verde,retro,texto,centrado,5,2,7,0
"Quiero estampado de montaña en zona centrado, color negro, estilo deportivo",negro,deportivo,montaña,centrado,3,0,5,0
"Generar camiseta de estilo retro, color gris, imagen de águila en zona centrado",gris,retro,águila,centrado,2,2,8,0
"Diseño de camiseta: gráfico de calavera, color blanco, estilo minimalista, posición pecho",blanco,minimalista,calavera,pecho,1,1,1,3
"Quiero estampado de montaña en zona espalda, color rojo, estilo urbano",rojo,urbano,montaña,espalda,4,3,5,1
"Quiero diseño de automóvil en camiseta color rojo, estilo retro, ubicado en esquina",rojo,retro,automóvil,esquina,4,2,0,2
"Diseño para camiseta: guitarra en posición pecho, color blanco, estilo visual retro",blanco,retro,guitarra,pecho,1,2,3,3
"Camiseta de color rojo, diseño de lobo, estilo deportivo, zona esquina",rojo,deportivo,lobo,esquina,4,0,4,2
"Camiseta color azul, estilo retro, con estampado de árbol en zona centrado",azul,retro,árbol,centrado,0,2,9,0
"Diseñar camiseta: elemento gráfico automóvil, color negro, estilo urbano, ubicación pecho",negro,urbano,automóvil,pecho,3,3,0,3
"Diseñar camiseta: elemento gráfico sol, color negro, estilo deportivo, ubicación pecho",negro,deportivo,sol,pecho,3,0,6,3
"Camiseta con estampado de lobo, color principal gris, estilo visual minimalista, zona pecho",gris,minimalista,lobo,pecho,2,1,4,3
"Diseño para camiseta: calavera en posición espalda, color verde, estilo visual minimalista",verde,minimalista,calavera,espalda,5,1,1,1
"Crear camiseta de estilo urbano con motivo de montaña en color rojo, zona esquina",rojo,urbano,montaña,esquina,4,3,5,2
"Quiero una camiseta con diseño de texto en estilo minimalista, color blanco, posición espalda",blanco,minimalista,texto,espalda,1,1,7,1
"Quiero estampado de montaña en zona centrado, color azul, estilo minimalista",azul,minimalista,montaña,centrado,0,1,5,0
"Crear camiseta de estilo deportivo con motivo de automóvil en color negro, zona espalda",negro,deportivo,automóvil,espalda,3,0,0,1
"Quiero estampado de dragón en zona espalda, color gris, estilo deportivo",gris,deportivo,dragón,espalda,2,0,2,1
"Quiero estampado de dragón en zona espalda, color negro, estilo urbano",negro,urbano,dragón,espalda,3,3,2,1
"Camiseta color verde, estilo minimalista, con estampado de sol en zona pecho",verde,minimalista,sol,pecho,5,1,6,3
"Diseñar camiseta: elemento gráfico montaña, color verde, estilo minimalista, ubicación espalda",verde,minimalista,montaña,espalda,5,1,5,1
Camiseta de color azul con motivo retro de calavera en la zona esquina,azul,retro,calavera,esquina,0,2,1,2
"Diseño para camiseta: automóvil en posición esquina, color azul, estilo visual minimalista",azul,minimalista,automóvil,esquina,0,1,0,2
"Crear camiseta de estilo minimalista con motivo de montaña en color gris, zona centrado",gris,minimalista,montaña,centrado,2,1,5,0
"Necesito una camiseta con gráfico de calavera en zona esquina, color gris, estilo minimalista",gris,minimalista,calavera,esquina,2,1,1,2
"Camiseta de color verde, diseño de dragón, estilo urbano, zona centrado",verde,urbano,dragón,centrado,5,3,2,0
"Camiseta de color verde, diseño de sol, estilo retro, zona pecho",verde,retro,sol,pecho,5,2,6,3
"Quiero una camiseta con diseño de lobo en estilo minimalista, color rojo, posición espalda",rojo,minimalista,lobo,espalda,4,1,4,1
"Necesito una camiseta con gráfico de guitarra en zona centrado, color gris, estilo retro",gris,retro,guitarra,centrado,2,2,3,0
"Camiseta de color blanco, diseño de lobo, estilo minimalista, zona esquina",blanco,minimalista,lobo,esquina,1,1,4,2
"Quiero estampado de automóvil en zona pecho, color gris, estilo vintage",gris,vintage,automóvil,pecho,2,4,0,3
"Crear camiseta de estilo vintage con motivo de águila en color verde, zona espalda",verde,vintage,águila,espalda,5,4,8,1
"Diseño de camiseta: gráfico de automóvil, color azul, estilo vintage, posición espalda",azul,vintage,automóvil,espalda,0,4,0,1
"Camiseta con estampado de texto, color principal azul, estilo visual retro, zona centrado",azul,retro,texto,centrado,0,2,7,0
"Quiero diseño de dragón en camiseta color rojo, estilo urbano, ubicado en esquina",rojo,urbano,dragón,esquina,4,3,2,2
Camiseta de color azul con motivo urbano de sol en la zona centrado,azul,urbano,sol,centrado,0,3,6,0
"Quiero diseño de guitarra en camiseta color gris, estilo deportivo, ubicado en espalda",gris,deportivo,guitarra,espalda,2,0,3,1
"Diseño para camiseta: árbol en posición espalda, color gris, estilo visual deportivo",gris,deportivo,árbol,espalda,2,0,9,1
"Quiero una camiseta con diseño de automóvil en estilo deportivo, color gris, posición pecho",gris,deportivo,automóvil,pecho,2,0,0,3
"Diseño para camiseta: montaña en posición centrado, color blanco, estilo visual deportivo",blanco,deportivo,montaña,centrado,1,0,5,0
Camiseta de color verde con motivo vintage de calavera en la zona pecho,verde,vintage,calavera,pecho,5,4,1,3
"Camiseta de color azul, diseño de montaña, estilo deportivo, zona centrado",azul,deportivo,montaña,centrado,0,0,5,0
"Quiero una camiseta con diseño de texto en estilo minimalista, color rojo, posición pecho",rojo,minimalista,texto,pecho,4,1,7,3
"Necesito una camiseta con gráfico de árbol en zona esquina, color blanco, estilo retro",blanco,retro,árbol,esquina,1,2,9,2
"Necesito una camiseta con gráfico de árbol en zona espalda, color azul, estilo urbano",azul,urbano,árbol,espalda,0,3,9,1
"Diseño de camiseta: gráfico de texto, color negro, estilo urbano, posición pecho",negro,urbano,texto,pecho,3,3,7,3
"Diseño de camiseta: gráfico de guitarra, color verde, estilo deportivo, posición centrado",verde,deportivo,guitarra,centrado,5,0,3,0
"Camiseta con imagen de automóvil, color verde, estilo vintage, posición pecho",verde,vintage,automóvil,pecho,5,4,0,3
"Camiseta con estampado de sol, color principal rojo, estilo visual deportivo, zona espalda",rojo,deportivo,sol,espalda,4,0,6,1
"Quiero diseño de automóvil en camiseta color negro, estilo vintage, ubicado en centrado",negro,vintage,automóvil,centrado,3,4,0,0
"Diseño para camiseta: sol en posición espalda, color azul, estilo visual vintage",azul,vintage,sol,espalda,0,4,6,1
"Camiseta color azul, estilo deportivo, con estampado de árbol en zona pecho",azul,deportivo,árbol,pecho,0,0,9,3
"Diseño de camiseta: gráfico de dragón, color blanco, estilo deportivo, posición esquina",blanco,deportivo,dragón,esquina,1,0,2,2
"Diseñar camiseta: elemento gráfico dragón, color blanco, estilo urbano, ubicación espalda",blanco,urbano,dragón,espalda,1,3,2,1
"Crear camiseta de estilo urbano con motivo de águila en color negro, zona espalda",negro,urbano,águila,espalda,3,3,8,1
"Quiero diseño de lobo en camiseta color blanco, estilo vintage, ubicado en espalda",blanco,vintage,lobo,espalda,1,4,4,1
"Camiseta de color rojo, diseño de sol, estilo minimalista, zona centrado",rojo,minimalista,sol,centrado,4,1,6,0
"Quiero diseño de montaña en camiseta color verde, estilo vintage, ubicado en espalda",verde,vintage,montaña,espalda,5,4,5,1
"Diseño para camiseta: dragón en posición esquina, color gris, estilo visual minimalista",gris,minimalista,dragón,esquina,2,1,2,2
"Diseño de camiseta: gráfico de guitarra, color blanco, estilo minimalista, posición esquina",blanco,minimalista,guitarra,esquina,1,1,3,2
"Camiseta con estampado de texto, color principal gris, estilo visual deportivo, zona esquina",gris,deportivo,texto,esquina,2,0,7,2
"Quiero diseño de montaña en camiseta color verde, estilo vintage, ubicado en esquina",verde,vintage,montaña,esquina,5,4,5,2
"Camiseta de color verde, diseño de dragón, estilo retro, zona esquina",verde,retro,dragón,esquina,5,2,2,2
"Diseño de camiseta: gráfico de guitarra, color azul, estilo minimalista, posición pecho",azul,minimalista,guitarra,pecho,0,1,3,3
"Camiseta color azul, estilo retro, con estampado de águila en zona espalda",azul,retro,águila,espalda,0,2,8,1
Camiseta de color blanco con motivo urbano de lobo en la zona centrado,blanco,urbano,lobo,centrado,1,3,4,0
"Necesito una camiseta con gráfico de calavera en zona esquina, color verde, estilo deportivo",verde,deportivo,calavera,esquina,5,0,1,2
"Camiseta color gris, estilo urbano, con estampado de montaña en zona pecho",gris,urbano,montaña,pecho,2,3,5,3
"Quiero estampado de automóvil en zona esquina, color blanco, estilo vintage",blanco,vintage,automóvil,esquina,1,4,0,2
"Camiseta de color blanco, diseño de automóvil, estilo retro, zona centrado",blanco,retro,automóvil,centrado,1,2,0,0
"Quiero estampado de automóvil en zona centrado, color blanco, estilo deportivo",blanco,deportivo,automóvil,centrado,1,0,0,0
"Necesito una camiseta con gráfico de sol en zona esquina, color blanco, estilo vintage",blanco,vintage,sol,esquina,1,4,6,2
"Necesito una camiseta con gráfico de montaña en zona esquina, color azul, estilo retro",azul,retro,montaña,esquina,0,2,5,2
"Camiseta color rojo, estilo deportivo, con estampado de árbol en zona esquina",rojo,deportivo,árbol,esquina,4,0,9,2
"Camiseta color gris, estilo minimalista, con estampado de guitarra en zona centrado",gris,minimalista,guitarra,centrado,2,1,3,0
"Diseñar camiseta: elemento gráfico calavera, color negro, estilo deportivo, ubicación pecho",negro,deportivo,calavera,pecho,3,0,1,3
"Quiero estampado de árbol en zona espalda, color blanco, estilo vintage",blanco,vintage,árbol,espalda,1,4,9,1
"Quiero una camiseta con diseño de dragón en estilo urbano, color rojo, posición pecho",rojo,urbano,dragón,pecho,4,3,2,3
"Crear camiseta de estilo urbano con motivo de texto en color rojo, zona pecho",rojo,urbano,texto,pecho,4,3,7,3
"Quiero una camiseta con diseño de montaña en estilo deportivo, color rojo, posición pecho",rojo,deportivo,montaña,pecho,4,0,5,3
"Diseño para camiseta: árbol en posición espalda, color blanco, estilo visual urbano",blanco,urbano,árbol,espalda,1,3,9,1
"Crear camiseta de estilo urbano con motivo de calavera en color azul, zona espalda",azul,urbano,calavera,espalda,0,3,1,1
"Camiseta color azul, estilo urbano, con estampado de lobo en zona espalda",azul,urbano,lobo,espalda,0,3,4,1
"Generar camiseta de estilo vintage, color rojo, imagen de águila en zona centrado",rojo,vintage,águila,centrado,4,4,8,0
"Camiseta con imagen de montaña, color rojo, estilo minimalista, posición esquina",rojo,minimalista,montaña,esquina,4,1,5,2
"Necesito una camiseta con gráfico de lobo en zona centrado, color verde, estilo minimalista",verde,minimalista,lobo,centrado,5,1,4,0
"Necesito una camiseta con gráfico de texto en zona espalda, color rojo, estilo retro",rojo,retro,texto,espalda,4,2,7,1
"Generar camiseta de estilo deportivo, color rojo, imagen de árbol en zona esquina",rojo,deportivo,árbol,esquina,4,0,9,2
"Diseñar camiseta: elemento gráfico águila, color blanco, estilo urbano, ubicación espalda",blanco,urbano,águila,espalda,1,3,8,1
"Camiseta de color gris, diseño de automóvil, estilo vintage, zona centrado",gris,vintage,automóvil,centrado,2,4,0,0
"Diseño de camiseta: gráfico de lobo, color gris, estilo vintage, posición espalda",gris,vintage,lobo,espalda,2,4,4,1
"Camiseta de color negro, diseño de texto, estilo vintage, zona pecho",negro,vintage,texto,pecho,3,4,7,3
"Quiero una camiseta con diseño de guitarra en estilo retro, color verde, posición espalda",verde,retro,guitarra,espalda,5,2,3,1
"Generar camiseta de estilo retro, color azul, imagen de calavera en zona pecho",azul,retro,calavera,pecho,0,2,1,3
"Generar camiseta de estilo minimalista, color blanco, imagen de árbol en zona esquina",blanco,minimalista,árbol,esquina,1,1,9,2
"Quiero una camiseta con diseño de sol en estilo vintage, color negro, posición espalda",negro,vintage,sol,espalda,3,4,6,1
"Camiseta de color negro, diseño de águila, estilo vintage, zona espalda",negro,vintage,águila,espalda,3,4,8,1
"Quiero estampado de dragón en zona centrado, color blanco, estilo deportivo",blanco,deportivo,dragón,centrado,1,0,2,0
Camiseta de color blanco con motivo vintage de calavera en la zona centrado,blanco,vintage,calavera,centrado,1,4,1,0
"Quiero estampado de sol en zona espalda, color negro, estilo minimalista",negro,minimalista,sol,espalda,3,1,6,1
"Quiero diseño de águila en camiseta color azul, estilo vintage, ubicado en espalda",azul,vintage,águila,espalda,0,4,8,1
Camiseta de color azul con motivo retro de automóvil en la zona espalda,azul,retro,automóvil,espalda,0,2,0,1
"Diseño de camiseta: gráfico de calavera, color azul, estilo deportivo, posición esquina",azul,deportivo,calavera,esquina,0,0,1,2
"Quiero estampado de montaña en zona pecho, color rojo, estilo minimalista",rojo,minimalista,montaña,pecho,4,1,5,3
"Generar camiseta de estilo vintage, color blanco, imagen de árbol en zona pecho",blanco,vintage,árbol,pecho,1,4,9,3
"Camiseta con estampado de montaña, color principal rojo, estilo visual deportivo, zona espalda",rojo,deportivo,montaña,espalda,4,0,5,1
Camiseta de color azul con motivo urbano de texto en la zona esquina,azul,urbano,texto,esquina,0,3,7,2
"Camiseta con imagen de árbol, color verde, estilo urbano, posición espalda",verde,urbano,árbol,espalda,5,3,9,1
"Camiseta con estampado de calavera, color principal verde, estilo visual vintage, zona centrado",verde,vintage,calavera,centrado,5,4,1,0
"Camiseta de color azul, diseño de montaña, estilo urbano, zona esquina",azul,urbano,montaña,esquina,0,3,5,2
"Diseño de camiseta: gráfico de guitarra, color negro, estilo urbano, posición espalda",negro,urbano,guitarra,espalda,3,3,3,1
Camiseta de color azul con motivo urbano de guitarra en la zona espalda,azul,urbano,guitarra,espalda,0,3,3,1
"Necesito una camiseta con gráfico de lobo en zona esquina, color blanco, estilo deportivo",blanco,deportivo,lobo,esquina,1,0,4,2
"Diseñar camiseta: elemento gráfico sol, color verde, estilo deportivo, ubicación pecho",verde,deportivo,sol,pecho,5,0,6,3
"Camiseta con estampado de dragón, color principal azul, estilo visual minimalista, zona centrado",azul,minimalista,dragón,centrado,0,1,2,0
"Crear camiseta de estilo retro con motivo de montaña en color verde, zona centrado",verde,retro,montaña,centrado,5,2,5,0
"Quiero diseño de árbol en camiseta color gris, estilo deportivo, ubicado en pecho",gris,deportivo,árbol,pecho,2,0,9,3
"Diseñar camiseta: elemento gráfico lobo, color azul, estilo minimalista, ubicación espalda",azul,minimalista,lobo,espalda,0,1,4,1
"Diseño de camiseta: gráfico de guitarra, color blanco, estilo deportivo, posición esquina",blanco,deportivo,guitarra,esquina,1,0,3,2
"Quiero diseño de calavera en camiseta color gris, estilo vintage, ubicado en espalda",gris,vintage,calavera,espalda,2,4,1,1
"Camiseta de color negro, diseño de montaña, estilo minimalista, zona centrado",negro,minimalista,montaña,centrado,3,1,5,0
"Camiseta de color gris, diseño de montaña, estilo vintage, zona esquina",gris,vintage,montaña,esquina,2,4,5,2
"Quiero estampado de texto en zona espalda, color rojo, estilo urbano",rojo,urbano,texto,espalda,4,3,7,1
"Quiero diseño de águila en camiseta color verde, estilo urbano, ubicado en pecho",verde,urbano,águila,pecho,5,3,8,3
"Diseño para camiseta: águila en posición pecho, color gris, estilo visual vintage",gris,vintage,águila,pecho,2,4,8,3
"Diseño para camiseta: texto en posición centrado, color gris, estilo visual urbano",gris,urbano,texto,centrado,2,3,7,0
"Camiseta con imagen de sol, color azul, estilo minimalista, posición centrado",azul,minimalista,sol,centrado,0,1,6,0
"Quiero estampado de montaña en zona espalda, color blanco, estilo minimalista",blanco,minimalista,montaña,espalda,1,1,5,1
"Quiero una camiseta con diseño de texto en estilo minimalista, color verde, posición espalda",verde,minimalista,texto,espalda,5,1,7,1
"Quiero una camiseta con diseño de texto en estilo retro, color azul, posición espalda",azul,retro,texto,espalda,0,2,7,1
"Quiero diseño de árbol en camiseta color rojo, estilo urbano, ubicado en centrado",rojo,urbano,árbol,centrado,4,3,9,0
"Quiero estampado de águila en zona pecho, color azul, estilo urbano",azul,urbano,águila,pecho,0,3,8,3
"Quiero diseño de texto en camiseta color negro, estilo retro, ubicado en espalda",negro,retro,texto,espalda,3,2,7,1
"Camiseta color negro, estilo deportivo, con estampado de automóvil en zona espalda",negro,deportivo,automóvil,espalda,3,0,0,1
"Crear camiseta de estilo minimalista con motivo de texto en color rojo, zona pecho",rojo,minimalista,texto,pecho,4,1,7,3
"Diseño para camiseta: lobo en posición espalda, color rojo, estilo visual vintage",rojo,vintage,lobo,espalda,4,4,4,1
"Quiero estampado de texto en zona pecho, color gris, estilo vintage",gris,vintage,texto,pecho,2,4,7,3
"Diseño para camiseta: texto en posición espalda, color blanco, estilo visual minimalista",blanco,minimalista,texto,espalda,1,1,7,1
"Quiero estampado de calavera en zona esquina, color blanco, estilo minimalista",blanco,minimalista,calavera,esquina,1,1,1,2
"Quiero diseño de calavera en camiseta color rojo, estilo retro, ubicado en pecho",rojo,retro,calavera,pecho,4,2,1,3
Camiseta de color verde con motivo deportivo de dragón en la zona espalda,verde,deportivo,dragón,espalda,5,0,2,1
"Quiero estampado de dragón en zona pecho, color gris, estilo urbano",gris,urbano,dragón,pecho,2,3,2,3
"Diseño de camiseta: gráfico de árbol, color rojo, estilo minimalista, posición centrado",rojo,minimalista,árbol,centrado,4,1,9,0
"Camiseta con imagen de árbol, color negro, estilo minimalista, posición centrado",negro,minimalista,árbol,centrado,3,1,9,0
"Camiseta de color blanco, diseño de dragón, estilo vintage, zona esquina",blanco,vintage,dragón,esquina,1,4,2,2
"Necesito una camiseta con gráfico de montaña en zona espalda, color azul, estilo urbano",azul,urbano,montaña,espalda,0,3,5,1
"Generar camiseta de estilo vintage, color rojo, imagen de águila en zona espalda",rojo,vintage,águila,espalda,4,4,8,1
"Diseño de camiseta: gráfico de águila, color negro, estilo urbano, posición pecho",negro,urbano,águila,pecho,3,3,8,3
"Camiseta con imagen de dragón, color verde, estilo minimalista, posición esquina",verde,minimalista,dragón,esquina,5,1,2,2
"Quiero estampado de águila en zona esquina, color negro, estilo retro",negro,retro,águila,esquina,3,2,8,2
"Crear camiseta de estilo vintage con motivo de árbol en color verde, zona centrado",verde,vintage,árbol,centrado,5,4,9,0
"Diseñar camiseta: elemento gráfico guitarra, color rojo, estilo minimalista, ubicación espalda",rojo,minimalista,guitarra,espalda,4,1,3,1
"Crear camiseta de estilo minimalista con motivo de dragón en color negro, zona espalda",negro,minimalista,dragón,espalda,3,1,2,1
"Generar camiseta de estilo minimalista, color blanco, imagen de lobo en zona esquina",blanco,minimalista,lobo,esquina,1,1,4,2
"Camiseta color negro, estilo minimalista, con estampado de automóvil en zona esquina",negro,minimalista,automóvil,esquina,3,1,0,2
"Diseño de camiseta: gráfico de automóvil, color blanco, estilo urbano, posición espalda",blanco,urbano,automóvil,espalda,1,3,0,1
"Quiero una camiseta con diseño de dragón en estilo minimalista, color blanco, posición espalda",blanco,minimalista,dragón,espalda,1,1,2,1
"Camiseta color gris, estilo deportivo, con estampado de lobo en zona espalda",gris,deportivo,lobo,espalda,2,0,4,1
"Camiseta de color rojo, diseño de guitarra, estilo deportivo, zona esquina",rojo,deportivo,guitarra,esquina,4,0,3,2
"Camiseta color negro, estilo deportivo, con estampado de águila en zona pecho",negro,deportivo,águila,pecho,3,0,8,3
"Generar camiseta de estilo vintage, color rojo, imagen de águila en zona pecho",rojo,vintage,águila,pecho,4,4,8,3
"Camiseta color rojo, estilo vintage, con estampado de montaña en zona espalda",rojo,vintage,montaña,espalda,4,4,5,1
"Diseño para camiseta: lobo en posición pecho, color blanco, estilo visual vintage",blanco,vintage,lobo,pecho,1,4,4,3
"Diseño para camiseta: montaña en posición pecho, color verde, estilo visual vintage",verde,vintage,montaña,pecho,5,4,5,3
"Generar camiseta de estilo urbano, color blanco, imagen de sol en zona centrado",blanco,urbano,sol,centrado,1,3,6,0
"Diseñar camiseta: elemento gráfico calavera, color rojo, estilo deportivo, ubicación espalda",rojo,deportivo,calavera,espalda,4,0,1,1
"Diseño para camiseta: automóvil en posición espalda, color negro, estilo visual urbano",negro,urbano,automóvil,espalda,3,3,0,1
"Camiseta color rojo, estilo vintage, con estampado de montaña en zona pecho",rojo,vintage,montaña,pecho,4,4,5,3
"Camiseta con imagen de automóvil, color negro, estilo vintage, posición esquina",negro,vintage,automóvil,esquina,3,4,0,2
"Generar camiseta de estilo vintage, color negro, imagen de montaña en zona espalda",negro,vintage,montaña,espalda,3,4,5,1
Camiseta de color verde con motivo minimalista de automóvil en la zona esquina,verde,minimalista,automóvil,esquina,5,1,0,2
"Quiero diseño de sol en camiseta color verde, estilo retro, ubicado en esquina",verde,retro,sol,esquina,5,2,6,2
"Crear camiseta de estilo deportivo con motivo de árbol en color negro, zona pecho",negro,deportivo,árbol,pecho,3,0,9,3
"Quiero diseño de dragón en camiseta color rojo, estilo vintage, ubicado en esquina",rojo,vintage,dragón,esquina,4,4,2,2
"Crear camiseta de estilo retro con motivo de águila en color blanco, zona esquina",blanco,retro,águila,esquina,1,2,8,2
"Diseño para camiseta: automóvil en posición esquina, color rojo, estilo visual urbano",rojo,urbano,automóvil,esquina,4,3,0,2
"Camiseta color azul, estilo retro, con estampado de árbol en zona espalda",azul,retro,árbol,espalda,0,2,9,1
"Diseñar camiseta: elemento gráfico guitarra, color negro, estilo vintage, ubicación pecho",negro,vintage,guitarra,pecho,3,4,3,3
Camiseta de color azul con motivo retro de montaña en la zona espalda,azul,retro,montaña,espalda,0,2,5,1
"Diseño de camiseta: gráfico de águila, color gris, estilo vintage, posición espalda",gris,vintage,águila,espalda,2,4,8,1
"Quiero diseño de texto en camiseta color blanco, estilo urbano, ubicado en pecho",blanco,urbano,texto,pecho,1,3,7,3
"Quiero estampado de lobo en zona esquina, color blanco, estilo deportivo",blanco,deportivo,lobo,esquina,1,0,4,2
"Diseño para camiseta: águila en posición esquina, color verde, estilo visual minimalista",verde,minimalista,águila,esquina,5,1,8,2
"Quiero diseño de águila en camiseta color gris, estilo urbano, ubicado en espalda",gris,urbano,águila,espalda,2,3,8,1
"Camiseta color rojo, estilo deportivo, con estampado de montaña en zona pecho",rojo,deportivo,montaña,pecho,4,0,5,3
"Diseño para camiseta: guitarra en posición espalda, color azul, estilo visual vintage",azul,vintage,guitarra,espalda,0,4,3,1
"Crear camiseta de estilo retro con motivo de árbol en color blanco, zona esquina",blanco,retro,árbol,esquina,1,2,9,2
"Camiseta con imagen de sol, color gris, estilo retro, posición espalda",gris,retro,sol,espalda,2,2,6,1
"Diseñar camiseta: elemento gráfico lobo, color negro, estilo urbano, ubicación pecho",negro,urbano,lobo,pecho,3,3,4,3
"Crear camiseta de estilo vintage con motivo de guitarra en color verde, zona pecho",verde,vintage,guitarra,pecho,5,4,3,3
"Camiseta color gris, estilo deportivo, con estampado de automóvil en zona centrado",gris,deportivo,automóvil,centrado,2,0,0,0
"Quiero estampado de automóvil en zona espalda, color blanco, estilo retro",blanco,retro,automóvil,espalda,1,2,0,1
"Camiseta color blanco, estilo minimalista, con estampado de texto en zona esquina",blanco,minimalista,texto,esquina,1,1,7,2
"Necesito una camiseta con gráfico de lobo en zona espalda, color blanco, estilo retro",blanco,retro,lobo,espalda,1,2,4,1
"Camiseta con imagen de dragón, color verde, estilo deportivo, posición esquina",verde,deportivo,dragón,esquina,5,0,2,2
"Diseñar camiseta: elemento gráfico sol, color negro, estilo deportivo, ubicación espalda",negro,deportivo,sol,espalda,3,0,6,1
"Quiero diseño de lobo en camiseta color gris, estilo minimalista, ubicado en centrado",gris,minimalista,lobo,centrado,2,1,4,0
"Diseño de camiseta: gráfico de águila, color azul, estilo deportivo, posición esquina",azul,deportivo,águila,esquina,0,0,8,2
"Camiseta con imagen de calavera, color gris, estilo retro, posición centrado",gris,retro,calavera,centrado,2,2,1,0
"Diseñar camiseta: elemento gráfico águila, color gris, estilo minimalista, ubicación espalda",gris,minimalista,águila,espalda,2,1,8,1
"Camiseta color negro, estilo retro, con estampado de lobo en zona espalda",negro,retro,lobo,espalda,3,2,4,1
"Camiseta con estampado de texto, color principal negro, estilo visual urbano, zona centrado",negro,urbano,texto,centrado,3,3,7,0
"Camiseta con imagen de sol, color gris, estilo minimalista, posición esquina",gris,minimalista,sol,esquina,2,1,6,2
"Quiero estampado de águila en zona centrado, color gris, estilo deportivo",gris,deportivo,águila,centrado,2,0,8,0
"Camiseta con imagen de texto, color azul, estilo vintage, posición centrado",azul,vintage,texto,centrado,0,4,7,0
"Quiero una camiseta con diseño de sol en estilo urbano, color verde, posición centrado",verde,urbano,sol,centrado,5,3,6,0
"Diseñar camiseta: elemento gráfico guitarra, color rojo, estilo urbano, ubicación centrado",rojo,urbano,guitarra,centrado,4,3,3,0
"Camiseta de color gris, diseño de montaña, estilo deportivo, zona pecho",gris,deportivo,montaña,pecho,2,0,5,3
"Quiero estampado de montaña en zona esquina, color gris, estilo minimalista",gris,minimalista,montaña,esquina,2,1,5,2
"Generar camiseta de estilo retro, color negro, imagen de montaña en zona pecho",negro,retro,montaña,pecho,3,2,5,3
"Crear camiseta de estilo retro con motivo de automóvil en color blanco, zona esquina",blanco,retro,automóvil,esquina,1,2,0,2
"Camiseta con imagen de calavera, color gris, estilo retro, posición espalda",gris,retro,calavera,espalda,2,2,1,1
"Diseño para camiseta: automóvil en posición centrado, color rojo, estilo visual urbano",rojo,urbano,automóvil,centrado,4,3,0,0
"Crear camiseta de estilo retro con motivo de calavera en color azul, zona espalda",azul,retro,calavera,espalda,0,2,1,1
"Crear camiseta de estilo deportivo con motivo de sol en color verde, zona pecho",verde,deportivo,sol,pecho,5,0,6,3
"Camiseta con estampado de guitarra, color principal blanco, estilo visual urbano, zona pecho",blanco,urbano,guitarra,pecho,1,3,3,3
"Quiero diseño de calavera en camiseta color verde, estilo minimalista, ubicado en esquina",verde,minimalista,calavera,esquina,5,1,1,2
"Crear camiseta de estilo retro con motivo de sol en color azul, zona pecho",azul,retro,sol,pecho,0,2,6,3
"Quiero diseño de guitarra en camiseta color rojo, estilo deportivo, ubicado en espalda",rojo,deportivo,guitarra,espalda,4,0,3,1
"Camiseta con estampado de águila, color principal verde, estilo visual deportivo, zona espalda",verde,deportivo,águila,espalda,5,0,8,1
"Diseño de camiseta: gráfico de texto, color negro, estilo vintage, posición esquina",negro,vintage,texto,esquina,3,4,7,2
"Camiseta con estampado de águila, color principal gris, estilo visual vintage, zona pecho",gris,vintage,águila,pecho,2,4,8,3
"Camiseta con imagen de automóvil, color negro, estilo minimalista, posición centrado",negro,minimalista,automóvil,centrado,3,1,0,0
"Diseño de camiseta: gráfico de águila, color azul, estilo minimalista, posición esquina",azul,minimalista,águila,esquina,0,1,8,2
"Quiero diseño de montaña en camiseta color rojo, estilo urbano, ubicado en esquina",rojo,urbano,montaña,esquina,4,3,5,2
"Camiseta con estampado de automóvil, color principal gris, estilo visual urbano, zona pecho",gris,urbano,automóvil,pecho,2,3,0,3
"Diseño para camiseta: lobo en posición espalda, color verde, estilo visual vintage",verde,vintage,lobo,espalda,5,4,4,1
"Diseño de camiseta: gráfico de automóvil, color gris, estilo retro, posición espalda",gris,retro,automóvil,espalda,2,2,0,1
"Quiero estampado de dragón en zona pecho, color azul, estilo retro",azul,retro,dragón,pecho,0,2,2,3
"Generar camiseta de estilo minimalista, color verde, imagen de guitarra en zona centrado",verde,minimalista,guitarra,centrado,5,1,3,0
Camiseta de color rojo con motivo deportivo de guitarra en la zona pecho,rojo,deportivo,guitarra,pecho,4,0,3,3
"Diseñar camiseta: elemento gráfico árbol, color gris, estilo urbano, ubicación esquina",gris,urbano,árbol,esquina,2,3,9,2
"Necesito una camiseta con gráfico de calavera en zona centrado, color verde, estilo retro",verde,retro,calavera,centrado,5,2,1,0
"Necesito una camiseta con gráfico de sol en zona centrado, color azul, estilo vintage",azul,vintage,sol,centrado,0,4,6,0
"Crear camiseta de estilo deportivo con motivo de lobo en color azul, zona espalda",azul,deportivo,lobo,espalda,0,0,4,1
"Quiero diseño de dragón en camiseta color rojo, estilo vintage, ubicado en espalda",rojo,vintage,dragón,espalda,4,4,2,1
Camiseta de color verde con motivo retro de calavera en la zona espalda,verde,retro,calavera,espalda,5,2,1,1
Camiseta de color blanco con motivo vintage de águila en la zona espalda,blanco,vintage,águila,espalda,1,4,8,1
"Diseño de camiseta: gráfico de águila, color gris, estilo retro, posición pecho",gris,retro,águila,pecho,2,2,8,3
"Diseñar camiseta: elemento gráfico montaña, color blanco, estilo minimalista, ubicación esquina",blanco,minimalista,montaña,esquina,1,1,5,2
"Diseño de camiseta: gráfico de águila, color verde, estilo retro, posición espalda",verde,retro,águila,espalda,5,2,8,1
"Diseño de camiseta: gráfico de automóvil, color azul, estilo retro, posición pecho",azul,retro,automóvil,pecho,0,2,0,3
"Crear camiseta de estilo vintage con motivo de árbol en color gris, zona pecho",gris,vintage,árbol,pecho,2,4,9,3
"Camiseta color gris, estilo deportivo, con estampado de sol en zona espalda",gris,deportivo,sol,espalda,2,0,6,1
"Quiero estampado de lobo en zona esquina, color gris, estilo deportivo",gris,deportivo,lobo,esquina,2,0,4,2
"Camiseta color negro, estilo vintage, con estampado de sol en zona pecho",negro,vintage,sol,pecho,3,4,6,3
"Camiseta con imagen de montaña, color azul, estilo retro, posición esquina",azul,retro,montaña,esquina,0,2,5,2
"Necesito una camiseta con gráfico de guitarra en zona esquina, color blanco, estilo retro",blanco,retro,guitarra,esquina,1,2,3,2
"Necesito una camiseta con gráfico de montaña en zona centrado, color rojo, estilo vintage",rojo,vintage,montaña,centrado,4,4,5,0
"Camiseta de color gris, diseño de calavera, estilo minimalista, zona espalda",gris,minimalista,calavera,espalda,2,1,1,1
"Camiseta color verde, estilo vintage, con estampado de sol en zona esquina",verde,vintage,sol,esquina,5,4,6,2
"Diseño de camiseta: gráfico de texto, color negro, estilo minimalista, posición esquina",negro,minimalista,texto,esquina,3,1,7,2
"Quiero estampado de montaña en zona pecho, color gris, estilo vintage",gris,vintage,montaña,pecho,2,4,5,3
"Quiero diseño de águila en camiseta color azul, estilo retro, ubicado en pecho",azul,retro,águila,pecho,0,2,8,3
"Diseñar camiseta: elemento gráfico montaña, color azul, estilo retro, ubicación esquina",azul,retro,montaña,esquina,0,2,5,2
"Camiseta color azul, estilo urbano, con estampado de sol en zona pecho",azul,urbano,sol,pecho,0,3,6,3
"Crear camiseta de estilo vintage con motivo de águila en color blanco, zona pecho",blanco,vintage,águila,pecho,1,4,8,3
"Diseño para camiseta: calavera en posición centrado, color azul, estilo visual vintage",azul,vintage,calavera,centrado,0,4,1,0
"Camiseta con estampado de dragón, color principal blanco, estilo visual retro, zona pecho",blanco,retro,dragón,pecho,1,2,2,3
"Camiseta con estampado de calavera, color principal negro, estilo visual minimalista, zona espalda",negro,minimalista,calavera,espalda,3,1,1,1
"Quiero estampado de automóvil en zona esquina, color verde, estilo vintage",verde,vintage,automóvil,esquina,5,4,0,2
"Crear camiseta de estilo deportivo con motivo de calavera en color blanco, zona esquina",blanco,deportivo,calavera,esquina,1,0,1,2
"Diseño para camiseta: sol en posición esquina, color azul, estilo visual vintage",azul,vintage,sol,esquina,0,4,6,2
"Generar camiseta de estilo deportivo, color azul, imagen de dragón en zona centrado",azul,deportivo,dragón,centrado,0,0,2,0
"Generar camiseta de estilo vintage, color verde, imagen de dragón en zona esquina",verde,vintage,dragón,esquina,5,4,2,2
"Diseñar camiseta: elemento gráfico automóvil, color verde, estilo vintage, ubicación centrado",verde,vintage,automóvil,centrado,5,4,0,0
"Generar camiseta de estilo retro, color verde, imagen de automóvil en zona centrado",verde,retro,automóvil,centrado,5,2,0,0
"Quiero diseño de guitarra en camiseta color blanco, estilo retro, ubicado en centrado",blanco,retro,guitarra,centrado,1,2,3,0
"Diseñar camiseta: elemento gráfico automóvil, color gris, estilo deportivo, ubicación centrado",gris,deportivo,automóvil,centrado,2,0,0,0
"Diseñar camiseta: elemento gráfico árbol, color blanco, estilo retro, ubicación centrado",blanco,retro,árbol,centrado,1,2,9,0
"Necesito una camiseta con gráfico de texto en zona espalda, color verde, estilo retro",verde,retro,texto,espalda,5,2,7,1
"Quiero una camiseta con diseño de águila en estilo urbano, color rojo, posición pecho",rojo,urbano,águila,pecho,4,3,8,3
"Generar camiseta de estilo minimalista, color verde, imagen de texto en zona esquina",verde,minimalista,texto,esquina,5,1,7,2
"Camiseta con estampado de guitarra, color principal negro, estilo visual minimalista, zona pecho",negro,minimalista,guitarra,pecho,3,1,3,3
"Camiseta color azul, estilo deportivo, con estampado de dragón en zona centrado",azul,deportivo,dragón,centrado,0,0,2,0
"Diseñar camiseta: elemento gráfico guitarra, color gris, estilo deportivo, ubicación pecho",gris,deportivo,guitarra,pecho,2,0,3,3
"Diseño de camiseta: gráfico de automóvil, color azul, estilo urbano, posición centrado",azul,urbano,automóvil,centrado,0,3,0,0
"Quiero una camiseta con diseño de automóvil en estilo urbano, color negro, posición espalda",negro,urbano,automóvil,espalda,3,3,0,1
"Crear camiseta de estilo urbano con motivo de texto en color blanco, zona esquina",blanco,urbano,texto,esquina,1,3,7,2
"Camiseta con estampado de lobo, color principal rojo, estilo visual vintage, zona centrado",rojo,vintage,lobo,centrado,4,4,4,0
"Diseño de camiseta: gráfico de lobo, color azul, estilo vintage, posición esquina",azul,vintage,lobo,esquina,0,4,4,2
"Diseñar camiseta: elemento gráfico lobo, color gris, estilo urbano, ubicación espalda",gris,urbano,lobo,espalda,2,3,4,1
"Diseño para camiseta: dragón en posición pecho, color negro, estilo visual deportivo",negro,deportivo,dragón,pecho,3,0,2,3
"Diseño de camiseta: gráfico de sol, color blanco, estilo vintage, posición espalda",blanco,vintage,sol,espalda,1,4,6,1
"Diseño de camiseta: gráfico de montaña, color gris, estilo retro, posición centrado",gris,retro,montaña,centrado,2,2,5,0
"Diseño para camiseta: sol en posición esquina, color blanco, estilo visual vintage",blanco,vintage,sol,esquina,1,4,6,2
"Camiseta con estampado de guitarra, color principal gris, estilo visual vintage, zona centrado",gris,vintage,guitarra,centrado,2,4,3,0
"Necesito una camiseta con gráfico de árbol en zona esquina, color azul, estilo vintage",azul,vintage,árbol,esquina,0,4,9,2
"Diseño de camiseta: gráfico de guitarra, color verde, estilo deportivo, posición esquina",verde,deportivo,guitarra,esquina,5,0,3,2
"Necesito una camiseta con gráfico de sol en zona espalda, color verde, estilo vintage",verde,vintage,sol,espalda,5,4,6,1
"Quiero una camiseta con diseño de calavera en estilo vintage, color azul, posición pecho",azul,vintage,calavera,pecho,0,4,1,3
"Crear camiseta de estilo urbano con motivo de sol en color azul, zona pecho",azul,urbano,sol,pecho,0,3,6,3
"Quiero una camiseta con diseño de calavera en estilo retro, color negro, posición espalda",negro,retro,calavera,espalda,3,2,1,1
"Generar camiseta de estilo minimalista, color azul, imagen de calavera en zona espalda",azul,minimalista,calavera,espalda,0,1,1,1
"Quiero una camiseta con diseño de calavera en estilo urbano, color negro, posición espalda",negro,urbano,calavera,espalda,3,3,1,1
"Quiero estampado de lobo en zona centrado, color gris, estilo urbano",gris,urbano,lobo,centrado,2,3,4,0
"Generar camiseta de estilo urbano, color azul, imagen de sol en zona pecho",azul,urbano,sol,pecho,0,3,6,3
"Quiero diseño de montaña en camiseta color azul, estilo retro, ubicado en pecho",azul,retro,montaña,pecho,0,2,5,3
"Camiseta con estampado de texto, color principal rojo, estilo visual retro, zona centrado",rojo,retro,texto,centrado,4,2,7,0
"Necesito una camiseta con gráfico de lobo en zona esquina, color azul, estilo minimalista",azul,minimalista,lobo,esquina,0,1,4,2
"Camiseta color blanco, estilo urbano, con estampado de sol en zona esquina",blanco,urbano,sol,esquina,1,3,6,2
Camiseta de color gris con motivo minimalista de montaña en la zona espalda,gris,minimalista,montaña,espalda,2,1,5,1
"Generar camiseta de estilo deportivo, color azul, imagen de montaña en zona espalda",azul,deportivo,montaña,espalda,0,0,5,1
"Quiero estampado de árbol en zona centrado, color rojo, estilo vintage",rojo,vintage,árbol,centrado,4,4,9,0
"Quiero una camiseta con diseño de calavera en estilo deportivo, color blanco, posición esquina",blanco,deportivo,calavera,esquina,1,0,1,2
"Camiseta color gris, estilo urbano, con estampado de águila en zona espalda",gris,urbano,águila,espalda,2,3,8,1
"Diseño de camiseta: gráfico de automóvil, color blanco, estilo deportivo, posición espalda",blanco,deportivo,automóvil,espalda,1,0,0,1
"Diseñar camiseta: elemento gráfico águila, color blanco, estilo minimalista, ubicación centrado",blanco,minimalista,águila,centrado,1,1,8,0
"Diseño para camiseta: calavera en posición espalda, color negro, estilo visual vintage",negro,vintage,calavera,espalda,3,4,1,1
"Camiseta color gris, estilo retro, con estampado de lobo en zona esquina",gris,retro,lobo,esquina,2,2,4,2
"Diseño de camiseta: gráfico de automóvil, color rojo, estilo minimalista, posición espalda",rojo,minimalista,automóvil,espalda,4,1,0,1
"Quiero estampado de automóvil en zona pecho, color azul, estilo retro",azul,retro,automóvil,pecho,0,2,0,3
"Diseñar camiseta: elemento gráfico texto, color negro, estilo deportivo, ubicación centrado",negro,deportivo,texto,centrado,3,0,7,0
"Diseño para camiseta: águila en posición centrado, color blanco, estilo visual retro",blanco,retro,águila,centrado,1,2,8,0
"Necesito una camiseta con gráfico de calavera en zona espalda, color blanco, estilo vintage",blanco,vintage,calavera,espalda,1,4,1,1
"Diseño de camiseta: gráfico de guitarra, color verde, estilo retro, posición centrado",verde,retro,guitarra,centrado,5,2,3,0
"Crear camiseta de estilo deportivo con motivo de lobo en color negro, zona pecho",negro,deportivo,lobo,pecho,3,0,4,3
"Camiseta color blanco, estilo minimalista, con estampado de sol en zona espalda",blanco,minimalista,sol,espalda,1,1,6,1
"Crear camiseta de estilo urbano con motivo de sol en color rojo, zona espalda",rojo,urbano,sol,espalda,4,3,6,1
Camiseta de color verde con motivo vintage de águila en la zona espalda,verde,vintage,águila,espalda,5,4,8,1
Camiseta de color negro con motivo deportivo de montaña en la zona pecho,negro,deportivo,montaña,pecho,3,0,5,3
"Crear camiseta de estilo deportivo con motivo de dragón en color verde, zona espalda",verde,deportivo,dragón,espalda,5,0,2,1
"Quiero una camiseta con diseño de dragón en estilo retro, color gris, posición esquina",gris,retro,dragón,esquina,2,2,2,2
"Quiero una camiseta con diseño de guitarra en estilo urbano, color negro, posición espalda",negro,urbano,guitarra,espalda,3,3,3,1
"Quiero una camiseta con diseño de guitarra en estilo vintage, color negro, posición espalda",negro,vintage,guitarra,espalda,3,4,3,1
"Necesito una camiseta con gráfico de calavera en zona pecho, color negro, estilo deportivo",negro,deportivo,calavera,pecho,3,0,1,3
"Camiseta color blanco, estilo minimalista, con estampado de montaña en zona pecho",blanco,minimalista,montaña,pecho,1,1,5,3
"Diseñar camiseta: elemento gráfico texto, color rojo, estilo vintage, ubicación esquina",rojo,vintage,texto,esquina,4,4,7,2
Camiseta de color negro con motivo minimalista de dragón en la zona espalda,negro,minimalista,dragón,espalda,3,1,2,1
"Camiseta color blanco, estilo deportivo, con estampado de texto en zona espalda",blanco,deportivo,texto,espalda,1,0,7,1
"Diseño de camiseta: gráfico de dragón, color blanco, estilo minimalista, posición pecho",blanco,minimalista,dragón,pecho,1,1,2,3
"Quiero estampado de guitarra en zona centrado, color rojo, estilo minimalista",rojo,minimalista,guitarra,centrado,4,1,3,0
"Diseño para camiseta: lobo en posición pecho, color verde, estilo visual urbano",verde,urbano,lobo,pecho,5,3,4,3
"Diseñar camiseta: elemento gráfico montaña, color verde, estilo urbano, ubicación espalda",verde,urbano,montaña,espalda,5,3,5,1
"Diseño para camiseta: sol en posición espalda, color negro, estilo visual deportivo",negro,deportivo,sol,espalda,3,0,6,1
Camiseta de color verde con motivo urbano de dragón en la zona espalda,verde,urbano,dragón,espalda,5,3,2,1
"Quiero una camiseta con diseño de sol en estilo retro, color negro, posición espalda",negro,retro,sol,espalda,3,2,6,1
"Camiseta con estampado de árbol, color principal rojo, estilo visual deportivo, zona espalda",rojo,deportivo,árbol,espalda,4,0,9,1
"Crear camiseta de estilo urbano con motivo de águila en color rojo, zona pecho",rojo,urbano,águila,pecho,4,3,8,3
Camiseta de color blanco con motivo urbano de árbol en la zona centrado,blanco,urbano,árbol,centrado,1,3,9,0
"Quiero una camiseta con diseño de calavera en estilo vintage, color rojo, posición esquina",rojo,vintage,calavera,esquina,4,4,1,2
"Camiseta con imagen de lobo, color negro, estilo minimalista, posición esquina",negro,minimalista,lobo,esquina,3,1,4,2
"Crear camiseta de estilo urbano con motivo de águila en color gris, zona esquina",gris,urbano,águila,esquina,2,3,8,2
"Diseñar camiseta: elemento gráfico sol, color azul, estilo retro, ubicación centrado",azul,retro,sol,centrado,0,2,6,0
"Camiseta con imagen de texto, color verde, estilo urbano, posición pecho",verde,urbano,texto,pecho,5,3,7,3
"Quiero una camiseta con diseño de sol en estilo deportivo, color blanco, posición espalda",blanco,deportivo,sol,espalda,1,0,6,1
"Camiseta color rojo, estilo vintage, con estampado de sol en zona esquina",rojo,vintage,sol,esquina,4,4,6,2
"Diseño de camiseta: gráfico de dragón, color negro, estilo urbano, posición pecho",negro,urbano,dragón,pecho,3,3,2,3
Camiseta de color gris con motivo vintage de águila en la zona espalda,gris,vintage,águila,espalda,2,4,8,1
"Quiero una camiseta con diseño de calavera en estilo minimalista, color blanco, posición espalda",blanco,minimalista,calavera,espalda,1,1,1,1
"Camiseta con estampado de dragón, color principal rojo, estilo visual minimalista, zona esquina",rojo,minimalista,dragón,esquina,4,1,2,2
"Diseño de camiseta: gráfico de calavera, color azul, estilo vintage, posición esquina",azul,vintage,calavera,esquina,0,4,1,2
"Camiseta color blanco, estilo vintage, con estampado de dragón en zona pecho",blanco,vintage,dragón,pecho,1,4,2,3
"Quiero una camiseta con diseño de lobo en estilo minimalista, color negro, posición pecho",negro,minimalista,lobo,pecho,3,1,4,3
"Camiseta con estampado de texto, color principal blanco, estilo visual urbano, zona esquina",blanco,urbano,texto,esquina,1,3,7,2
"Crear camiseta de estilo deportivo con motivo de calavera en color verde, zona pecho",verde,deportivo,calavera,pecho,5,0,1,3
"Quiero estampado de dragón en zona esquina, color azul, estilo deportivo",azul,deportivo,dragón,esquina,0,0,2,2
"Camiseta con estampado de guitarra, color principal blanco, estilo visual retro, zona espalda",blanco,retro,guitarra,espalda,1,2,3,1
"Generar camiseta de estilo urbano, color azul, imagen de dragón en zona esquina",azul,urbano,dragón,esquina,0,3,2,2
"Camiseta color rojo, estilo urbano, con estampado de águila en zona pecho",rojo,urbano,águila,pecho,4,3,8,3
"Quiero una camiseta con diseño de árbol en estilo retro, color verde, posición esquina",verde,retro,árbol,esquina,5,2,9,2
"Quiero una camiseta con diseño de guitarra en estilo urbano, color rojo, posición pecho",rojo,urbano,guitarra,pecho,4,3,3,3
Camiseta de color rojo con motivo retro de guitarra en la zona espalda,rojo,retro,guitarra,espalda,4,2,3,1
Camiseta de color blanco con motivo urbano de lobo en la zona espalda,blanco,urbano,lobo,espalda,1,3,4,1
"Necesito una camiseta con gráfico de guitarra en zona centrado, color negro, estilo minimalista",negro,minimalista,guitarra,centrado,3,1,3,0
"Necesito una camiseta con gráfico de guitarra en zona espalda, color blanco, estilo minimalista",blanco,minimalista,guitarra,espalda,1,1,3,1
"Quiero diseño de dragón en camiseta color gris, estilo minimalista, ubicado en centrado",gris,minimalista,dragón,centrado,2,1,2,0
"Generar camiseta de estilo urbano, color rojo, imagen de calavera en zona esquina",rojo,urbano,calavera,esquina,4,3,1,2
"Camiseta color blanco, estilo minimalista, con estampado de texto en zona pecho",blanco,minimalista,texto,pecho,1,1,7,3
"Camiseta con imagen de águila, color rojo, estilo minimalista, posición esquina",rojo,minimalista,águila,esquina,4,1,8,2
"Quiero estampado de lobo en zona pecho, color rojo, estilo vintage",rojo,vintage,lobo,pecho,4,4,4,3
"Camiseta de color verde, diseño de calavera, estilo vintage, zona centrado",verde,vintage,calavera,centrado,5,4,1,0
"Diseño de camiseta: gráfico de dragón, color gris, estilo minimalista, posición centrado",gris,minimalista,dragón,centrado,2,1,2,0
"Generar camiseta de estilo minimalista, color gris, imagen de montaña en zona pecho",gris,minimalista,montaña,pecho,2,1,5,3
"Diseño de camiseta: gráfico de dragón, color rojo, estilo vintage, posición centrado",rojo,vintage,dragón,centrado,4,4,2,0
"Camiseta con imagen de calavera, color azul, estilo minimalista, posición pecho",azul,minimalista,calavera,pecho,0,1,1,3
"Necesito una camiseta con gráfico de sol en zona pecho, color verde, estilo minimalista",verde,minimalista,sol,pecho,5,1,6,3
"Camiseta con estampado de texto, color principal verde, estilo visual urbano, zona centrado",verde,urbano,texto,centrado,5,3,7,0
"Camiseta color blanco, estilo retro, con estampado de águila en zona pecho",blanco,retro,águila,pecho,1,2,8,3
"Camiseta con imagen de sol, color rojo, estilo retro, posición espalda",rojo,retro,sol,espalda,4,2,6,1
"Quiero diseño de guitarra en camiseta color verde, estilo vintage, ubicado en espalda",verde,vintage,guitarra,espalda,5,4,3,1
Camiseta de color gris con motivo retro de guitarra en la zona espalda,gris,retro,guitarra,espalda,2,2,3,1
"Crear camiseta de estilo urbano con motivo de texto en color negro, zona centrado",negro,urbano,texto,centrado,3,3,7,0
"Camiseta color azul, estilo deportivo, con estampado de dragón en zona espalda",azul,deportivo,dragón,espalda,0,0,2,1
"Quiero diseño de árbol en camiseta color blanco, estilo deportivo, ubicado en esquina",blanco,deportivo,árbol,esquina,1,0,9,2
"Quiero una camiseta con diseño de árbol en estilo vintage, color blanco, posición centrado",blanco,vintage,árbol,centrado,1,4,9,0
"Diseño para camiseta: guitarra en posición espalda, color negro, estilo visual urbano",negro,urbano,guitarra,espalda,3,3,3,1
"Camiseta de color verde, diseño de águila, estilo vintage, zona pecho",verde,vintage,águila,pecho,5,4,8,3
"Quiero diseño de automóvil en camiseta color azul, estilo retro, ubicado en centrado",azul,retro,automóvil,centrado,0,2,0,0
"Camiseta con imagen de sol, color gris, estilo retro, posición esquina",gris,retro,sol,esquina,2,2,6,2
"Camiseta color negro, estilo urbano, con estampado de automóvil en zona esquina",negro,urbano,automóvil,esquina,3,3,0,2
"Quiero diseño de texto en camiseta color verde, estilo vintage, ubicado en pecho",verde,vintage,texto,pecho,5,4,7,3
"Generar camiseta de estilo vintage, color azul, imagen de guitarra en zona espalda",azul,vintage,guitarra,espalda,0,4,3,1
"Diseño para camiseta: águila en posición esquina, color azul, estilo visual deportivo",azul,deportivo,águila,esquina,0,0,8,2
"Necesito una camiseta con gráfico de sol en zona centrado, color gris, estilo urbano",gris,urbano,sol,centrado,2,3,6,0
"Camiseta con imagen de sol, color gris, estilo urbano, posición esquina",gris,urbano,sol,esquina,2,3,6,2
"Quiero estampado de sol en zona esquina, color negro, estilo vintage",negro,vintage,sol,esquina,3,4,6,2
"Quiero estampado de calavera en zona centrado, color verde, estilo vintage",verde,vintage,calavera,centrado,5,4,1,0
"Camiseta de color blanco, diseño de águila, estilo retro, zona espalda",blanco,retro,águila,espalda,1,2,8,1
"Crear camiseta de estilo vintage con motivo de montaña en color azul, zona esquina",azul,vintage,montaña,esquina,0,4,5,2
"Quiero una camiseta con diseño de águila en estilo vintage, color rojo, posición pecho",rojo,vintage,águila,pecho,4,4,8,3
"Quiero estampado de dragón en zona centrado, color gris, estilo vintage",gris,vintage,dragón,centrado,2,4,2,0
"Camiseta color azul, estilo urbano, con estampado de calavera en zona centrado",azul,urbano,calavera,centrado,0,3,1,0
Camiseta de color blanco con motivo minimalista de árbol en la zona pecho,blanco,minimalista,árbol,pecho,1,1,9,3
"Quiero una camiseta con diseño de águila en estilo deportivo, color verde, posición esquina",verde,deportivo,águila,esquina,5,0,8,2
Camiseta de color rojo con motivo vintage de automóvil en la zona centrado,rojo,vintage,automóvil,centrado,4,4,0,0
"Camiseta color blanco, estilo vintage, con estampado de automóvil en zona centrado",blanco,vintage,automóvil,centrado,1,4,0,0
"Diseño de camiseta: gráfico de lobo, color blanco, estilo urbano, posición esquina",blanco,urbano,lobo,esquina,1,3,4,2
"Camiseta con estampado de lobo, color principal negro, estilo visual deportivo, zona espalda",negro,deportivo,lobo,espalda,3,0,4,1
"Diseñar camiseta: elemento gráfico sol, color rojo, estilo vintage, ubicación pecho",rojo,vintage,sol,pecho,4,4,6,3
"Quiero una camiseta con diseño de árbol en estilo urbano, color gris, posición espalda",gris,urbano,árbol,espalda,2,3,9,1
"Crear camiseta de estilo minimalista con motivo de texto en color blanco, zona centrado",blanco,minimalista,texto,centrado,1,1,7,0
"Diseño para camiseta: dragón en posición centrado, color verde, estilo visual minimalista",verde,minimalista,dragón,centrado,5,1,2,0
"Diseño para camiseta: automóvil en posición pecho, color azul, estilo visual deportivo",azul,deportivo,automóvil,pecho,0,0,0,3
"Diseño de camiseta: gráfico de automóvil, color gris, estilo deportivo, posición espalda",gris,deportivo,automóvil,espalda,2,0,0,1
"Quiero una camiseta con diseño de calavera en estilo deportivo, color gris, posición esquina",gris,deportivo,calavera,esquina,2,0,1,2
"Camiseta con imagen de automóvil, color rojo, estilo deportivo, posición pecho",rojo,deportivo,automóvil,pecho,4,0,0,3
"Quiero estampado de lobo en zona espalda, color blanco, estilo vintage",blanco,vintage,lobo,espalda,1,4,4,1
"Quiero una camiseta con diseño de águila en estilo retro, color rojo, posición pecho",rojo,retro,águila,pecho,4,2,8,3
"Necesito una camiseta con gráfico de águila en zona pecho, color gris, estilo urbano",gris,urbano,águila,pecho,2,3,8,3
"Diseñar camiseta: elemento gráfico águila, color gris, estilo minimalista, ubicación esquina",gris,minimalista,águila,esquina,2,1,8,2
Camiseta de color negro con motivo vintage de texto en la zona pecho,negro,vintage,texto,pecho,3,4,7,3
"Quiero estampado de texto en zona espalda, color gris, estilo retro",gris,retro,texto,espalda,2,2,7,1
"Diseño de camiseta: gráfico de sol, color azul, estilo deportivo, posición pecho",azul,deportivo,sol,pecho,0,0,6,3
"Crear camiseta de estilo deportivo con motivo de montaña en color rojo, zona espalda",rojo,deportivo,montaña,espalda,4,0,5,1
"Camiseta con imagen de montaña, color gris, estilo urbano, posición pecho",gris,urbano,montaña,pecho,2,3,5,3
"Necesito una camiseta con gráfico de calavera en zona pecho, color rojo, estilo retro",rojo,retro,calavera,pecho,4,2,1,3
"Diseño para camiseta: texto en posición espalda, color verde, estilo visual vintage",verde,vintage,texto,espalda,5,4,7,1
"Camiseta de color verde, diseño de texto, estilo urbano, zona esquina",verde,urbano,texto,esquina,5,3,7,2
"Diseñar camiseta: elemento gráfico sol, color azul, estilo deportivo, ubicación centrado",azul,deportivo,sol,centrado,0,0,6,0
Camiseta de color azul con motivo urbano de lobo en la zona espalda,azul,urbano,lobo,espalda,0,3,4,1
"Diseñar camiseta: elemento gráfico lobo, color blanco, estilo vintage, ubicación esquina",blanco,vintage,lobo,esquina,1,4,4,2
Camiseta de color blanco con motivo vintage de lobo en la zona pecho,blanco,vintage,lobo,pecho,1,4,4,3
"Diseño de camiseta: gráfico de texto, color verde, estilo vintage, posición esquina",verde,vintage,texto,esquina,5,4,7,2
"Camiseta color negro, estilo deportivo, con estampado de sol en zona centrado",negro,deportivo,sol,centrado,3,0,6,0
"Generar camiseta de estilo minimalista, color gris, imagen de árbol en zona pecho",gris,minimalista,árbol,pecho,2,1,9,3
"Crear camiseta de estilo vintage con motivo de águila en color blanco, zona esquina",blanco,vintage,águila,esquina,1,4,8,2
"Camiseta de color azul, diseño de sol, estilo vintage, zona pecho",azul,vintage,sol,pecho,0,4,6,3
"Quiero una camiseta con diseño de sol en estilo vintage, color gris, posición pecho",gris,vintage,sol,pecho,2,4,6,3
"Diseñar camiseta: elemento gráfico árbol, color negro, estilo urbano, ubicación pecho",negro,urbano,árbol,pecho,3,3,9,3
"Camiseta con imagen de águila, color rojo, estilo minimalista, posición centrado",rojo,minimalista,águila,centrado,4,1,8,0
"Camiseta con estampado de dragón, color principal negro, estilo visual deportivo, zona espalda",negro,deportivo,dragón,espalda,3,0,2,1
"Camiseta de color azul, diseño de águila, estilo retro, zona espalda",azul,retro,águila,espalda,0,2,8,1
Camiseta de color negro con motivo vintage de guitarra en la zona espalda,negro,vintage,guitarra,espalda,3,4,3,1
"Camiseta con estampado de guitarra, color principal gris, estilo visual urbano, zona pecho",gris,urbano,guitarra,pecho,2,3,3,3
"Camiseta de color negro, diseño de sol, estilo minimalista, zona espalda",negro,minimalista,sol,espalda,3,1,6,1
"Diseñar camiseta: elemento gráfico sol, color gris, estilo minimalista, ubicación pecho",gris,minimalista,sol,pecho,2,1,6,3
"Camiseta de color azul, diseño de sol, estilo vintage, zona esquina",azul,vintage,sol,esquina,0,4,6,2
"Diseñar camiseta: elemento gráfico dragón, color gris, estilo deportivo, ubicación esquina",gris,deportivo,dragón,esquina,2,0,2,2
"Crear camiseta de estilo retro con motivo de árbol en color gris, zona espalda",gris,retro,árbol,espalda,2,2,9,1
"Necesito una camiseta con gráfico de sol en zona esquina, color negro, estilo deportivo",negro,deportivo,sol,esquina,3,0,6,2
"Camiseta con imagen de guitarra, color verde, estilo deportivo, posición esquina",verde,deportivo,guitarra,esquina,5,0,3,2
"Quiero una camiseta con diseño de águila en estilo urbano, color rojo, posición esquina",rojo,urbano,águila,esquina,4,3,8,2
"Generar camiseta de estilo urbano, color blanco, imagen de calavera en zona pecho",blanco,urbano,calavera,pecho,1,3,1,3
"Camiseta con estampado de automóvil, color principal rojo, estilo visual minimalista, zona esquina",rojo,minimalista,automóvil,esquina,4,1,0,2
"Quiero estampado de automóvil en zona esquina, color rojo, estilo vintage",rojo,vintage,automóvil,esquina,4,4,0,2
"Generar camiseta de estilo retro, color azul, imagen de guitarra en zona espalda",azul,retro,guitarra,espalda,0,2,3,1
"Quiero diseño de guitarra en camiseta color negro, estilo urbano, ubicado en pecho",negro,urbano,guitarra,pecho,3,3,3,3
"Diseño para camiseta: águila en posición centrado, color azul, estilo visual retro",azul,retro,águila,centrado,0,2,8,0
"Necesito una camiseta con gráfico de águila en zona esquina, color verde, estilo urbano",verde,urbano,águila,esquina,5,3,8,2
"Diseño de camiseta: gráfico de lobo, color blanco, estilo urbano, posición pecho",blanco,urbano,lobo,pecho,1,3,4,3
"Diseño de camiseta: gráfico de montaña, color negro, estilo minimalista, posición espalda",negro,minimalista,montaña,espalda,3,1,5,1
"Camiseta con estampado de calavera, color principal blanco, estilo visual deportivo, zona espalda",blanco,deportivo,calavera,espalda,1,0,1,1
"Generar camiseta de estilo deportivo, color blanco, imagen de texto en zona esquina",blanco,deportivo,texto,esquina,1,0,7,2
"Necesito una camiseta con gráfico de montaña en zona pecho, color verde, estilo minimalista",verde,minimalista,montaña,pecho,5,1,5,3
"Camiseta color azul, estilo retro, con estampado de sol en zona espalda",azul,retro,sol,espalda,0,2,6,1
"Crear camiseta de estilo vintage con motivo de dragón en color azul, zona esquina",azul,vintage,dragón,esquina,0,4,2,2
Camiseta de color gris con motivo retro de calavera en la zona esquina,gris,retro,calavera,esquina,2,2,1,2
"Camiseta con estampado de guitarra, color principal negro, estilo visual minimalista, zona esquina",negro,minimalista,guitarra,esquina,3,1,3,2
"Camiseta con estampado de lobo, color principal blanco, estilo visual vintage, zona esquina",blanco,vintage,lobo,esquina,1,4,4,2
"Diseño para camiseta: lobo en posición espalda, color negro, estilo visual minimalista",negro,minimalista,lobo,espalda,3,1,4,1
"Quiero diseño de montaña en camiseta color gris, estilo urbano, ubicado en espalda",gris,urbano,montaña,espalda,2,3,5,1
"Generar camiseta de estilo retro, color blanco, imagen de águila en zona centrado",blanco,retro,águila,centrado,1,2,8,0
"Camiseta con imagen de texto, color verde, estilo urbano, posición espalda",verde,urbano,texto,espalda,5,3,7,1
"Diseño de camiseta: gráfico de sol, color blanco, estilo vintage, posición pecho",blanco,vintage,sol,pecho,1,4,6,3
"Diseño de camiseta: gráfico de calavera, color gris, estilo retro, posición pecho",gris,retro,calavera,pecho,2,2,1,3
"Diseño de camiseta: gráfico de guitarra, color negro, estilo retro, posición pecho",negro,retro,guitarra,pecho,3,2,3,3
"Crear camiseta de estilo urbano con motivo de sol en color gris, zona pecho",gris,urbano,sol,pecho,2,3,6,3
Camiseta de color azul con motivo urbano de sol en la zona esquina,azul,urbano,sol,esquina,0,3,6,2
"Camiseta con imagen de lobo, color blanco, estilo vintage, posición pecho",blanco,vintage,lobo,pecho,1,4,4,3
"Diseñar camiseta: elemento gráfico montaña, color rojo, estilo retro, ubicación esquina",rojo,retro,montaña,esquina,4,2,5,2
"Diseño para camiseta: lobo en posición esquina, color verde, estilo visual retro",verde,retro,lobo,esquina,5,2,4,2
"Camiseta con imagen de árbol, color gris, estilo urbano, posición pecho",gris,urbano,árbol,pecho,2,3,9,3
"Diseño para camiseta: automóvil en posición esquina, color negro, estilo visual minimalista",negro,minimalista,automóvil,esquina,3,1,0,2
"Generar camiseta de estilo minimalista, color blanco, imagen de sol en zona esquina",blanco,minimalista,sol,esquina,1,1,6,2
"Camiseta con imagen de árbol, color blanco, estilo deportivo, posición pecho",blanco,deportivo,árbol,pecho,1,0,9,3
"Necesito una camiseta con gráfico de guitarra en zona esquina, color gris, estilo deportivo",gris,deportivo,guitarra,esquina,2,0,3,2
"Diseñar camiseta: elemento gráfico automóvil, color blanco, estilo minimalista, ubicación espalda",blanco,minimalista,automóvil,espalda,1,1,0,1
"Camiseta con imagen de guitarra, color gris, estilo retro, posición esquina",gris,retro,guitarra,esquina,2,2,3,2
"Diseño para camiseta: sol en posición espalda, color rojo, estilo visual minimalista",rojo,minimalista,sol,espalda,4,1,6,1
"Diseño de camiseta: gráfico de calavera, color azul, estilo vintage, posición centrado",azul,vintage,calavera,centrado,0,4,1,0
"Camiseta color gris, estilo minimalista, con estampado de sol en zona centrado",gris,minimalista,sol,centrado,2,1,6,0
"Camiseta color verde, estilo urbano, con estampado de dragón en zona esquina",verde,urbano,dragón,esquina,5,3,2,2
"Necesito una camiseta con gráfico de dragón en zona espalda, color gris, estilo minimalista",gris,minimalista,dragón,espalda,2,1,2,1
"Camiseta color gris, estilo deportivo, con estampado de águila en zona pecho",gris,deportivo,águila,pecho,2,0,8,3
"Diseño para camiseta: montaña en posición espalda, color rojo, estilo visual minimalista",rojo,minimalista,montaña,espalda,4,1,5,1
Camiseta de color verde con motivo urbano de lobo en la zona centrado,verde,urbano,lobo,centrado,5,3,4,0
"Diseño para camiseta: lobo en posición pecho, color negro, estilo visual retro",negro,retro,lobo,pecho,3,2,4,3
"Camiseta de color negro, diseño de montaña, estilo deportivo, zona esquina",negro,deportivo,montaña,esquina,3,0,5,2
"Camiseta con imagen de calavera, color negro, estilo retro, posición esquina",negro,retro,calavera,esquina,3,2,1,2
"Camiseta con estampado de lobo, color principal rojo, estilo visual retro, zona centrado",rojo,retro,lobo,centrado,4,2,4,0
"Necesito una camiseta con gráfico de montaña en zona esquina, color gris, estilo urbano",gris,urbano,montaña,esquina,2,3,5,2
"Diseñar camiseta: elemento gráfico dragón, color gris, estilo retro, ubicación pecho",gris,retro,dragón,pecho,2,2,2,3
"Camiseta con estampado de automóvil, color principal gris, estilo visual retro, zona pecho",gris,retro,automóvil,pecho,2,2,0,3
"Necesito una camiseta con gráfico de árbol en zona centrado, color gris, estilo minimalista",gris,minimalista,árbol,centrado,2,1,9,0
"Diseño para camiseta: águila en posición esquina, color negro, estilo visual deportivo",negro,deportivo,águila,esquina,3,0,8,2
"Quiero diseño de calavera en camiseta color blanco, estilo urbano, ubicado en centrado",blanco,urbano,calavera,centrado,1,3,1,0
"Generar camiseta de estilo minimalista, color azul, imagen de árbol en zona pecho",azul,minimalista,árbol,pecho,0,1,9,3
"Necesito una camiseta con gráfico de dragón en zona espalda, color rojo, estilo minimalista",rojo,minimalista,dragón,espalda,4,1,2,1
"Necesito una camiseta con gráfico de texto en zona pecho, color rojo, estilo deportivo",rojo,deportivo,texto,pecho,4,0,7,3
"Camiseta con estampado de automóvil, color principal blanco, estilo visual urbano, zona centrado",blanco,urbano,automóvil,centrado,1,3,0,0
"Crear camiseta de estilo retro con motivo de automóvil en color negro, zona centrado",negro,retro,automóvil,centrado,3,2,0,0
"Quiero diseño de guitarra en camiseta color azul, estilo retro, ubicado en centrado",azul,retro,guitarra,centrado,0,2,3,0
"Camiseta de color blanco, diseño de guitarra, estilo urbano, zona espalda",blanco,urbano,guitarra,espalda,1,3,3,1
"Camiseta con estampado de automóvil, color principal blanco, estilo visual vintage, zona esquina",blanco,vintage,automóvil,esquina,1,4,0,2
"Camiseta de color verde, diseño de sol, estilo retro, zona espalda",verde,retro,sol,espalda,5,2,6,1
"Camiseta con estampado de montaña, color principal negro, estilo visual deportivo, zona espalda",negro,deportivo,montaña,espalda,3,0,5,1
"Quiero una camiseta con diseño de montaña en estilo minimalista, color azul, posición centrado",azul,minimalista,montaña,centrado,0,1,5,0
"Quiero una camiseta con diseño de dragón en estilo retro, color rojo, posición centrado",rojo,retro,dragón,centrado,4,2,2,0
"Camiseta de color blanco, diseño de lobo, estilo urbano, zona centrado",blanco,urbano,lobo,centrado,1,3,4,0
Camiseta de color blanco con motivo deportivo de árbol en la zona pecho,blanco,deportivo,árbol,pecho,1,0,9,3
"Diseño de camiseta: gráfico de montaña, color blanco, estilo urbano, posición espalda",blanco,urbano,montaña,espalda,1,3,5,1
"Necesito una camiseta con gráfico de águila en zona esquina, color rojo, estilo urbano",rojo,urbano,águila,esquina,4,3,8,2
"Diseño de camiseta: gráfico de texto, color verde, estilo deportivo, posición pecho",verde,deportivo,texto,pecho,5,0,7,3
"Quiero diseño de texto en camiseta color blanco, estilo minimalista, ubicado en esquina",blanco,minimalista,texto,esquina,1,1,7,2
"Generar camiseta de estilo urbano, color negro, imagen de guitarra en zona pecho",negro,urbano,guitarra,pecho,3,3,3,3
"Necesito una camiseta con gráfico de texto en zona pecho, color azul, estilo retro",azul,retro,texto,pecho,0,2,7,3
"Crear camiseta de estilo urbano con motivo de automóvil en color negro, zona pecho",negro,urbano,automóvil,pecho,3,3,0,3
"Necesito una camiseta con gráfico de texto en zona pecho, color rojo, estilo urbano",rojo,urbano,texto,pecho,4,3,7,3
"Diseño para camiseta: calavera en posición espalda, color rojo, estilo visual deportivo",rojo,deportivo,calavera,espalda,4,0,1,1
"Diseñar camiseta: elemento gráfico águila, color blanco, estilo urbano, ubicación esquina",blanco,urbano,águila,esquina,1,3,8,2
"Camiseta con imagen de sol, color negro, estilo urbano, posición espalda",negro,urbano,sol,espalda,3,3,6,1
"Camiseta color rojo, estilo urbano, con estampado de montaña en zona centrado",rojo,urbano,montaña,centrado,4,3,5,0
"Quiero diseño de dragón en camiseta color azul, estilo urbano, ubicado en centrado",azul,urbano,dragón,centrado,0,3,2,0
"Diseño de camiseta: gráfico de guitarra, color gris, estilo deportivo, posición esquina",gris,deportivo,guitarra,esquina,2,0,3,2
"Quiero una camiseta con diseño de texto en estilo retro, color gris, posición pecho",gris,retro,texto,pecho,2,2,7,3
"Camiseta color negro, estilo urbano, con estampado de lobo en zona espalda",negro,urbano,lobo,espalda,3,3,4,1
"Generar camiseta de estilo retro, color rojo, imagen de guitarra en zona espalda",rojo,retro,guitarra,espalda,4,2,3,1
"Quiero una camiseta con diseño de sol en estilo retro, color verde, posición centrado",verde,retro,sol,centrado,5,2,6,0
"Generar camiseta de estilo minimalista, color azul, imagen de guitarra en zona centrado",azul,minimalista,guitarra,centrado,0,1,3,0
"Quiero diseño de águila en camiseta color gris, estilo vintage, ubicado en centrado",gris,vintage,águila,centrado,2,4,8,0
"Camiseta con imagen de automóvil, color verde, estilo deportivo, posición centrado",verde,deportivo,automóvil,centrado,5,0,0,0
Camiseta de color verde con motivo retro de lobo en la zona centrado,verde,retro,lobo,centrado,5,2,4,0
"Camiseta con estampado de automóvil, color principal negro, estilo visual minimalista, zona espalda",negro,minimalista,automóvil,espalda,3,1,0,1
"Camiseta de color azul, diseño de texto, estilo minimalista, zona pecho",azul,minimalista,texto,pecho,0,1,7,3
"Quiero estampado de texto en zona centrado, color azul, estilo minimalista",azul,minimalista,texto,centrado,0,1,7,0
"Camiseta con imagen de calavera, color rojo, estilo vintage, posición centrado",rojo,vintage,calavera,centrado,4,4,1,0
"Camiseta con imagen de lobo, color azul, estilo urbano, posición centrado",azul,urbano,lobo,centrado,0,3,4,0
"Camiseta con estampado de automóvil, color principal blanco, estilo visual vintage, zona espalda",blanco,vintage,automóvil,espalda,1,4,0,1
"Camiseta con imagen de sol, color verde, estilo urbano, posición pecho",verde,urbano,sol,pecho,5,3,6,3
"Crear camiseta de estilo minimalista con motivo de dragón en color azul, zona espalda",azul,minimalista,dragón,espalda,0,1,2,1
"Camiseta de color blanco, diseño de guitarra, estilo deportivo, zona centrado",blanco,deportivo,guitarra,centrado,1,0,3,0
"Diseño de camiseta: gráfico de automóvil, color rojo, estilo urbano, posición centrado",rojo,urbano,automóvil,centrado,4,3,0,0
"Generar camiseta de estilo urbano, color negro, imagen de lobo en zona espalda",negro,urbano,lobo,espalda,3,3,4,1
"Diseño de camiseta: gráfico de automóvil, color rojo, estilo urbano, posición espalda",rojo,urbano,automóvil,espalda,4,3,0,1
"Camiseta color rojo, estilo retro, con estampado de sol en zona esquina",rojo,retro,sol,esquina,4,2,6,2
"Diseñar camiseta: elemento gráfico águila, color verde, estilo minimalista, ubicación esquina",verde,minimalista,águila,esquina,5,1,8,2
"Diseño para camiseta: sol en posición espalda, color verde, estilo visual retro",verde,retro,sol,espalda,5,2,6,1
"Camiseta de color verde, diseño de guitarra, estilo urbano, zona centrado",verde,urbano,guitarra,centrado,5,3,3,0
"Generar camiseta de estilo retro, color rojo, imagen de texto en zona esquina",rojo,retro,texto,esquina,4,2,7,2
Camiseta de color rojo con motivo deportivo de calavera en la zona esquina,rojo,deportivo,calavera,esquina,4,0,1,2
"Camiseta de color rojo, diseño de árbol, estilo urbano, zona esquina",rojo,urbano,árbol,esquina,4,3,9,2
"Diseño para camiseta: águila en posición esquina, color gris, estilo visual retro",gris,retro,águila,esquina,2,2,8,2
"Necesito una camiseta con gráfico de automóvil en zona esquina, color gris, estilo retro",gris,retro,automóvil,esquina,2,2,0,2
"Camiseta con estampado de sol, color principal gris, estilo visual minimalista, zona espalda",gris,minimalista,sol,espalda,2,1,6,1
"Diseño de camiseta: gráfico de montaña, color gris, estilo deportivo, posición pecho",gris,deportivo,montaña,pecho,2,0,5,3
"Generar camiseta de estilo minimalista, color gris, imagen de automóvil en zona pecho",gris,minimalista,automóvil,pecho,2,1,0,3
"Quiero estampado de calavera en zona esquina, color azul, estilo vintage",azul,vintage,calavera,esquina,0,4,1,2
"Quiero estampado de dragón en zona esquina, color verde, estilo minimalista",verde,minimalista,dragón,esquina,5,1,2,2
"Camiseta de color azul, diseño de águila, estilo vintage, zona espalda",azul,vintage,águila,espalda,0,4,8,1
"Quiero estampado de calavera en zona espalda, color gris, estilo retro",gris,retro,calavera,espalda,2,2,1,1
"Camiseta color negro, estilo deportivo, con estampado de águila en zona esquina",negro,deportivo,águila,esquina,3,0,8,2
"Crear camiseta de estilo deportivo con motivo de guitarra en color gris, zona centrado",gris,deportivo,guitarra,centrado,2,0,3,0
"Camiseta con imagen de calavera, color verde, estilo urbano, posición centrado",verde,urbano,calavera,centrado,5,3,1,0
"Necesito una camiseta con gráfico de montaña en zona esquina, color negro, estilo retro",negro,retro,montaña,esquina,3,2,5,2
"Diseñar camiseta: elemento gráfico montaña, color verde, estilo urbano, ubicación centrado",verde,urbano,montaña,centrado,5,3,5,0
"Camiseta color gris, estilo vintage, con estampado de calavera en zona pecho",gris,vintage,calavera,pecho,2,4,1,3
"Quiero una camiseta con diseño de texto en estilo vintage, color negro, posición centrado",negro,vintage,texto,centrado,3,4,7,0
"Diseño de camiseta: gráfico de sol, color rojo, estilo urbano, posición esquina",rojo,urbano,sol,esquina,4,3,6,2
"Camiseta con estampado de árbol, color principal blanco, estilo visual retro, zona espalda",blanco,retro,árbol,espalda,1,2,9,1
"Quiero estampado de águila en zona esquina, color azul, estilo retro",azul,retro,águila,esquina,0,2,8,2
"Necesito una camiseta con gráfico de texto en zona espalda, color verde, estilo minimalista",verde,minimalista,texto,espalda,5,1,7,1
"Necesito una camiseta con gráfico de montaña en zona espalda, color gris, estilo urbano",gris,urbano,montaña,espalda,2,3,5,1
"Diseñar camiseta: elemento gráfico guitarra, color blanco, estilo retro, ubicación espalda",blanco,retro,guitarra,espalda,1,2,3,1
"Crear camiseta de estilo vintage con motivo de águila en color azul, zona pecho",azul,vintage,águila,pecho,0,4,8,3
"Camiseta con estampado de texto, color principal negro, estilo visual vintage, zona espalda",negro,vintage,texto,espalda,3,4,7,1
"Diseño para camiseta: árbol en posición espalda, color azul, estilo visual minimalista",azul,minimalista,árbol,espalda,0,1,9,1
"Quiero una camiseta con diseño de texto en estilo vintage, color blanco, posición espalda",blanco,vintage,texto,espalda,1,4,7,1
"Diseño de camiseta: gráfico de automóvil, color rojo, estilo vintage, posición pecho",rojo,vintage,automóvil,pecho,4,4,0,3
"Quiero una camiseta con diseño de sol en estilo urbano, color blanco, posición esquina",blanco,urbano,sol,esquina,1,3,6,2
"Camiseta con imagen de texto, color blanco, estilo retro, posición centrado",blanco,retro,texto,centrado,1,2,7,0
"Quiero una camiseta con diseño de calavera en estilo deportivo, color negro, posición esquina",negro,deportivo,calavera,esquina,3,0,1,2
"Diseño para camiseta: guitarra en posición espalda, color azul, estilo visual retro",azul,retro,guitarra,espalda,0,2,3,1
"Camiseta color azul, estilo retro, con estampado de texto en zona esquina",azul,retro,texto,esquina,0,2,7,2
"Diseño de camiseta: gráfico de calavera, color azul, estilo deportivo, posición espalda",azul,deportivo,calavera,espalda,0,0,1,1
"Quiero diseño de calavera en camiseta color azul, estilo minimalista, ubicado en pecho",azul,minimalista,calavera,pecho,0,1,1,3
"Diseñar camiseta: elemento gráfico montaña, color verde, estilo deportivo, ubicación centrado",verde,deportivo,montaña,centrado,5,0,5,0
"Camiseta con imagen de guitarra, color verde, estilo retro, posición pecho",verde,retro,guitarra,pecho,5,2,3,3
"Camiseta color rojo, estilo retro, con estampado de lobo en zona pecho",rojo,retro,lobo,pecho,4,2,4,3
"Diseño de camiseta: gráfico de montaña, color blanco, estilo deportivo, posición pecho",blanco,deportivo,montaña,pecho,1,0,5,3
"Diseñar camiseta: elemento gráfico automóvil, color azul, estilo deportivo, ubicación espalda",azul,deportivo,automóvil,espalda,0,0,0,1
"Camiseta con imagen de árbol, color rojo, estilo minimalista, posición pecho",rojo,minimalista,árbol,pecho,4,1,9,3
"Diseñar camiseta: elemento gráfico calavera, color blanco, estilo vintage, ubicación centrado",blanco,vintage,calavera,centrado,1,4,1,0
Camiseta de color gris con motivo retro de árbol en la zona esquina,gris,retro,árbol,esquina,2,2,9,2
"Diseño de camiseta: gráfico de árbol, color azul, estilo retro, posición esquina",azul,retro,árbol,esquina,0,2,9,2
Camiseta de color verde con motivo retro de calavera en la zona pecho,verde,retro,calavera,pecho,5,2,1,3
"Diseñar camiseta: elemento gráfico automóvil, color negro, estilo minimalista, ubicación pecho",negro,minimalista,automóvil,pecho,3,1,0,3
"Diseño de camiseta: gráfico de dragón, color rojo, estilo deportivo, posición esquina",rojo,deportivo,dragón,esquina,4,0,2,2
"Crear camiseta de estilo vintage con motivo de texto en color gris, zona centrado",gris,vintage,texto,centrado,2,4,7,0
"Diseñar camiseta: elemento gráfico águila, color blanco, estilo deportivo, ubicación centrado",blanco,deportivo,águila,centrado,1,0,8,0
"Diseño de camiseta: gráfico de sol, color negro, estilo retro, posición pecho",negro,retro,sol,pecho,3,2,6,3
"Quiero estampado de árbol en zona espalda, color negro, estilo deportivo",negro,deportivo,árbol,espalda,3,0,9,1
"Generar camiseta de estilo urbano, color verde, imagen de águila en zona esquina",verde,urbano,águila,esquina,5,3,8,2
"Necesito una camiseta con gráfico de calavera en zona centrado, color negro, estilo urbano",negro,urbano,calavera,centrado,3,3,1,0
"Camiseta de color verde, diseño de texto, estilo vintage, zona centrado",verde,vintage,texto,centrado,5,4,7,0
Camiseta de color gris con motivo deportivo de guitarra en la zona espalda,gris,deportivo,guitarra,espalda,2,0,3,1
"Diseño de camiseta: gráfico de calavera, color azul, estilo urbano, posición esquina",azul,urbano,calavera,esquina,0,3,1,2
"Camiseta con imagen de lobo, color negro, estilo retro, posición esquina",negro,retro,lobo,esquina,3,2,4,2
Camiseta de color negro con motivo vintage de águila en la zona esquina,negro,vintage,águila,esquina,3,4,8,2
"Quiero estampado de montaña en zona esquina, color gris, estilo retro",gris,retro,montaña,esquina,2,2,5,2
"Diseño de camiseta: gráfico de calavera, color rojo, estilo retro, posición centrado",rojo,retro,calavera,centrado,4,2,1,0
"Diseño de camiseta: gráfico de sol, color verde, estilo vintage, posición centrado",verde,vintage,sol,centrado,5,4,6,0
"Quiero una camiseta con diseño de sol en estilo minimalista, color rojo, posición esquina",rojo,minimalista,sol,esquina,4,1,6,2
"Quiero diseño de guitarra en camiseta color gris, estilo minimalista, ubicado en espalda",gris,minimalista,guitarra,espalda,2,1,3,1
"Quiero estampado de árbol en zona centrado, color blanco, estilo vintage",blanco,vintage,árbol,centrado,1,4,9,0
"Diseñar camiseta: elemento gráfico montaña, color azul, estilo urbano, ubicación espalda",azul,urbano,montaña,espalda,0,3,5,1
"Camiseta con imagen de árbol, color verde, estilo deportivo, posición espalda",verde,deportivo,árbol,espalda,5,0,9,1
"Quiero diseño de texto en camiseta color rojo, estilo deportivo, ubicado en pecho",rojo,deportivo,texto,pecho,4,0,7,3
"Camiseta color verde, estilo urbano, con estampado de dragón en zona centrado",verde,urbano,dragón,centrado,5,3,2,0
"Crear camiseta de estilo urbano con motivo de árbol en color rojo, zona esquina",rojo,urbano,árbol,esquina,4,3,9,2
"Camiseta con estampado de lobo, color principal blanco, estilo visual deportivo, zona centrado",blanco,deportivo,lobo,centrado,1,0,4,0
"Quiero una camiseta con diseño de montaña en estilo deportivo, color blanco, posición espalda",blanco,deportivo,montaña,espalda,1,0,5,1
"Camiseta con estampado de árbol, color principal negro, estilo visual deportivo, zona centrado",negro,deportivo,árbol,centrado,3,0,9,0
"Generar camiseta de estilo vintage, color rojo, imagen de lobo en zona esquina",rojo,vintage,lobo,esquina,4,4,4,2
"Camiseta color azul, estilo retro, con estampado de guitarra en zona centrado",azul,retro,guitarra,centrado,0,2,3,0
Camiseta de color azul con motivo vintage de montaña en la zona centrado,azul,vintage,montaña,centrado,0,4,5,0
"Camiseta con estampado de lobo, color principal gris, estilo visual vintage, zona centrado",gris,vintage,lobo,centrado,2,4,4,0
"Diseño de camiseta: gráfico de águila, color negro, estilo deportivo, posición espalda",negro,deportivo,águila,espalda,3,0,8,1
"Crear camiseta de estilo minimalista con motivo de montaña en color verde, zona centrado",verde,minimalista,montaña,centrado,5,1,5,0
"Crear camiseta de estilo retro con motivo de guitarra en color negro, zona esquina",negro,retro,guitarra,esquina,3,2,3,2
"Crear camiseta de estilo vintage con motivo de lobo en color azul, zona pecho",azul,vintage,lobo,pecho,0,4,4,3
"Camiseta color verde, estilo retro, con estampado de árbol en zona pecho",verde,retro,árbol,pecho,5,2,9,3
"Camiseta de color negro, diseño de montaña, estilo retro, zona pecho",negro,retro,montaña,pecho,3,2,5,3
"Camiseta color negro, estilo urbano, con estampado de calavera en zona pecho",negro,urbano,calavera,pecho,3,3,1,3
"Necesito una camiseta con gráfico de montaña en zona centrado, color gris, estilo vintage",gris,vintage,montaña,centrado,2,4,5,0
Camiseta de color verde con motivo vintage de montaña en la zona centrado,verde,vintage,montaña,centrado,5,4,5,0
"Quiero diseño de guitarra en camiseta color blanco, estilo minimalista, ubicado en pecho",blanco,minimalista,guitarra,pecho,1,1,3,3
"Necesito una camiseta con gráfico de texto en zona espalda, color negro, estilo retro",negro,retro,texto,espalda,3,2,7,1
"Diseño de camiseta: gráfico de guitarra, color azul, estilo retro, posición pecho",azul,retro,guitarra,pecho,0,2,3,3
"Quiero una camiseta con diseño de texto en estilo vintage, color gris, posición esquina",gris,vintage,texto,esquina,2,4,7,2
"Quiero estampado de automóvil en zona espalda, color gris, estilo urbano",gris,urbano,automóvil,espalda,2,3,0,1
"Camiseta de color verde, diseño de texto, estilo minimalista, zona pecho",verde,minimalista,texto,pecho,5,1,7,3
"Camiseta con estampado de dragón, color principal negro, estilo visual deportivo, zona pecho",negro,deportivo,dragón,pecho,3,0,2,3
"Diseño para camiseta: árbol en posición espalda, color verde, estilo visual retro",verde,retro,árbol,espalda,5,2,9,1
"Quiero diseño de dragón en camiseta color gris, estilo urbano, ubicado en esquina",gris,urbano,dragón,esquina,2,3,2,2
"Crear camiseta de estilo urbano con motivo de águila en color blanco, zona espalda",blanco,urbano,águila,espalda,1,3,8,1
"Generar camiseta de estilo deportivo, color azul, imagen de calavera en zona esquina",azul,deportivo,calavera,esquina,0,0,1,2
"Quiero estampado de sol en zona pecho, color negro, estilo minimalista",negro,minimalista,sol,pecho,3,1,6,3
"Quiero diseño de texto en camiseta color blanco, estilo vintage, ubicado en pecho",blanco,vintage,texto,pecho,1,4,7,3
"Camiseta con estampado de texto, color principal azul, estilo visual urbano, zona pecho",azul,urbano,texto,pecho,0,3,7,3
"Camiseta de color verde, diseño de árbol, estilo urbano, zona pecho",verde,urbano,árbol,pecho,5,3,9,3
"Camiseta de color blanco, diseño de automóvil, estilo minimalista, zona espalda",blanco,minimalista,automóvil,espalda,1,1,0,1
"Generar camiseta de estilo retro, color verde, imagen de lobo en zona centrado",verde,retro,lobo,centrado,5,2,4,0
"Diseño de camiseta: gráfico de dragón, color azul, estilo retro, posición espalda",azul,retro,dragón,espalda,0,2,2,1
"Diseño para camiseta: calavera en posición pecho, color negro, estilo visual retro",negro,retro,calavera,pecho,3,2,1,3
"Camiseta de color negro, diseño de guitarra, estilo deportivo, zona pecho",negro,deportivo,guitarra,pecho,3,0,3,3
"Diseño para camiseta: texto en posición espalda, color azul, estilo visual vintage",azul,vintage,texto,espalda,0,4,7,1
"Camiseta color azul, estilo urbano, con estampado de lobo en zona pecho",azul,urbano,lobo,pecho,0,3,4,3
"Crear camiseta de estilo deportivo con motivo de sol en color negro, zona espalda",negro,deportivo,sol,espalda,3,0,6,1
"Camiseta con imagen de automóvil, color azul, estilo vintage, posición centrado",azul,vintage,automóvil,centrado,0,4,0,0
"Camiseta color blanco, estilo deportivo, con estampado de lobo en zona espalda",blanco,deportivo,lobo,espalda,1,0,4,1
"Quiero estampado de águila en zona pecho, color blanco, estilo minimalista",blanco,minimalista,águila,pecho,1,1,8,3
"Camiseta color gris, estilo minimalista, con estampado de guitarra en zona pecho",gris,minimalista,guitarra,pecho,2,1,3,3
"Quiero diseño de lobo en camiseta color negro, estilo vintage, ubicado en esquina",negro,vintage,lobo,esquina,3,4,4,2
"Quiero estampado de calavera en zona esquina, color blanco, estilo vintage",blanco,vintage,calavera,esquina,1,4,1,2
"Camiseta con estampado de árbol, color principal gris, estilo visual vintage, zona esquina",gris,vintage,árbol,esquina,2,4,9,2
"Diseño de camiseta: gráfico de texto, color rojo, estilo vintage, posición centrado",rojo,vintage,texto,centrado,4,4,7,0
"Crear camiseta de estilo vintage con motivo de árbol en color azul, zona pecho",azul,vintage,árbol,pecho,0,4,9,3
"Quiero estampado de guitarra en zona esquina, color azul, estilo retro",azul,retro,guitarra,esquina,0,2,3,2
"Quiero estampado de águila en zona espalda, color blanco, estilo minimalista",blanco,minimalista,águila,espalda,1,1,8,1
"Diseño para camiseta: automóvil en posición esquina, color verde, estilo visual deportivo",verde,deportivo,automóvil,esquina,5,0,0,2
"Diseño para camiseta: dragón en posición esquina, color blanco, estilo visual vintage",blanco,vintage,dragón,esquina,1,4,2,2
"Necesito una camiseta con gráfico de lobo en zona espalda, color verde, estilo urbano",verde,urbano,lobo,espalda,5,3,4,1
"Quiero una camiseta con diseño de águila en estilo retro, color azul, posición pecho",azul,retro,águila,pecho,0,2,8,3
"Camiseta con estampado de montaña, color principal verde, estilo visual urbano, zona espalda",verde,urbano,montaña,espalda,5,3,5,1
"Camiseta de color blanco, diseño de dragón, estilo deportivo, zona esquina",blanco,deportivo,dragón,esquina,1,0,2,2
"Quiero una camiseta con diseño de automóvil en estilo minimalista, color gris, posición centrado",gris,minimalista,automóvil,centrado,2,1,0,0
"Camiseta con estampado de árbol, color principal gris, estilo visual retro, zona espalda",gris,retro,árbol,espalda,2,2,9,1
"Diseño de camiseta: gráfico de texto, color rojo, estilo minimalista, posición esquina",rojo,minimalista,texto,esquina,4,1,7,2
"Crear camiseta de estilo minimalista con motivo de automóvil en color verde, zona esquina",verde,minimalista,automóvil,esquina,5,1,0,2
"Diseño para camiseta: montaña en posición centrado, color gris, estilo visual deportivo",gris,deportivo,montaña,centrado,2,0,5,0
"Diseño para camiseta: calavera en posición centrado, color negro, estilo visual deportivo",negro,deportivo,calavera,centrado,3,0,1,0
"Camiseta color azul, estilo retro, con estampado de calavera en zona pecho",azul,retro,calavera,pecho,0,2,1,3
"Crear camiseta de estilo vintage con motivo de guitarra en color verde, zona espalda",verde,vintage,guitarra,espalda,5,4,3,1
"Necesito una camiseta con gráfico de árbol en zona pecho, color azul, estilo urbano",azul,urbano,árbol,pecho,0,3,9,3
"Camiseta con estampado de texto, color principal azul, estilo visual deportivo, zona espalda",azul,deportivo,texto,espalda,0,0,7,1
"Generar camiseta de estilo vintage, color verde, imagen de águila en zona espalda",verde,vintage,águila,espalda,5,4,8,1
"Quiero diseño de lobo en camiseta color azul, estilo vintage, ubicado en espalda",azul,vintage,lobo,espalda,0,4,4,1
"Diseñar camiseta: elemento gráfico montaña, color verde, estilo vintage, ubicación espalda",verde,vintage,montaña,espalda,5,4,5,1
"Diseño de camiseta: gráfico de texto, color blanco, estilo urbano, posición centrado",blanco,urbano,texto,centrado,1,3,7,0
"Diseñar camiseta: elemento gráfico guitarra, color negro, estilo minimalista, ubicación espalda",negro,minimalista,guitarra,espalda,3,1,3,1
"Quiero diseño de lobo en camiseta color azul, estilo retro, ubicado en pecho",azul,retro,lobo,pecho,0,2,4,3
"Camiseta color verde, estilo deportivo, con estampado de automóvil en zona esquina",verde,deportivo,automóvil,esquina,5,0,0,2
Camiseta de color gris con motivo minimalista de dragón en la zona pecho,gris,minimalista,dragón,pecho,2,1,2,3
"Camiseta con estampado de árbol, color principal verde, estilo visual minimalista, zona centrado",verde,minimalista,árbol,centrado,5,1,9,0
"Quiero diseño de águila en camiseta color rojo, estilo deportivo, ubicado en esquina",rojo,deportivo,águila,esquina,4,0,8,2
"Diseñar camiseta: elemento gráfico texto, color blanco, estilo urbano, ubicación esquina",blanco,urbano,texto,esquina,1,3,7,2
"Crear camiseta de estilo minimalista con motivo de lobo en color verde, zona esquina",verde,minimalista,lobo,esquina,5,1,4,2
"Camiseta de color rojo, diseño de dragón, estilo retro, zona esquina",rojo,retro,dragón,esquina,4,2,2,2
"Camiseta con imagen de lobo, color azul, estilo retro, posición centrado",azul,retro,lobo,centrado,0,2,4,0
"Camiseta de color gris, diseño de dragón, estilo urbano, zona espalda",gris,urbano,dragón,espalda,2,3,2,1
"Diseño para camiseta: montaña en posición espalda, color verde, estilo visual vintage",verde,vintage,montaña,espalda,5,4,5,1
"Camiseta con imagen de texto, color blanco, estilo urbano, posición esquina",blanco,urbano,texto,esquina,1,3,7,2
"Camiseta con imagen de guitarra, color gris, estilo retro, posición espalda",gris,retro,guitarra,espalda,2,2,3,1
"Necesito una camiseta con gráfico de árbol en zona esquina, color verde, estilo deportivo",verde,deportivo,árbol,esquina,5,0,9,2
"Diseño para camiseta: calavera en posición centrado, color blanco, estilo visual retro",blanco,retro,calavera,centrado,1,2,1,0
Camiseta de color blanco con motivo vintage de montaña en la zona centrado,blanco,vintage,montaña,centrado,1,4,5,0
"Diseño de camiseta: gráfico de sol, color negro, estilo urbano, posición pecho",negro,urbano,sol,pecho,3,3,6,3
"Camiseta con imagen de guitarra, color rojo, estilo vintage, posición espalda",rojo,vintage,guitarra,espalda,4,4,3,1
"Generar camiseta de estilo deportivo, color negro, imagen de guitarra en zona espalda",negro,deportivo,guitarra,espalda,3,0,3,1
"Diseñar camiseta: elemento gráfico lobo, color negro, estilo urbano, ubicación centrado",negro,urbano,lobo,centrado,3,3,4,0
"Quiero una camiseta con diseño de árbol en estilo minimalista, color verde, posición esquina",verde,minimalista,árbol,esquina,5,1,9,2
"Diseño de camiseta: gráfico de lobo, color blanco, estilo minimalista, posición esquina",blanco,minimalista,lobo,esquina,1,1,4,2
"Diseñar camiseta: elemento gráfico texto, color gris, estilo retro, ubicación esquina",gris,retro,texto,esquina,2,2,7,2
"Crear camiseta de estilo deportivo con motivo de guitarra en color negro, zona espalda",negro,deportivo,guitarra,espalda,3,0,3,1
"Crear camiseta de estilo retro con motivo de montaña en color rojo, zona espalda",rojo,retro,montaña,espalda,4,2,5,1
Camiseta de color verde con motivo urbano de lobo en la zona espalda,verde,urbano,lobo,espalda,5,3,4,1
"Camiseta con estampado de lobo, color principal rojo, estilo visual minimalista, zona pecho",rojo,minimalista,lobo,pecho,4,1,4,3
"Camiseta con estampado de lobo, color principal gris, estilo visual vintage, zona pecho",gris,vintage,lobo,pecho,2,4,4,3
"Quiero estampado de montaña en zona centrado, color blanco, estilo minimalista",blanco,minimalista,montaña,centrado,1,1,5,0
"Camiseta color azul, estilo deportivo, con estampado de guitarra en zona centrado",azul,deportivo,guitarra,centrado,0,0,3,0
"Quiero una camiseta con diseño de árbol en estilo deportivo, color gris, posición esquina",gris,deportivo,árbol,esquina,2,0,9,2
"Quiero una camiseta con diseño de lobo en estilo minimalista, color azul, posición pecho",azul,minimalista,lobo,pecho,0,1,4,3
"Quiero diseño de árbol en camiseta color blanco, estilo deportivo, ubicado en espalda",blanco,deportivo,árbol,espalda,1,0,9,1
"Camiseta color gris, estilo vintage, con estampado de texto en zona centrado",gris,vintage,texto,centrado,2,4,7,0
Camiseta de color verde con motivo vintage de sol en la zona esquina,verde,vintage,sol,esquina,5,4,6,2
"Generar camiseta de estilo urbano, color verde, imagen de calavera en zona esquina",verde,urbano,calavera,esquina,5,3,1,2
"Diseño de camiseta: gráfico de sol, color negro, estilo minimalista, posición espalda",negro,minimalista,sol,espalda,3,1,6,1
"Diseño para camiseta: águila en posición centrado, color negro, estilo visual urbano",negro,urbano,águila,centrado,3,3,8,0
"Camiseta color rojo, estilo vintage, con estampado de guitarra en zona esquina",rojo,vintage,guitarra,esquina,4,4,3,2
"Quiero una camiseta con diseño de lobo en estilo vintage, color negro, posición centrado",negro,vintage,lobo,centrado,3,4,4,0
"Necesito una camiseta con gráfico de automóvil en zona centrado, color negro, estilo deportivo",negro,deportivo,automóvil,centrado,3,0,0,0
"Crear camiseta de estilo minimalista con motivo de sol en color azul, zona espalda",azul,minimalista,sol,espalda,0,1,6,1
"Quiero estampado de texto en zona pecho, color azul, estilo deportivo",azul,deportivo,texto,pecho,0,0,7,3
"Camiseta color verde, estilo urbano, con estampado de montaña en zona esquina",verde,urbano,montaña,esquina,5,3,5,2
"Camiseta con estampado de calavera, color principal gris, estilo visual urbano, zona centrado",gris,urbano,calavera,centrado,2,3,1,0
"Necesito una camiseta con gráfico de lobo en zona esquina, color verde, estilo vintage",verde,vintage,lobo,esquina,5,4,4,2
"Quiero diseño de montaña en camiseta color rojo, estilo minimalista, ubicado en centrado",rojo,minimalista,montaña,centrado,4,1,5,0
"Diseño para camiseta: dragón en posición centrado, color blanco, estilo visual urbano",blanco,urbano,dragón,centrado,1,3,2,0
"Diseño de camiseta: gráfico de texto, color rojo, estilo vintage, posición espalda",rojo,vintage,texto,espalda,4,4,7,1
"Quiero estampado de automóvil en zona centrado, color blanco, estilo minimalista",blanco,minimalista,automóvil,centrado,1,1,0,0
Camiseta de color negro con motivo retro de guitarra en la zona espalda,negro,retro,guitarra,espalda,3,2,3,1
"Camiseta color negro, estilo deportivo, con estampado de texto en zona esquina",negro,deportivo,texto,esquina,3,0,7,2
"Quiero estampado de montaña en zona espalda, color gris, estilo deportivo",gris,deportivo,montaña,espalda,2,0,5,1
"Quiero estampado de sol en zona centrado, color blanco, estilo retro",blanco,retro,sol,centrado,1,2,6,0
"Camiseta de color gris, diseño de árbol, estilo minimalista, zona esquina",gris,minimalista,árbol,esquina,2,1,9,2
"Camiseta color gris, estilo minimalista, con estampado de águila en zona pecho",gris,minimalista,águila,pecho,2,1,8,3
"Crear camiseta de estilo urbano con motivo de lobo en color gris, zona espalda",gris,urbano,lobo,espalda,2,3,4,1
"Quiero diseño de árbol en camiseta color azul, estilo deportivo, ubicado en pecho",azul,deportivo,árbol,pecho,0,0,9,3
"Camiseta con estampado de automóvil, color principal gris, estilo visual urbano, zona espalda",gris,urbano,automóvil,espalda,2,3,0,1
"Necesito una camiseta con gráfico de texto en zona espalda, color blanco, estilo retro",blanco,retro,texto,espalda,1,2,7,1
"Necesito una camiseta con gráfico de dragón en zona esquina, color negro, estilo minimalista",negro,minimalista,dragón,esquina,3,1,2,2
"Quiero una camiseta con diseño de guitarra en estilo vintage, color gris, posición pecho",gris,vintage,guitarra,pecho,2,4,3,3
"Generar camiseta de estilo vintage, color gris, imagen de dragón en zona esquina",gris,vintage,dragón,esquina,2,4,2,2
"Diseño de camiseta: gráfico de texto, color verde, estilo retro, posición esquina",verde,retro,texto,esquina,5,2,7,2
"Necesito una camiseta con gráfico de calavera en zona pecho, color blanco, estilo vintage",blanco,vintage,calavera,pecho,1,4,1,3
"Quiero diseño de sol en camiseta color verde, estilo deportivo, ubicado en centrado",verde,deportivo,sol,centrado,5,0,6,0
"Camiseta con estampado de árbol, color principal rojo, estilo visual retro, zona centrado",rojo,retro,árbol,centrado,4,2,9,0
"Generar camiseta de estilo minimalista, color gris, imagen de dragón en zona pecho",gris,minimalista,dragón,pecho,2,1,2,3
"Necesito una camiseta con gráfico de automóvil en zona esquina, color negro, estilo vintage",negro,vintage,automóvil,esquina,3,4,0,2
"Camiseta con imagen de lobo, color azul, estilo deportivo, posición centrado",azul,deportivo,lobo,centrado,0,0,4,0
Camiseta de color negro con motivo retro de árbol en la zona pecho,negro,retro,árbol,pecho,3,2,9,3
"Camiseta con imagen de árbol, color blanco, estilo deportivo, posición centrado",blanco,deportivo,árbol,centrado,1,0,9,0
"Diseño de camiseta: gráfico de montaña, color gris, estilo vintage, posición esquina",gris,vintage,montaña,esquina,2,4,5,2
"Camiseta con imagen de automóvil, color verde, estilo minimalista, posición pecho",verde,minimalista,automóvil,pecho,5,1,0,3
"Quiero diseño de águila en camiseta color verde, estilo urbano, ubicado en espalda",verde,urbano,águila,espalda,5,3,8,1
"Diseño de camiseta: gráfico de montaña, color blanco, estilo deportivo, posición centrado",blanco,deportivo,montaña,centrado,1,0,5,0
"Camiseta con estampado de águila, color principal verde, estilo visual retro, zona centrado",verde,retro,águila,centrado,5,2,8,0
"Camiseta de color verde, diseño de dragón, estilo minimalista, zona espalda",verde,minimalista,dragón,espalda,5,1,2,1
"Camiseta con imagen de texto, color gris, estilo deportivo, posición pecho",gris,deportivo,texto,pecho,2,0,7,3
"Camiseta color gris, estilo minimalista, con estampado de texto en zona pecho",gris,minimalista,texto,pecho,2,1,7,3
"Crear camiseta de estilo urbano con motivo de montaña en color gris, zona centrado",gris,urbano,montaña,centrado,2,3,5,0
"Necesito una camiseta con gráfico de guitarra en zona esquina, color azul, estilo retro",azul,retro,guitarra,esquina,0,2,3,2
"Camiseta de color verde, diseño de calavera, estilo retro, zona espalda",verde,retro,calavera,espalda,5,2,1,1
"Crear camiseta de estilo minimalista con motivo de montaña en color negro, zona espalda",negro,minimalista,montaña,espalda,3,1,5,1
"Quiero diseño de dragón en camiseta color rojo, estilo vintage, ubicado en pecho",rojo,vintage,dragón,pecho,4,4,2,3
"Necesito una camiseta con gráfico de automóvil en zona pecho, color rojo, estilo minimalista",rojo,minimalista,automóvil,pecho,4,1,0,3
"Diseñar camiseta: elemento gráfico montaña, color rojo, estilo minimalista, ubicación esquina",rojo,minimalista,montaña,esquina,4,1,5,2
"Quiero diseño de montaña en camiseta color azul, estilo vintage, ubicado en espalda",azul,vintage,montaña,espalda,0,4,5,1
"Necesito una camiseta con gráfico de dragón en zona espalda, color rojo, estilo vintage",rojo,vintage,dragón,espalda,4,4,2,1
"Generar camiseta de estilo vintage, color verde, imagen de águila en zona esquina",verde,vintage,águila,esquina,5,4,8,2
"Camiseta con estampado de águila, color principal blanco, estilo visual urbano, zona esquina",blanco,urbano,águila,esquina,1,3,8,2
Camiseta de color azul con motivo retro de dragón en la zona centrado,azul,retro,dragón,centrado,0,2,2,0
"Quiero una camiseta con diseño de árbol en estilo retro, color gris, posición pecho",gris,retro,árbol,pecho,2,2,9,3
"Camiseta color blanco, estilo vintage, con estampado de lobo en zona centrado",blanco,vintage,lobo,centrado,1,4,4,0
"Quiero una camiseta con diseño de guitarra en estilo deportivo, color verde, posición pecho",verde,deportivo,guitarra,pecho,5,0,3,3
"Quiero estampado de árbol en zona centrado, color verde, estilo urbano",verde,urbano,árbol,centrado,5,3,9,0
"Camiseta con imagen de árbol, color gris, estilo deportivo, posición centrado",gris,deportivo,árbol,centrado,2,0,9,0
"Quiero una camiseta con diseño de árbol en estilo urbano, color azul, posición centrado",azul,urbano,árbol,centrado,0,3,9,0
"Camiseta con estampado de árbol, color principal negro, estilo visual minimalista, zona pecho",negro,minimalista,árbol,pecho,3,1,9,3
"Generar camiseta de estilo retro, color blanco, imagen de dragón en zona esquina",blanco,retro,dragón,esquina,1,2,2,2
"Diseño de camiseta: gráfico de guitarra, color blanco, estilo urbano, posición espalda",blanco,urbano,guitarra,espalda,1,3,3,1
"Diseñar camiseta: elemento gráfico dragón, color rojo, estilo urbano, ubicación pecho",rojo,urbano,dragón,pecho,4,3,2,3
"Crear camiseta de estilo urbano con motivo de texto en color rojo, zona esquina",rojo,urbano,texto,esquina,4,3,7,2
"Diseño para camiseta: automóvil en posición pecho, color verde, estilo visual deportivo",verde,deportivo,automóvil,pecho,5,0,0,3
"Quiero diseño de montaña en camiseta color azul, estilo minimalista, ubicado en espalda",azul,minimalista,montaña,espalda,0,1,5,1
"Diseño para camiseta: texto en posición centrado, color rojo, estilo visual minimalista",rojo,minimalista,texto,centrado,4,1,7,0
"Quiero una camiseta con diseño de dragón en estilo vintage, color blanco, posición centrado",blanco,vintage,dragón,centrado,1,4,2,0
"Camiseta color rojo, estilo minimalista, con estampado de águila en zona espalda",rojo,minimalista,águila,espalda,4,1,8,1
"Camiseta con estampado de automóvil, color principal gris, estilo visual deportivo, zona centrado",gris,deportivo,automóvil,centrado,2,0,0,0
"Camiseta con estampado de lobo, color principal blanco, estilo visual minimalista, zona centrado",blanco,minimalista,lobo,centrado,1,1,4,0
"Camiseta con imagen de lobo, color verde, estilo minimalista, posición esquina",verde,minimalista,lobo,esquina,5,1,4,2
"Diseño para camiseta: guitarra en posición esquina, color rojo, estilo visual retro",rojo,retro,guitarra,esquina,4,2,3,2
"Diseño para camiseta: sol en posición esquina, color rojo, estilo visual urbano",rojo,urbano,sol,esquina,4,3,6,2
"Necesito una camiseta con gráfico de dragón en zona esquina, color gris, estilo urbano",gris,urbano,dragón,esquina,2,3,2,2
"Quiero diseño de automóvil en camiseta color negro, estilo minimalista, ubicado en espalda",negro,minimalista,automóvil,espalda,3,1,0,1
"Camiseta de color gris, diseño de texto, estilo retro, zona espalda",gris,retro,texto,espalda,2,2,7,1
"Camiseta con estampado de texto, color principal blanco, estilo visual vintage, zona espalda",blanco,vintage,texto,espalda,1,4,7,1
"Camiseta con imagen de texto, color azul, estilo vintage, posición pecho",azul,vintage,texto,pecho,0,4,7,3
"Diseño para camiseta: sol en posición espalda, color rojo, estilo visual urbano",rojo,urbano,sol,espalda,4,3,6,1
"Quiero diseño de texto en camiseta color azul, estilo deportivo, ubicado en espalda",azul,deportivo,texto,espalda,0,0,7,1
"Quiero estampado de texto en zona centrado, color gris, estilo retro",gris,retro,texto,centrado,2,2,7,0
"Diseño de camiseta: gráfico de árbol, color blanco, estilo deportivo, posición esquina",blanco,deportivo,árbol,esquina,1,0,9,2
"Camiseta con imagen de automóvil, color gris, estilo minimalista, posición esquina",gris,minimalista,automóvil,esquina,2,1,0,2
"Generar camiseta de estilo minimalista, color rojo, imagen de dragón en zona pecho",rojo,minimalista,dragón,pecho,4,1,2,3
"Crear camiseta de estilo urbano con motivo de montaña en color blanco, zona esquina",blanco,urbano,montaña,esquina,1,3,5,2
"Diseño de camiseta: gráfico de árbol, color verde, estilo urbano, posición centrado",verde,urbano,árbol,centrado,5,3,9,0
"Camiseta con imagen de lobo, color blanco, estilo vintage, posición esquina",blanco,vintage,lobo,esquina,1,4,4,2
"Camiseta color blanco, estilo retro, con estampado de sol en zona espalda",blanco,retro,sol,espalda,1,2,6,1
"Camiseta con estampado de sol, color principal blanco, estilo visual deportivo, zona pecho",blanco,deportivo,sol,pecho,1,0,6,3
"Quiero diseño de calavera en camiseta color rojo, estilo retro, ubicado en esquina",rojo,retro,calavera,esquina,4,2,1,2
"Camiseta color verde, estilo minimalista, con estampado de montaña en zona esquina",verde,minimalista,montaña,esquina,5,1,5,2
"Necesito una camiseta con gráfico de águila en zona centrado, color blanco, estilo vintage",blanco,vintage,águila,centrado,1,4,8,0
"Diseño de camiseta: gráfico de águila, color verde, estilo deportivo, posición pecho",verde,deportivo,águila,pecho,5,0,8,3
"Quiero diseño de montaña en camiseta color negro, estilo urbano, ubicado en espalda",negro,urbano,montaña,espalda,3,3,5,1
"Quiero una camiseta con diseño de guitarra en estilo minimalista, color verde, posición espalda",verde,minimalista,guitarra,espalda,5,1,3,1
"Necesito una camiseta con gráfico de sol en zona pecho, color blanco, estilo vintage",blanco,vintage,sol,pecho,1,4,6,3
"Camiseta con imagen de sol, color blanco, estilo minimalista, posición pecho",blanco,minimalista,sol,pecho,1,1,6,3
"Camiseta de color negro, diseño de texto, estilo minimalista, zona pecho",negro,minimalista,texto,pecho,3,1,7,3
"Diseño de camiseta: gráfico de dragón, color rojo, estilo vintage, posición esquina",rojo,vintage,dragón,esquina,4,4,2,2
"Quiero una camiseta con diseño de automóvil en estilo urbano, color blanco, posición esquina",blanco,urbano,automóvil,esquina,1,3,0,2
"Diseñar camiseta: elemento gráfico guitarra, color verde, estilo vintage, ubicación centrado",verde,vintage,guitarra,centrado,5,4,3,0
"Camiseta color gris, estilo deportivo, con estampado de águila en zona centrado",gris,deportivo,águila,centrado,2,0,8,0
"Diseño de camiseta: gráfico de texto, color verde, estilo urbano, posición espalda",verde,urbano,texto,espalda,5,3,7,1
"Quiero una camiseta con diseño de guitarra en estilo retro, color blanco, posición centrado",blanco,retro,guitarra,centrado,1,2,3,0
"Camiseta con imagen de águila, color gris, estilo retro, posición pecho",gris,retro,águila,pecho,2,2,8,3
"Diseñar camiseta: elemento gráfico lobo, color blanco, estilo deportivo, ubicación esquina",blanco,deportivo,lobo,esquina,1,0,4,2
"Quiero una camiseta con diseño de lobo en estilo vintage, color rojo, posición esquina",rojo,vintage,lobo,esquina,4,4,4,2
"Camiseta color blanco, estilo retro, con estampado de montaña en zona esquina",blanco,retro,montaña,esquina,1,2,5,2
"Quiero diseño de montaña en camiseta color azul, estilo minimalista, ubicado en centrado",azul,minimalista,montaña,centrado,0,1,5,0
"Camiseta color gris, estilo vintage, con estampado de águila en zona pecho",gris,vintage,águila,pecho,2,4,8,3
"Quiero estampado de árbol en zona centrado, color negro, estilo deportivo",negro,deportivo,árbol,centrado,3,0,9,0
"Camiseta color negro, estilo deportivo, con estampado de lobo en zona pecho",negro,deportivo,lobo,pecho,3,0,4,3
"Quiero una camiseta con diseño de montaña en estilo urbano, color rojo, posición pecho",rojo,urbano,montaña,pecho,4,3,5,3
"Quiero estampado de texto en zona pecho, color gris, estilo urbano",gris,urbano,texto,pecho,2,3,7,3
"Diseño para camiseta: dragón en posición centrado, color negro, estilo visual deportivo",negro,deportivo,dragón,centrado,3,0,2,0
"Diseño para camiseta: águila en posición pecho, color negro, estilo visual retro",negro,retro,águila,pecho,3,2,8,3
"Crear camiseta de estilo deportivo con motivo de águila en color verde, zona pecho",verde,deportivo,águila,pecho,5,0,8,3
"Quiero estampado de águila en zona esquina, color rojo, estilo deportivo",rojo,deportivo,águila,esquina,4,0,8,2
"Quiero diseño de árbol en camiseta color azul, estilo retro, ubicado en pecho",azul,retro,árbol,pecho,0,2,9,3
"Quiero una camiseta con diseño de montaña en estilo urbano, color negro, posición esquina",negro,urbano,montaña,esquina,3,3,5,2
"Crear camiseta de estilo retro con motivo de sol en color blanco, zona esquina",blanco,retro,sol,esquina,1,2,6,2
Camiseta de color verde con motivo minimalista de dragón en la zona pecho,verde,minimalista,dragón,pecho,5,1,2,3
"Necesito una camiseta con gráfico de texto en zona centrado, color verde, estilo minimalista",verde,minimalista,texto,centrado,5,1,7,0
"Camiseta color gris, estilo vintage, con estampado de lobo en zona esquina",gris,vintage,lobo,esquina,2,4,4,2
"Quiero una camiseta con diseño de montaña en estilo deportivo, color rojo, posición esquina",rojo,deportivo,montaña,esquina,4,0,5,2
"Camiseta con estampado de dragón, color principal blanco, estilo visual minimalista, zona centrado",blanco,minimalista,dragón,centrado,1,1,2,0
"Quiero diseño de árbol en camiseta color verde, estilo retro, ubicado en centrado",verde,retro,árbol,centrado,5,2,9,0
"Diseño de camiseta: gráfico de automóvil, color verde, estilo minimalista, posición centrado",verde,minimalista,automóvil,centrado,5,1,0,0
"Necesito una camiseta con gráfico de árbol en zona espalda, color gris, estilo vintage",gris,vintage,árbol,espalda,2,4,9,1
"Camiseta color verde, estilo vintage, con estampado de águila en zona centrado",verde,vintage,águila,centrado,5,4,8,0
"Camiseta de color verde, diseño de dragón, estilo urbano, zona esquina",verde,urbano,dragón,esquina,5,3,2,2
"Camiseta con imagen de árbol, color rojo, estilo vintage, posición espalda",rojo,vintage,árbol,espalda,4,4,9,1
"Camiseta de color rojo, diseño de águila, estilo deportivo, zona espalda",rojo,deportivo,águila,espalda,4,0,8,1
"Diseño para camiseta: automóvil en posición centrado, color gris, estilo visual urbano",gris,urbano,automóvil,centrado,2,3,0,0
"Crear camiseta de estilo minimalista con motivo de guitarra en color rojo, zona pecho",rojo,minimalista,guitarra,pecho,4,1,3,3
Camiseta de color gris con motivo minimalista de montaña en la zona pecho,gris,minimalista,montaña,pecho,2,1,5,3
"Camiseta de color blanco, diseño de texto, estilo retro, zona centrado",blanco,retro,texto,centrado,1,2,7,0
"Camiseta con imagen de automóvil, color gris, estilo vintage, posición pecho",gris,vintage,automóvil,pecho,2,4,0,3
"Quiero estampado de texto en zona centrado, color negro, estilo urbano",negro,urbano,texto,centrado,3,3,7,0
"Quiero una camiseta con diseño de árbol en estilo deportivo, color azul, posición espalda",azul,deportivo,árbol,espalda,0,0,9,1
"Camiseta con estampado de sol, color principal gris, estilo visual retro, zona centrado",gris,retro,sol,centrado,2,2,6,0
"Diseño para camiseta: montaña en posición centrado, color rojo, estilo visual retro",rojo,retro,montaña,centrado,4,2,5,0
"Diseño para camiseta: dragón en posición espalda, color verde, estilo visual minimalista",verde,minimalista,dragón,espalda,5,1,2,1
"Generar camiseta de estilo vintage, color blanco, imagen de dragón en zona pecho",blanco,vintage,dragón,pecho,1,4,2,3
"Crear camiseta de estilo urbano con motivo de calavera en color rojo, zona pecho",rojo,urbano,calavera,pecho,4,3,1,3
"Quiero una camiseta con diseño de árbol en estilo minimalista, color blanco, posición pecho",blanco,minimalista,árbol,pecho,1,1,9,3
"Generar camiseta de estilo deportivo, color gris, imagen de águila en zona esquina",gris,deportivo,águila,esquina,2,0,8,2
"Necesito una camiseta con gráfico de guitarra en zona esquina, color rojo, estilo urbano",rojo,urbano,guitarra,esquina,4,3,3,2
Camiseta de color verde con motivo minimalista de guitarra en la zona espalda,verde,minimalista,guitarra,espalda,5,1,3,1
"Quiero una camiseta con diseño de águila en estilo minimalista, color verde, posición centrado",verde,minimalista,águila,centrado,5,1,8,0
"Diseñar camiseta: elemento gráfico árbol, color azul, estilo urbano, ubicación pecho",azul,urbano,árbol,pecho,0,3,9,3
"Camiseta con estampado de texto, color principal verde, estilo visual deportivo, zona esquina",verde,deportivo,texto,esquina,5,0,7,2
"Camiseta con estampado de águila, color principal blanco, estilo visual vintage, zona espalda",blanco,vintage,águila,espalda,1,4,8,1
"Generar camiseta de estilo urbano, color verde, imagen de calavera en zona espalda",verde,urbano,calavera,espalda,5,3,1,1
"Diseño de camiseta: gráfico de automóvil, color negro, estilo urbano, posición espalda",negro,urbano,automóvil,espalda,3,3,0,1
"Generar camiseta de estilo urbano, color verde, imagen de árbol en zona esquina",verde,urbano,árbol,esquina,5,3,9,2
"Crear camiseta de estilo retro con motivo de calavera en color azul, zona pecho",azul,retro,calavera,pecho,0,2,1,3
Camiseta de color rojo con motivo deportivo de montaña en la zona esquina,rojo,deportivo,montaña,esquina,4,0,5,2
"Camiseta con imagen de dragón, color blanco, estilo vintage, posición espalda",blanco,vintage,dragón,espalda,1,4,2,1
"Necesito una camiseta con gráfico de guitarra en zona pecho, color rojo, estilo urbano",rojo,urbano,guitarra,pecho,4,3,3,3
"Quiero una camiseta con diseño de texto en estilo vintage, color verde, posición pecho",verde,vintage,texto,pecho,5,4,7,3
"Quiero estampado de árbol en zona pecho, color gris, estilo retro",gris,retro,árbol,pecho,2,2,9,3
"Quiero diseño de montaña en camiseta color negro, estilo minimalista, ubicado en centrado",negro,minimalista,montaña,centrado,3,1,5,0
Camiseta de color negro con motivo minimalista de texto en la zona espalda,negro,minimalista,texto,espalda,3,1,7,1
"Generar camiseta de estilo retro, color verde, imagen de águila en zona centrado",verde,retro,águila,centrado,5,2,8,0
"Quiero diseño de árbol en camiseta color gris, estilo retro, ubicado en centrado",gris,retro,árbol,centrado,2,2,9,0
"Diseño para camiseta: águila en posición pecho, color blanco, estilo visual deportivo",blanco,deportivo,águila,pecho,1,0,8,3
"Quiero estampado de guitarra en zona esquina, color azul, estilo minimalista",azul,minimalista,guitarra,esquina,0,1,3,2
"Crear camiseta de estilo minimalista con motivo de calavera en color negro, zona espalda",negro,minimalista,calavera,espalda,3,1,1,1
"Necesito una camiseta con gráfico de texto en zona centrado, color blanco, estilo vintage",blanco,vintage,texto,centrado,1,4,7,0
"Quiero una camiseta con diseño de automóvil en estilo minimalista, color azul, posición pecho",azul,minimalista,automóvil,pecho,0,1,0,3
"Diseño de camiseta: gráfico de texto, color negro, estilo retro, posición espalda",negro,retro,texto,espalda,3,2,7,1
"Quiero una camiseta con diseño de montaña en estilo urbano, color blanco, posición pecho",blanco,urbano,montaña,pecho,1,3,5,3
"Diseño de camiseta: gráfico de dragón, color gris, estilo deportivo, posición centrado",gris,deportivo,dragón,centrado,2,0,2,0
"Camiseta de color blanco, diseño de texto, estilo urbano, zona espalda",blanco,urbano,texto,espalda,1,3,7,1
"Quiero estampado de guitarra en zona pecho, color rojo, estilo deportivo",rojo,deportivo,guitarra,pecho,4,0,3,3
"Diseño para camiseta: texto en posición pecho, color azul, estilo visual retro",azul,retro,texto,pecho,0,2,7,3
"Necesito una camiseta con gráfico de árbol en zona esquina, color rojo, estilo urbano",rojo,urbano,árbol,esquina,4,3,9,2
"Camiseta de color verde, diseño de texto, estilo deportivo, zona pecho",verde,deportivo,texto,pecho,5,0,7,3
"Crear camiseta de estilo minimalista con motivo de árbol en color negro, zona esquina",negro,minimalista,árbol,esquina,3,1,9,2
"Diseñar camiseta: elemento gráfico lobo, color rojo, estilo retro, ubicación esquina",rojo,retro,lobo,esquina,4,2,4,2
"Crear camiseta de estilo minimalista con motivo de calavera en color negro, zona centrado",negro,minimalista,calavera,centrado,3,1,1,0
"Quiero una camiseta con diseño de dragón en estilo deportivo, color blanco, posición espalda",blanco,deportivo,dragón,espalda,1,0,2,1
Camiseta de color rojo con motivo retro de calavera en la zona esquina,rojo,retro,calavera,esquina,4,2,1,2
Camiseta de color blanco con motivo urbano de árbol en la zona esquina,blanco,urbano,árbol,esquina,1,3,9,2
Camiseta de color blanco con motivo minimalista de montaña en la zona pecho,blanco,minimalista,montaña,pecho,1,1,5,3
"Necesito una camiseta con gráfico de águila en zona espalda, color blanco, estilo deportivo",blanco,deportivo,águila,espalda,1,0,8,1
"Quiero una camiseta con diseño de águila en estilo minimalista, color azul, posición espalda",azul,minimalista,águila,espalda,0,1,8,1
"Necesito una camiseta con gráfico de sol en zona esquina, color verde, estilo deportivo",verde,deportivo,sol,esquina,5,0,6,2
"Generar camiseta de estilo urbano, color blanco, imagen de lobo en zona espalda",blanco,urbano,lobo,espalda,1,3,4,1
"Camiseta con imagen de dragón, color gris, estilo minimalista, posición centrado",gris,minimalista,dragón,centrado,2,1,2,0
"Quiero una camiseta con diseño de guitarra en estilo urbano, color blanco, posición esquina",blanco,urbano,guitarra,esquina,1,3,3,2
"Quiero diseño de texto en camiseta color verde, estilo deportivo, ubicado en centrado",verde,deportivo,texto,centrado,5,0,7,0
"Diseño para camiseta: calavera en posición pecho, color blanco, estilo visual retro",blanco,retro,calavera,pecho,1,2,1,3
"Diseño de camiseta: gráfico de árbol, color negro, estilo minimalista, posición espalda",negro,minimalista,árbol,espalda,3,1,9,1
"Quiero diseño de sol en camiseta color azul, estilo retro, ubicado en esquina",azul,retro,sol,esquina,0,2,6,2
"Quiero diseño de sol en camiseta color verde, estilo vintage, ubicado en espalda",verde,vintage,sol,espalda,5,4,6,1
"Quiero una camiseta con diseño de lobo en estilo urbano, color rojo, posición espalda",rojo,urbano,lobo,espalda,4,3,4,1
"Diseñar camiseta: elemento gráfico dragón, color azul, estilo vintage, ubicación espalda",azul,vintage,dragón,espalda,0,4,2,1
"Diseñar camiseta: elemento gráfico lobo, color blanco, estilo vintage, ubicación pecho",blanco,vintage,lobo,pecho,1,4,4,3
"Quiero estampado de texto en zona pecho, color negro, estilo deportivo",negro,deportivo,texto,pecho,3,0,7,3
"Camiseta de color blanco, diseño de dragón, estilo retro, zona centrado",blanco,retro,dragón,centrado,1,2,2,0
"Diseño para camiseta: sol en posición esquina, color verde, estilo visual minimalista",verde,minimalista,sol,esquina,5,1,6,2
"Necesito una camiseta con gráfico de dragón en zona centrado, color negro, estilo urbano",negro,urbano,dragón,centrado,3,3,2,0
"Quiero una camiseta con diseño de guitarra en estilo urbano, color negro, posición esquina",negro,urbano,guitarra,esquina,3,3,3,2
"Necesito una camiseta con gráfico de calavera en zona espalda, color rojo, estilo deportivo",rojo,deportivo,calavera,espalda,4,0,1,1
"Quiero estampado de árbol en zona espalda, color azul, estilo vintage",azul,vintage,árbol,espalda,0,4,9,1
"Quiero una camiseta con diseño de águila en estilo retro, color azul, posición espalda",azul,retro,águila,espalda,0,2,8,1
"Crear camiseta de estilo deportivo con motivo de automóvil en color verde, zona espalda",verde,deportivo,automóvil,espalda,5,0,0,1
"Diseño de camiseta: gráfico de automóvil, color negro, estilo minimalista, posición pecho",negro,minimalista,automóvil,pecho,3,1,0,3
"Necesito una camiseta con gráfico de sol en zona esquina, color gris, estilo vintage",gris,vintage,sol,esquina,2,4,6,2
"Camiseta con imagen de águila, color negro, estilo deportivo, posición esquina",negro,deportivo,águila,esquina,3,0,8,2
"Generar camiseta de estilo retro, color azul, imagen de sol en zona pecho",azul,retro,sol,pecho,0,2,6,3
"Quiero diseño de automóvil en camiseta color rojo, estilo deportivo, ubicado en pecho",rojo,deportivo,automóvil,pecho,4,0,0,3
"Diseñar camiseta: elemento gráfico águila, color gris, estilo deportivo, ubicación espalda",gris,deportivo,águila,espalda,2,0,8,1
"Diseño de camiseta: gráfico de calavera, color azul, estilo minimalista, posición centrado",azul,minimalista,calavera,centrado,0,1,1,0
"Generar camiseta de estilo retro, color azul, imagen de guitarra en zona pecho",azul,retro,guitarra,pecho,0,2,3,3
"Camiseta con estampado de automóvil, color principal negro, estilo visual minimalista, zona esquina",negro,minimalista,automóvil,esquina,3,1,0,2
"Camiseta de color verde, diseño de dragón, estilo urbano, zona pecho",verde,urbano,dragón,pecho,5,3,2,3
"Necesito una camiseta con gráfico de dragón en zona centrado, color negro, estilo retro",negro,retro,dragón,centrado,3,2,2,0
"Necesito una camiseta con gráfico de lobo en zona pecho, color rojo, estilo retro",rojo,retro,lobo,pecho,4,2,4,3
"Camiseta color negro, estilo urbano, con estampado de texto en zona esquina",negro,urbano,texto,esquina,3,3,7,2
"Generar camiseta de estilo minimalista, color gris, imagen de sol en zona centrado",gris,minimalista,sol,centrado,2,1,6,0
"Diseño para camiseta: dragón en posición pecho, color negro, estilo visual retro",negro,retro,dragón,pecho,3,2,2,3
"Necesito una camiseta con gráfico de dragón en zona esquina, color gris, estilo minimalista",gris,minimalista,dragón,esquina,2,1,2,2
"Generar camiseta de estilo urbano, color negro, imagen de automóvil en zona espalda",negro,urbano,automóvil,espalda,3,3,0,1
"Diseño para camiseta: dragón en posición centrado, color azul, estilo visual vintage",azul,vintage,dragón,centrado,0,4,2,0
"Camiseta de color gris, diseño de guitarra, estilo urbano, zona pecho",gris,urbano,guitarra,pecho,2,3,3,3
"Crear camiseta de estilo retro con motivo de sol en color negro, zona esquina",negro,retro,sol,esquina,3,2,6,2
"Quiero una camiseta con diseño de árbol en estilo deportivo, color rojo, posición pecho",rojo,deportivo,árbol,pecho,4,0,9,3
"Camiseta de color rojo, diseño de guitarra, estilo vintage, zona pecho",rojo,vintage,guitarra,pecho,4,4,3,3
"Camiseta de color blanco, diseño de montaña, estilo urbano, zona centrado",blanco,urbano,montaña,centrado,1,3,5,0
"Generar camiseta de estilo minimalista, color rojo, imagen de automóvil en zona centrado",rojo,minimalista,automóvil,centrado,4,1,0,0
"Camiseta con estampado de montaña, color principal verde, estilo visual minimalista, zona esquina",verde,minimalista,montaña,esquina,5,1,5,2
"Quiero una camiseta con diseño de sol en estilo urbano, color negro, posición esquina",negro,urbano,sol,esquina,3,3,6,2
"Quiero una camiseta con diseño de sol en estilo urbano, color rojo, posición pecho",rojo,urbano,sol,pecho,4,3,6,3
"Camiseta con imagen de automóvil, color azul, estilo urbano, posición pecho",azul,urbano,automóvil,pecho,0,3,0,3
"Quiero una camiseta con diseño de guitarra en estilo minimalista, color blanco, posición centrado",blanco,minimalista,guitarra,centrado,1,1,3,0
Camiseta de color negro con motivo retro de árbol en la zona esquina,negro,retro,árbol,esquina,3,2,9,2
Camiseta de color negro con motivo deportivo de árbol en la zona pecho,negro,deportivo,árbol,pecho,3,0,9,3
"Diseñar camiseta: elemento gráfico lobo, color rojo, estilo vintage, ubicación espalda",rojo,vintage,lobo,espalda,4,4,4,1
"Camiseta con imagen de árbol, color blanco, estilo vintage, posición espalda",blanco,vintage,árbol,espalda,1,4,9,1
